ID_Equipo,Tipo_Equipo,Fabricante,Modelo,Potencia_kW,Horas_Recomendadas_Revision,Tipo_Mantenimiento,Quincena,Costo_Mantenimiento,Temperatura_C,Vibracion_mm_s,Horas_Operativas,horas_hasta_correctivo
1,0,2,6,173.0,913.0,0,1,1167888.0,99.43801080586805,9.995978791703848,114.41935483870968,798.5806451612904
1,0,2,6,173.0,913.0,0,2,1098304.0,99.84107209437528,9.995754567668044,119.94369973190348,793.0563002680965
1,0,2,6,173.0,913.0,0,3,49779.0,99.86535451470684,9.44618314058936,92.05263157894737,820.9473684210526
1,0,2,6,173.0,913.0,1,1,125154.0,98.81609042042396,9.985130905057977,496.31182795698925,416.68817204301075
1,0,2,6,173.0,913.0,1,2,165676.0,99.73486601905208,9.966471116600514,504.1466275659824,408.8533724340176
1,0,2,6,173.0,913.0,1,3,4728.0,93.50272349169587,9.69851025255673,632.2222222222222,280.77777777777777
2,0,2,6,173.0,913.0,0,1,39237.0,99.99678084212638,9.115976880328008,286.0,627.0
2,1,1,3,495.0,550.0,0,1,849060.0,99.8276095224936,9.963933026608135,95.18954248366013,454.81045751633985
2,1,1,3,495.0,550.0,0,2,960596.0,99.5701051046458,9.963487198878092,76.38005390835579,473.6199460916442
2,1,1,3,495.0,550.0,0,3,22623.0,86.62672440192891,9.940159903069544,91.63636363636364,458.3636363636364
2,1,1,3,495.0,550.0,1,1,198010.0,99.91754913971909,9.969991869083731,307.0074074074074,242.9925925925926
2,1,1,3,495.0,550.0,1,2,162812.0,99.88837597860024,9.95794326620974,274.40406976744185,275.59593023255815
2,1,1,3,495.0,550.0,1,3,7443.0,94.409559063059,7.426802468871961,283.88235294117646,266.11764705882354
3,1,1,3,495.0,550.0,0,1,8184.0,90.79623896881608,8.338065572174578,440.625,109.375
3,2,1,2,478.0,542.0,0,1,844466.0,99.95888106866556,9.989372019508105,84.75625,457.24375
3,2,1,2,478.0,542.0,0,2,820750.0,99.77653608054248,9.98338256813341,72.98427672955975,469.0157232704403
3,2,1,2,478.0,542.0,0,3,33594.0,96.0741081997823,9.186482361924783,86.07692307692308,455.9230769230769
3,2,1,2,478.0,542.0,1,1,205709.0,99.92433656056436,9.965581222280973,295.5215189873418,246.47848101265822
3,2,1,2,478.0,542.0,1,2,212287.0,99.79593343008266,9.992392838947474,327.2506329113924,214.74936708860758
3,2,1,2,478.0,542.0,1,3,7606.0,90.19445790555017,8.461539429266994,267.06666666666666,274.93333333333334
4,2,1,2,478.0,542.0,0,1,35048.0,98.00683460488928,8.497691338149949,327.0,215.0
4,3,0,7,373.0,637.0,0,1,1022032.0,99.38332783987234,9.879715894687136,80.93162393162393,556.0683760683761
4,3,0,7,373.0,637.0,0,2,927192.0,99.98082400293444,9.967176847909302,97.80909090909091,539.1909090909091
4,3,0,7,373.0,637.0,0,3,46328.0,85.12921270428431,9.688086811651871,118.2,518.8
4,3,0,7,373.0,637.0,1,1,198946.0,99.72489783961902,9.97780336347642,288.8698060941828,348.1301939058172
4,3,0,7,373.0,637.0,1,2,209861.0,99.4459510141726,9.993156204709768,312.656330749354,324.343669250646
4,3,0,7,373.0,637.0,1,3,6635.0,91.48714018472718,9.91273796201204,328.61538461538464,308.38461538461536
5,2,1,9,171.0,748.0,0,1,691412.0,99.5650834629046,9.985732753489456,94.56410256410257,653.4358974358975
5,2,1,9,171.0,748.0,0,2,850013.0,99.73708782984464,9.9709136235194,106.70446735395188,641.2955326460481
5,2,1,9,171.0,748.0,0,3,21937.0,87.38668068145263,9.249445636984143,133.75,614.25
5,2,1,9,171.0,748.0,1,1,280871.0,99.99130078163265,9.926448143177971,388.0468085106383,359.9531914893617
5,2,1,9,171.0,748.0,1,2,228878.0,99.98068591444672,9.99382527230486,400.83578431372547,347.16421568627453
5,2,1,9,171.0,748.0,1,3,9844.0,99.78691046123303,8.6938548856883,312.5263157894737,435.4736842105263
5,3,0,7,373.0,637.0,0,1,56608.0,90.60438370088168,9.798562813776416,239.375,397.625
5,3,0,7,373.0,637.0,0,2,53070.0,97.289153285865,9.04099627273302,439.26666666666665,197.73333333333332
5,3,0,7,373.0,637.0,0,3,3538.0,43.562968010707735,7.344393630212478,543.0,94.0
6,2,1,7,281.0,707.0,0,1,912315.0,99.84734652424495,9.997793384692422,96.58466453674122,610.4153354632588
6,2,1,7,281.0,707.0,0,2,920074.0,99.55172011843035,9.98164880237652,72.73776223776224,634.2622377622378
6,2,1,7,281.0,707.0,0,3,46310.0,95.93152694658752,9.928967839614714,81.85714285714286,625.1428571428571
6,2,1,7,281.0,707.0,1,1,193710.0,99.90180227651572,9.99786186507962,354.3040201005025,352.6959798994975
6,2,1,7,281.0,707.0,1,2,199866.0,99.90104365186866,9.999631906172514,337.26869158878503,369.73130841121497
6,2,1,7,281.0,707.0,1,3,5111.0,96.57439226960948,8.811727943128863,381.92857142857144,325.07142857142856
6,2,1,9,171.0,748.0,1,1,1936.0,89.98700321136346,9.988079990745735,122.54545454545455,625.4545454545455
7,1,3,0,310.0,971.0,0,1,1114513.0,99.97322023231423,9.95807168861458,117.21428571428571,853.7857142857143
7,1,3,0,310.0,971.0,0,2,1201309.0,99.57878544965789,9.933939167701102,107.10309278350516,863.8969072164948
7,1,3,0,310.0,971.0,0,3,51566.0,95.71759006405492,9.751127217462782,88.94117647058823,882.0588235294117
7,1,3,0,310.0,971.0,1,1,178337.0,99.2079436479713,9.980783893602952,471.5168195718654,499.4831804281346
7,1,3,0,310.0,971.0,1,2,190986.0,99.4811848243957,9.99225578436224,508.77672955974845,462.22327044025155
7,1,3,0,310.0,971.0,1,3,5423.0,87.07888087953951,8.94622306489627,409.45454545454544,561.5454545454545
7,2,1,7,281.0,707.0,0,1,40800.0,95.53176667848076,8.682696137353492,210.86666666666667,496.1333333333333
7,2,1,7,281.0,707.0,0,2,19040.0,94.245129555179,9.444432572825566,333.42857142857144,373.57142857142856
8,1,3,0,310.0,971.0,0,1,27816.0,90.8715248903836,9.843423211694612,762.8333333333334,208.16666666666666
8,3,1,1,300.0,579.0,0,1,809106.0,99.89588004745669,9.984144092045618,64.63636363636364,514.3636363636364
8,3,1,1,300.0,579.0,0,2,676088.0,99.4808965197848,9.98405763130223,81.80161943319838,497.19838056680163
8,3,1,1,300.0,579.0,0,3,18819.0,98.2976272920311,9.026448659559632,74.57142857142857,504.42857142857144
8,3,1,1,300.0,579.0,1,1,241937.0,99.91387103448471,9.949036651678046,308.6617647058824,270.3382352941176
8,3,1,1,300.0,579.0,1,2,287347.0,99.54489065725288,9.958936647938788,320.7264957264957,258.2735042735043
8,3,1,1,300.0,579.0,1,3,13475.0,93.71492430615528,9.805751742326253,353.6666666666667,225.33333333333334
9,0,2,4,494.0,682.0,0,1,1268541.0,99.33244269488146,9.998134737722724,109.76958525345623,572.2304147465438
9,0,2,4,494.0,682.0,0,2,932095.0,99.97400961831966,9.993167257212509,93.52212389380531,588.4778761061947
9,0,2,4,494.0,682.0,0,3,48093.0,88.23453259251131,9.43752136484799,92.6470588235294,589.3529411764706
9,0,2,4,494.0,682.0,1,1,154645.0,99.56109345095072,9.997107169831915,325.86062717770034,356.13937282229966
9,0,2,4,494.0,682.0,1,2,221825.0,99.76614454884546,9.99732063317014,330.0,352.0
9,0,2,4,494.0,682.0,1,3,5460.0,95.55445824045913,9.917981989633164,364.09090909090907,317.90909090909093
10,0,2,4,494.0,682.0,0,1,22776.0,75.14760407330257,9.702677319032636,687.1666666666666,-5.166666666666667
10,2,0,3,275.0,531.0,0,1,686025.0,99.77595351130758,9.96779538396919,66.89491525423729,464.1050847457627
10,2,0,3,275.0,531.0,0,2,852583.0,99.88030121311684,9.867900966526008,79.40764331210191,451.5923566878981
10,2,0,3,275.0,531.0,0,3,24774.0,99.06074022626473,8.804222486517238,78.0,453.0
10,2,0,3,275.0,531.0,1,1,257713.0,99.71573851948412,9.985078263321032,253.1611374407583,277.8388625592417
10,2,0,3,275.0,531.0,1,2,252374.0,99.8142717633947,9.964067981794337,259.44717444717446,271.55282555282554
10,2,0,3,275.0,531.0,1,3,10866.0,99.10759219056916,9.301957172013156,179.05555555555554,351.94444444444446
11,0,1,0,79.0,505.0,0,1,698226.0,99.6805952394165,9.942469683800558,77.20576131687243,427.79423868312756
11,0,1,0,79.0,505.0,0,2,903481.0,99.91614535549904,9.992370329602148,69.93769470404985,435.0623052959502
11,0,1,0,79.0,505.0,0,3,30250.0,93.88816235629062,9.8166383477869,99.45454545454545,405.54545454545456
11,0,1,0,79.0,505.0,1,1,292160.0,99.6145357964564,9.997725774534905,301.03966597077243,203.96033402922757
11,0,1,0,79.0,505.0,1,2,230526.0,99.87412456506658,9.974450243664148,297.5204081632653,207.4795918367347
11,0,1,0,79.0,505.0,1,3,9533.0,97.66470593474796,8.3166476697389,349.94117647058823,155.05882352941177
11,2,0,3,275.0,531.0,1,1,840.0,66.57603971135947,6.93113558293529,459.0,72.0
12,0,1,0,79.0,505.0,1,1,214.0,28.78245229014964,1.8069228928340288,224.0,281.0
12,2,0,5,305.0,544.0,0,1,798866.0,99.95148962430083,9.94277645313421,81.90384615384616,462.09615384615387
12,2,0,5,305.0,544.0,0,2,800183.0,99.7320397197592,9.994099382866803,78.98220640569394,465.01779359430606
12,2,0,5,305.0,544.0,0,3,26188.0,85.75438909291643,9.019067167854452,87.11111111111111,456.8888888888889
12,2,0,5,305.0,544.0,1,1,254193.0,99.8911899602122,9.999364888574751,382.53362255965294,161.46637744034706
12,2,0,5,305.0,544.0,1,2,218087.0,99.9263413863515,9.990774579558092,403.83101851851853,140.1689814814815
12,2,0,5,305.0,544.0,1,3,10527.0,95.46523675224664,9.953522423010975,394.2631578947368,149.73684210526315
13,2,0,5,305.0,544.0,1,1,6500.0,98.55292144671404,9.401830267733274,342.95,201.05
13,2,0,5,305.0,544.0,1,2,4875.0,98.57557738840237,9.393564991031864,435.6666666666667,108.33333333333333
13,2,0,5,305.0,544.0,1,3,325.0,54.25671255334992,0.2531318617038014,530.0,14.0
13,3,1,1,237.0,953.0,0,1,1287893.0,99.76391312605412,9.98454455931596,135.04597701149424,817.9540229885057
13,3,1,1,237.0,953.0,0,2,1327433.0,99.85309274245512,9.989067555887363,147.52702702702703,805.472972972973
13,3,1,1,237.0,953.0,0,3,58092.0,99.60643709362408,8.433158799652112,108.73684210526316,844.2631578947369
13,3,1,1,237.0,953.0,1,1,149774.0,99.86389483832144,9.999243345671449,432.0377358490566,520.9622641509434
13,3,1,1,237.0,953.0,1,2,153878.0,99.97265067646264,9.998153698621897,379.88235294117646,573.1176470588235
13,3,1,1,237.0,953.0,1,3,4433.0,96.88041242369908,4.78966756027301,419.5,533.5
14,1,1,0,211.0,806.0,0,1,958393.0,99.82658338394428,9.994109980788169,125.41133004926108,680.5886699507389
14,1,1,0,211.0,806.0,0,2,1045022.0,99.662211276397,9.997134745360096,134.67741935483872,671.3225806451613
14,1,1,0,211.0,806.0,0,3,32044.0,98.68275224396862,9.685088859259544,122.66666666666667,683.3333333333334
14,1,1,0,211.0,806.0,1,1,193252.0,99.81709124148308,9.977028380906502,467.9213114754098,338.0786885245902
14,1,1,0,211.0,806.0,1,2,163703.0,98.85162554798195,9.988895963494942,467.5373665480427,338.4626334519573
14,1,1,0,211.0,806.0,1,3,7162.0,86.3328903791989,9.442817207002731,376.0769230769231,429.9230769230769
14,3,1,1,237.0,953.0,0,1,13060.0,99.44717364464424,9.59490415779512,758.3,194.7
15,1,1,0,211.0,806.0,0,1,3377.0,88.64101711999547,3.548232560301309,536.0,270.0
15,2,0,2,283.0,891.0,0,1,1127101.0,99.66288894908986,9.982573918736849,107.86397984886649,783.1360201511335
15,2,0,2,283.0,891.0,0,2,1287464.0,99.98596444399176,9.953169025432492,110.6946386946387,780.3053613053613
15,2,0,2,283.0,891.0,0,3,38990.0,95.46941138781708,9.921476496551527,103.0,788.0
15,2,0,2,283.0,891.0,1,1,170304.0,98.9824831334044,9.937544168090946,355.4738461538462,535.5261538461539
15,2,0,2,283.0,891.0,1,2,150630.0,99.68930948589627,9.976953409674648,327.58947368421053,563.4105263157895
15,2,0,2,283.0,891.0,1,3,7214.0,91.39939840897232,8.153360318028964,346.53846153846155,544.4615384615385
16,1,3,6,457.0,802.0,0,1,907235.0,99.86636222601224,9.989294148403657,99.20053475935829,702.7994652406417
16,1,3,6,457.0,802.0,0,2,954667.0,99.91761748458894,9.99453755607339,94.70418848167539,707.2958115183246
16,1,3,6,457.0,802.0,0,3,39845.0,91.65140263836884,9.759927323907116,80.14285714285714,721.8571428571429
16,1,3,6,457.0,802.0,1,1,186597.0,99.56353215464992,9.884480915598228,324.62048192771084,477.37951807228916
16,1,3,6,457.0,802.0,1,2,187452.0,99.71307919082308,9.995803792379558,326.9452887537994,475.0547112462006
16,1,3,6,457.0,802.0,1,3,7894.0,90.47313443808603,9.55507517811558,395.0,407.0
16,2,0,2,283.0,891.0,0,1,33990.0,95.73534014752715,8.56442135356535,787.9333333333333,103.06666666666666
16,2,0,2,283.0,891.0,0,2,4532.0,47.77106928623389,5.722422273102161,831.5,59.5
17,1,3,6,457.0,802.0,0,1,31308.0,97.42287771090136,9.461464404292984,655.1666666666666,146.83333333333334
17,2,2,9,467.0,762.0,0,1,868834.0,99.3191861082697,9.972266947472606,86.76524390243902,675.234756097561
17,2,2,9,467.0,762.0,0,2,993425.0,99.7842342285942,9.958448382028148,107.86849315068493,654.1315068493151
17,2,2,9,467.0,762.0,0,3,37284.0,99.35599091332494,9.28801909158632,81.61538461538461,680.3846153846154
17,2,2,9,467.0,762.0,1,1,220494.0,98.90302144577696,9.976376452330143,381.62631578947367,380.37368421052633
17,2,2,9,467.0,762.0,1,2,185666.0,99.91316738647456,9.956035487880884,394.7413793103448,367.2586206896552
17,2,2,9,467.0,762.0,1,3,8308.0,99.22496221461056,8.6270611968637,340.3333333333333,421.6666666666667
18,2,2,8,446.0,921.0,0,1,1260089.0,99.57600603562535,9.965745091504765,109.2860465116279,811.7139534883721
18,2,2,8,446.0,921.0,0,2,1075436.0,99.63821096737033,9.98064534643311,108.25388601036269,812.7461139896373
18,2,2,8,446.0,921.0,0,3,52784.0,99.1908133537156,9.970024867752768,100.44444444444444,820.5555555555555
18,2,2,8,446.0,921.0,1,1,133566.0,99.95707094090494,9.828013396247805,432.45487364620936,488.54512635379064
18,2,2,8,446.0,921.0,1,2,158548.0,99.95210011791808,9.990470650692664,457.38198757763973,463.61801242236027
18,2,2,8,446.0,921.0,1,3,4537.0,99.93495655074815,9.98169575511794,571.0,350.0
18,2,2,9,467.0,762.0,1,1,8925.0,99.9952303555768,9.688752339246925,628.0666666666667,133.93333333333334
18,2,2,9,467.0,762.0,1,2,3570.0,98.20472653269836,9.155657490336548,738.0,24.0
19,2,1,3,428.0,542.0,0,1,583480.0,99.77231162720624,9.999861261438792,84.66115702479338,457.3388429752066
19,2,1,3,428.0,542.0,0,2,764323.0,99.57594378980698,9.977294038268958,66.96389891696751,475.03610108303246
19,2,1,3,428.0,542.0,0,3,28257.0,99.456301214801,8.26225419893108,82.0,460.0
19,2,1,3,428.0,542.0,1,1,268543.0,99.86958442086087,9.98900527801634,332.76889848812095,209.23110151187905
19,2,1,3,428.0,542.0,1,2,251287.0,99.90894335598205,9.99781298168658,365.1247113163972,176.87528868360278
19,2,1,3,428.0,542.0,1,3,9432.0,92.5824193741077,9.836174901569398,363.88235294117646,178.11764705882354
19,2,2,8,446.0,921.0,0,1,64530.0,95.5567602464788,9.160898189409156,421.93333333333334,499.06666666666666
19,2,2,8,446.0,921.0,0,2,17208.0,99.45118996413332,9.648956170044563,553.25,367.75
20,2,1,3,428.0,542.0,0,1,2131.0,46.8218878106333,6.6484142654719856,620.0,-78.0
20,2,1,6,453.0,842.0,0,1,1122604.0,99.64003072794824,9.999880680308369,105.76708860759494,736.2329113924051
20,2,1,6,453.0,842.0,0,2,1102101.0,99.95648851266034,9.956177972898775,112.34771573604061,729.6522842639594
20,2,1,6,453.0,842.0,0,3,41324.0,96.99265072565068,8.422181680252574,61.733333333333334,780.2666666666667
20,2,1,6,453.0,842.0,1,1,174439.0,99.92781497276476,9.976539266184968,254.53353658536585,587.4664634146342
20,2,1,6,453.0,842.0,1,2,159316.0,99.6108157889215,9.927198121756971,292.2163009404389,549.7836990595612
20,2,1,6,453.0,842.0,1,3,7253.0,95.54993046235133,9.960243274075488,269.38461538461536,572.6153846153846
21,0,1,9,400.0,862.0,0,1,1024251.0,99.26212150812634,9.994512087299285,117.61988304093568,744.3801169590644
21,0,1,9,400.0,862.0,0,2,975864.0,99.99699517231332,9.993138823229652,126.23123123123123,735.7687687687687
21,0,1,9,400.0,862.0,0,3,30404.0,94.03413010213583,9.954066000763104,127.1,734.9
21,0,1,9,400.0,862.0,1,1,187091.0,99.34690716651144,9.978201317283093,428.02486187845307,433.97513812154693
21,0,1,9,400.0,862.0,1,2,191893.0,99.89257046781032,9.975421636542936,428.9672131147541,433.0327868852459
21,0,1,9,400.0,862.0,1,3,8150.0,98.755331888018,9.846432614875424,403.94117647058823,458.05882352941177
21,2,1,6,453.0,842.0,0,1,51918.0,88.27210595988402,9.523240315608549,498.6470588235294,343.3529411764706
21,2,1,6,453.0,842.0,0,2,45810.0,99.47637045997604,9.934827101738472,643.3333333333334,198.66666666666666
21,2,1,6,453.0,842.0,0,3,3054.0,75.75562415772114,4.89669399350233,746.0,96.0
22,0,1,9,400.0,862.0,1,1,700.0,95.75474685122477,6.4053407157938524,407.2,454.8
22,2,2,4,164.0,672.0,0,1,983953.0,99.73504557239345,9.922915669061917,94.27882037533512,577.7211796246648
22,2,2,4,164.0,672.0,0,2,939077.0,99.97960606938582,9.988123246647891,113.74931129476585,558.2506887052342
22,2,2,4,164.0,672.0,0,3,40438.0,93.3506782711987,9.90770964558226,97.5,574.5
22,2,2,4,164.0,672.0,1,1,192752.0,99.79000130162328,9.979362247295958,339.3411078717201,332.6588921282799
22,2,2,4,164.0,672.0,1,2,210948.0,99.80748019204496,9.947087365795204,343.18465909090907,328.81534090909093
22,2,2,4,164.0,672.0,1,3,7147.0,88.98814295343104,9.23564667457111,410.4166666666667,261.5833333333333
23,0,1,4,398.0,573.0,0,1,726567.0,99.60660688046802,9.995227358909627,95.88593155893535,477.11406844106466
23,0,1,4,398.0,573.0,0,2,773428.0,99.27471295935412,9.99218668994624,60.96442687747036,512.0355731225296
23,0,1,4,398.0,573.0,0,3,29487.0,89.25973659355944,9.53548452807332,69.81818181818181,503.1818181818182
23,0,1,4,398.0,573.0,1,1,223086.0,99.76089332065006,9.933434174109191,367.96674057649665,205.03325942350332
23,0,1,4,398.0,573.0,1,2,225628.0,99.99529750400838,9.980169226153016,366.80652173913046,206.19347826086957
23,0,1,4,398.0,573.0,1,3,9581.0,88.18819327560263,9.509410088530425,321.52941176470586,251.47058823529412
23,2,2,4,164.0,672.0,1,1,812.0,80.50246765168538,6.04783472706544,245.0,427.0
24,0,1,4,398.0,573.0,1,1,5350.0,93.08039138531652,9.942778805489963,556.1,16.9
24,2,2,0,485.0,978.0,0,1,1281138.0,99.90526261491476,9.971329017107507,103.09053497942386,874.9094650205761
24,2,2,0,485.0,978.0,0,2,1222732.0,99.57994829637587,9.99906401079886,115.80549199084668,862.1945080091533
24,2,2,0,485.0,978.0,0,3,42411.0,99.71455313776951,9.031715541882496,67.05555555555556,910.9444444444445
24,2,2,0,485.0,978.0,1,1,116234.0,99.86498581033464,9.992247978558789,419.5111111111111,558.4888888888889
24,2,2,0,485.0,978.0,1,2,134540.0,99.78297811286482,9.993905250810398,308.8953068592058,669.1046931407942
24,2,2,0,485.0,978.0,1,3,5431.0,94.87499706915744,9.825014562715417,306.3,671.7
25,0,1,4,249.0,585.0,0,1,835631.0,99.97438994893284,9.985987890677936,81.61279461279462,503.38720538720537
25,0,1,4,249.0,585.0,0,2,812333.0,99.96553318416083,9.983374467301545,68.4006734006734,516.5993265993266
25,0,1,4,249.0,585.0,0,3,25298.0,83.82615394148533,9.97368479333248,75.0,510.0
25,0,1,4,249.0,585.0,1,1,238903.0,99.44741401188826,9.999893664655556,286.88729016786573,298.11270983213427
25,0,1,4,249.0,585.0,1,2,219920.0,99.96939426778152,9.9961333566533,283.5769230769231,301.4230769230769
25,0,1,4,249.0,585.0,1,3,10295.0,96.8797198825344,9.18851915707475,247.22222222222223,337.77777777777777
25,2,2,0,485.0,978.0,0,1,5580.0,94.63098037596936,9.948596163068643,551.3333333333334,426.6666666666667
26,0,1,4,249.0,585.0,1,1,7530.0,91.13714884331326,9.962401139765324,665.6,-80.6
26,0,1,4,249.0,585.0,1,2,4016.0,90.12871036474544,9.942027794102671,789.625,-204.625
26,2,1,8,62.0,549.0,0,1,859005.0,99.84019358514269,9.989375254840514,76.98884758364312,472.0111524163569
26,2,1,8,62.0,549.0,0,2,795101.0,99.75125409455272,9.895003545031887,73.92337164750958,475.07662835249045
26,2,1,8,62.0,549.0,0,3,38407.0,94.74973575155737,9.85341153121056,49.5,499.5
26,2,1,8,62.0,549.0,1,1,218466.0,99.906154101638,9.976115859457712,327.10502283105023,221.89497716894977
26,2,1,8,62.0,549.0,1,2,223707.0,99.49656217997402,9.998119181072674,355.0179372197309,193.98206278026905
26,2,1,8,62.0,549.0,1,3,6287.0,96.00833101056052,9.787221564562223,484.5625,64.4375
27,2,1,8,62.0,549.0,1,1,3530.0,98.16581317251196,8.561848078932096,73.4,475.6
27,3,0,5,73.0,820.0,0,1,942671.0,99.99571429274816,9.900093756523216,96.89910979228486,723.1008902077151
27,3,0,5,73.0,820.0,0,2,851655.0,99.39454694000452,9.954076031845258,96.94444444444444,723.0555555555555
27,3,0,5,73.0,820.0,0,3,35073.0,95.63966648066922,9.90475493136956,118.85714285714286,701.1428571428571
27,3,0,5,73.0,820.0,1,1,232275.0,99.449150820466,9.985468318791002,442.15817694369974,377.84182305630026
27,3,0,5,73.0,820.0,1,2,216920.0,99.99705083041052,9.950437481966503,440.9676549865229,379.0323450134771
27,3,0,5,73.0,820.0,1,3,7928.0,94.415932173027,9.244245885963402,521.4285714285714,298.57142857142856
28,0,3,1,164.0,584.0,0,1,920326.0,99.83826840771071,9.979530995549815,102.23561643835616,481.76438356164385
28,0,3,1,164.0,584.0,0,2,942184.0,99.7690574447504,9.918567251581427,83.4608938547486,500.5391061452514
28,0,3,1,164.0,584.0,0,3,40171.0,95.3637159943312,9.26854156408228,98.875,485.125
28,0,3,1,164.0,584.0,1,1,166089.0,99.69870710590688,9.991472129241796,283.6482558139535,300.3517441860465
28,0,3,1,164.0,584.0,1,2,193580.0,99.97678948254172,9.956405231790963,295.90168539325845,288.09831460674155
28,0,3,1,164.0,584.0,1,3,4775.0,96.707255369978,9.56618227139144,263.25,320.75
28,3,0,5,73.0,820.0,0,1,29370.0,98.75003328795812,7.95636015533641,517.8181818181819,302.1818181818182
29,0,3,1,164.0,584.0,0,1,18984.0,91.83092153374794,9.834849678558044,659.6666666666666,-75.66666666666667
29,0,3,1,164.0,584.0,0,2,13560.0,96.90426090439092,9.554298385551704,741.4666666666667,-157.46666666666667
29,0,3,1,164.0,584.0,0,3,904.0,62.14975835179752,4.453413679452535,846.0,-262.0
29,2,1,4,453.0,948.0,0,1,979987.0,99.96232503475726,9.939607819011568,135.14503816793894,812.8549618320611
29,2,1,4,453.0,948.0,0,2,1230862.0,99.86413204932632,9.985913093743266,112.62971175166297,835.370288248337
29,2,1,4,453.0,948.0,0,3,40613.0,95.31891795942826,9.224088816849664,114.0,834.0
29,2,1,4,453.0,948.0,1,1,164139.0,99.19769003082438,9.998891617451864,387.3954248366013,560.6045751633987
29,2,1,4,453.0,948.0,1,2,144946.0,99.93000522333692,9.976491397041563,404.38709677419354,543.6129032258065
29,2,1,4,453.0,948.0,1,3,5566.0,99.81589520587347,8.96974004154843,419.84615384615387,528.1538461538462
30,1,3,8,425.0,730.0,0,1,1124317.0,99.81276698274787,9.987827412460843,102.06280193236715,627.9371980676328
30,1,3,8,425.0,730.0,0,2,1019838.0,99.80210551915336,9.982493876604993,81.31005586592178,648.6899441340782
30,1,3,8,425.0,730.0,0,3,52848.0,97.875719063818,9.239235702253517,80.21052631578948,649.7894736842105
30,1,3,8,425.0,730.0,1,1,183853.0,99.63985594421705,9.976555592980452,337.2866894197952,392.7133105802048
30,1,3,8,425.0,730.0,1,2,225615.0,99.3015018823616,9.997531630525335,333.7521865889213,396.2478134110787
30,1,3,8,425.0,730.0,1,3,6432.0,96.52426535621206,8.673489702617536,367.1111111111111,362.8888888888889
30,2,1,4,453.0,948.0,0,1,24435.0,97.05766461712346,9.867611660097271,160.13333333333333,787.8666666666667
30,2,1,4,453.0,948.0,0,2,19548.0,56.94373259202143,8.92648973404285,331.1666666666667,616.8333333333334
31,1,3,8,425.0,730.0,0,1,66420.0,83.7279590943449,9.163648290780626,780.5333333333333,-50.53333333333333
31,1,3,8,425.0,730.0,0,2,61992.0,98.44824749460705,9.600703092571656,1001.3571428571429,-271.35714285714283
31,3,2,0,378.0,770.0,0,1,963012.0,99.85770166335364,9.984343052806484,100.67069486404834,669.3293051359517
31,3,2,0,378.0,770.0,0,2,1024808.0,99.8951624967753,9.96744045462136,104.22752808988764,665.7724719101124
31,3,2,0,378.0,770.0,0,3,35162.0,96.81431887944969,9.41200603676612,93.07692307692308,676.9230769230769
31,3,2,0,378.0,770.0,1,1,182481.0,99.80164394494946,9.99834208176435,330.27659574468083,439.72340425531917
31,3,2,0,378.0,770.0,1,2,170604.0,99.00814553433804,9.958781339161485,373.96802325581393,396.03197674418607
31,3,2,0,378.0,770.0,1,3,6985.0,96.28789367929852,9.671917279904582,402.93333333333334,367.06666666666666
32,3,0,5,265.0,590.0,0,1,749638.0,99.49722749217352,9.913180888839957,77.0446735395189,512.955326460481
32,3,0,5,265.0,590.0,0,2,655673.0,99.79734036509709,9.85980239832957,78.73476702508961,511.2652329749104
32,3,0,5,265.0,590.0,0,3,18284.0,98.2915810144732,8.284635228024124,87.42857142857143,502.57142857142856
32,3,0,5,265.0,590.0,1,1,233873.0,99.99772090918324,9.971304467360412,292.4313253012048,297.5686746987952
32,3,0,5,265.0,590.0,1,2,237501.0,99.91161695537164,9.994768472410202,294.64858490566036,295.35141509433964
32,3,0,5,265.0,590.0,1,3,12017.0,97.75038737117072,8.276018832966868,284.14285714285717,305.85714285714283
32,3,2,0,378.0,770.0,1,1,8985.0,94.55581995719064,9.861151369361586,216.93333333333334,553.0666666666667
32,3,2,0,378.0,770.0,1,2,6589.0,92.11086569810968,9.543414345363274,320.3636363636364,449.6363636363636
33,1,3,6,322.0,642.0,0,1,1001185.0,99.8413337457508,9.999811241012548,98.71301775147928,543.2869822485208
33,1,3,6,322.0,642.0,0,2,1003483.0,99.52161118911653,9.958170428923848,82.22118380062305,559.7788161993769
33,1,3,6,322.0,642.0,0,3,39935.0,98.41675038806036,9.689957585472175,94.38461538461539,547.6153846153846
33,1,3,6,322.0,642.0,1,1,194817.0,99.99653810691524,9.994644003235445,350.9569892473118,291.0430107526882
33,1,3,6,322.0,642.0,1,2,194284.0,99.6626352627083,9.990571514457908,309.89620253164554,332.10379746835446
33,1,3,6,322.0,642.0,1,3,8477.0,86.83022677744303,9.831167574398448,278.46666666666664,363.53333333333336
33,3,0,5,265.0,590.0,1,1,9060.0,95.31139259440948,9.303633383312722,732.9166666666666,-142.91666666666666
34,1,3,6,322.0,642.0,0,1,46710.0,97.77859859078424,9.129586599515983,394.53333333333336,247.46666666666667
34,1,3,6,322.0,642.0,0,2,6228.0,24.521428969908445,5.859925182203385,479.0,163.0
34,2,3,3,383.0,654.0,0,1,1136661.0,99.66983421579212,9.943367402216513,82.94601542416453,571.0539845758354
34,2,3,3,383.0,654.0,0,2,1108311.0,99.47376324264056,9.966983892998174,100.99268292682927,553.0073170731707
34,2,3,3,383.0,654.0,0,3,40736.0,95.97483808591856,7.694898840190708,113.23529411764706,540.7647058823529
34,2,3,3,383.0,654.0,1,1,178695.0,99.65006103833548,9.999003435466808,283.73501577287067,370.26498422712933
34,2,3,3,383.0,654.0,1,2,170571.0,99.9299749918324,9.9533174506693,266.63907284768214,387.36092715231786
34,2,3,3,383.0,654.0,1,3,7585.0,98.23090885800978,8.73944147956311,331.27272727272725,322.72727272727275
35,2,3,3,383.0,654.0,0,1,51555.0,98.58556333245356,9.404575197536907,600.8,53.2
35,2,3,3,383.0,654.0,0,2,37807.0,95.47727759915448,9.828422015223994,802.0,-148.0
35,3,0,2,279.0,672.0,0,1,816752.0,99.1210564068548,9.92205597976713,103.74137931034483,568.2586206896551
35,3,0,2,279.0,672.0,0,2,737445.0,99.85487764993402,9.994948490544392,82.03883495145631,589.9611650485436
35,3,0,2,279.0,672.0,0,3,34988.0,94.11495350074648,8.983465653866707,93.07692307692308,578.9230769230769
35,3,0,2,279.0,672.0,1,1,204797.0,99.99207392335104,9.989644131835623,397.9022346368715,274.0977653631285
35,3,0,2,279.0,672.0,1,2,237066.0,99.96983132045963,9.99709855191762,351.6363636363636,320.3636363636364
35,3,0,2,279.0,672.0,1,3,7921.0,98.27614190184146,9.82679495163156,390.6,281.4
36,0,3,8,426.0,525.0,0,1,542237.0,99.63276708291266,9.993125343106154,72.82456140350877,452.17543859649123
36,0,3,8,426.0,525.0,0,2,661814.0,98.93743849653028,9.991339121768036,76.35019455252919,448.64980544747084
36,0,3,8,426.0,525.0,0,3,39477.0,99.04202970958424,8.677362897868397,96.23076923076923,428.7692307692308
36,0,3,8,426.0,525.0,1,1,277257.0,99.8987360361168,9.968992233322204,316.4644351464435,208.53556485355648
36,0,3,8,426.0,525.0,1,2,244659.0,99.87999110280634,9.987217647012027,303.8429203539823,221.1570796460177
36,0,3,8,426.0,525.0,1,3,7717.0,80.09443172826145,9.2901248312163,311.73333333333335,213.26666666666668
36,3,0,2,279.0,672.0,0,1,8805.0,99.87558369517852,9.679481461626253,325.53333333333336,346.46666666666664
36,3,0,2,279.0,672.0,0,2,2935.0,86.34969727649845,6.093653992453873,468.0,204.0
37,0,3,5,222.0,636.0,0,1,793825.0,99.81824129958608,9.98809526757054,89.91911764705883,546.0808823529412
37,0,3,5,222.0,636.0,0,2,836945.0,99.8575705809192,9.999811515763623,81.73076923076923,554.2692307692307
37,0,3,5,222.0,636.0,0,3,30934.0,97.30100255622592,9.994673003055288,105.0,531.0
37,0,3,5,222.0,636.0,1,1,205468.0,99.8641048782721,9.9941472834782,310.264367816092,325.735632183908
37,0,3,5,222.0,636.0,1,2,200854.0,99.79320874762524,9.93176763506861,310.18407960199005,325.81592039800995
37,0,3,5,222.0,636.0,1,3,7897.0,99.49611155606644,9.046967927293114,308.11764705882354,327.88235294117646
37,0,3,8,426.0,525.0,1,1,2782.0,94.80900150771303,5.737151414515259,528.2307692307693,-3.230769230769231
38,0,3,5,222.0,636.0,0,1,37808.0,92.51252514762996,8.54406456380777,73.0625,562.9375
38,0,3,5,222.0,636.0,0,2,35445.0,83.9690352536924,9.94776326291841,174.06666666666666,461.93333333333334
38,0,3,5,222.0,636.0,0,3,2363.0,84.83395299303137,8.631709741458328,228.0,408.0
38,2,3,0,418.0,676.0,0,1,980048.0,99.95647106513142,9.983097019534624,85.91338582677166,590.0866141732283
38,2,3,0,418.0,676.0,0,2,879771.0,99.67278185513136,9.996934299729448,100.5226586102719,575.477341389728
38,2,3,0,418.0,676.0,0,3,17169.0,97.5598317980868,9.334271930196175,86.81818181818181,589.1818181818181
38,2,3,0,418.0,676.0,1,1,178199.0,99.9953035867174,9.99251719211898,367.8179012345679,308.1820987654321
38,2,3,0,418.0,676.0,1,2,192240.0,99.64911281627332,9.955342539243352,333.10027100271003,342.89972899728997
38,2,3,0,418.0,676.0,1,3,7592.0,89.352542724248,9.89059697850313,340.25,335.75
39,2,1,3,350.0,505.0,0,1,618008.0,99.9640422399558,9.951676128659376,62.534246575342465,442.4657534246575
39,2,1,3,350.0,505.0,0,2,741969.0,99.97363174796506,9.969036582046524,65.91958041958041,439.0804195804196
39,2,1,3,350.0,505.0,0,3,9520.0,96.96860314289844,7.369688875006562,77.8,427.2
39,2,1,3,350.0,505.0,1,1,264948.0,99.92935727762932,9.965464473692414,303.7950819672131,201.20491803278688
39,2,1,3,350.0,505.0,1,2,245844.0,99.79413186228147,9.970407173174683,325.09154929577466,179.90845070422534
39,2,1,3,350.0,505.0,1,3,12958.0,82.44219842587424,9.62614055282712,321.1304347826087,183.8695652173913
39,2,3,0,418.0,676.0,1,1,9600.0,99.26513247900624,9.965387644501034,263.93333333333334,412.06666666666666
39,2,3,0,418.0,676.0,1,2,1920.0,94.27648949675172,9.97074919247793,361.6666666666667,314.3333333333333
40,1,3,5,240.0,945.0,0,1,1046067.0,99.9050547795691,9.994101073229787,126.07843137254902,818.9215686274509
40,1,3,5,240.0,945.0,0,2,1029697.0,99.98628042869429,9.9933865095884,128.69117647058823,816.3088235294117
40,1,3,5,240.0,945.0,0,3,52939.0,94.01785967675288,8.866217560061417,117.21052631578948,827.7894736842105
40,1,3,5,240.0,945.0,1,1,161837.0,99.29570727198762,9.978900193218127,415.2265372168285,529.7734627831716
40,1,3,5,240.0,945.0,1,2,158125.0,99.94486511370008,9.958967635911089,457.7287581699346,487.2712418300654
40,1,3,5,240.0,945.0,1,3,5836.0,94.02189517005972,9.987912476784707,510.4,434.6
40,2,1,3,350.0,505.0,0,1,11364.0,68.9575066965029,7.764076979477542,556.3333333333334,-51.333333333333336
41,1,3,5,240.0,945.0,0,1,23520.0,95.27899122184874,9.530504717901998,558.6428571428571,386.35714285714283
41,2,3,1,285.0,584.0,0,1,767864.0,99.93948474287475,9.932001230272894,100.160409556314,483.839590443686
41,2,3,1,285.0,584.0,0,2,932046.0,99.82035682625876,9.958429481650848,79.27377521613833,504.72622478386165
41,2,3,1,285.0,584.0,0,3,35654.0,99.74351313908694,9.908428567837277,72.53333333333333,511.46666666666664
41,2,3,1,285.0,584.0,1,1,226145.0,99.99073509365684,9.996089296298551,306.4503631961259,277.5496368038741
41,2,3,1,285.0,584.0,1,2,197791.0,99.595786211919,9.982230656307784,318.620218579235,265.379781420765
41,2,3,1,285.0,584.0,1,3,7141.0,92.8610378700378,9.577590638942452,370.84615384615387,213.15384615384616
42,2,3,0,132.0,809.0,0,1,827322.0,99.51910301786172,9.995523861368422,103.42285714285714,705.5771428571428
42,2,3,0,132.0,809.0,0,2,1017999.0,99.70878999080476,9.902291401423092,118.37655860349128,690.6234413965087
42,2,3,0,132.0,809.0,0,3,29582.0,99.06496252297536,9.938497365154586,107.64285714285714,701.3571428571429
42,2,3,0,132.0,809.0,1,1,198425.0,99.93642269137403,9.975678386532609,351.6386554621849,457.3613445378151
42,2,3,0,132.0,809.0,1,2,169117.0,99.75777594436258,9.924304870618968,352.93624161073825,456.06375838926175
42,2,3,0,132.0,809.0,1,3,7461.0,92.2070467748004,9.992592096543213,240.0,569.0
42,2,3,1,285.0,584.0,0,1,43575.0,96.05827714111346,8.37675285031046,248.86666666666667,335.1333333333333
42,2,3,1,285.0,584.0,0,2,43575.0,82.90324079275166,9.994302175235944,414.8,169.2
42,2,3,1,285.0,584.0,0,3,2905.0,49.25352949360046,1.6162421805051608,495.0,89.0
43,0,0,1,262.0,953.0,0,1,999359.0,99.87836298467828,9.994348553660602,122.79120879120879,830.2087912087912
43,0,0,1,262.0,953.0,0,2,894282.0,99.8726622343506,9.945156556433426,95.8986301369863,857.1013698630137
43,0,0,1,262.0,953.0,0,3,40498.0,94.91385202329693,9.596133344786733,101.875,851.125
43,0,0,1,262.0,953.0,1,1,186673.0,99.69199954851918,9.988736002955594,349.67846607669617,603.3215339233038
43,0,0,1,262.0,953.0,1,2,184289.0,99.91694669233762,9.94088323837401,334.4311377245509,618.5688622754491
43,0,0,1,262.0,953.0,1,3,6378.0,99.76959088083146,9.831812096637533,359.09090909090907,593.9090909090909
43,2,3,0,132.0,809.0,0,1,67165.0,95.01559248312483,9.709927615403744,159.57894736842104,649.421052631579
43,2,3,0,132.0,809.0,0,2,53025.0,97.22663404591007,6.993932013300307,252.33333333333334,556.6666666666666
43,2,3,0,132.0,809.0,0,3,3535.0,74.0131210919874,6.725202692943292,357.0,452.0
44,0,0,1,262.0,953.0,0,1,20760.0,93.69518215380842,9.92642316718656,340.875,612.125
44,1,3,3,353.0,650.0,0,1,874898.0,99.80181163954022,9.99736092019096,90.55029585798816,559.4497041420118
44,1,3,3,353.0,650.0,0,2,977133.0,99.84279580769504,9.981316066517396,105.99145299145299,544.008547008547
44,1,3,3,353.0,650.0,0,3,36094.0,99.45482242652037,9.954588525031914,109.07692307692308,540.9230769230769
44,1,3,3,353.0,650.0,1,1,208314.0,99.96428382012368,9.999302773719313,317.8164893617021,332.1835106382979
44,1,3,3,353.0,650.0,1,2,219448.0,99.11487154566244,9.961327696125554,303.38186813186815,346.61813186813185
44,1,3,3,353.0,650.0,1,3,7695.0,83.73888638087777,8.763826251855011,321.3333333333333,328.6666666666667
45,1,0,0,75.0,957.0,0,1,1028194.0,99.9338245590641,9.972936999882092,126.02813299232737,830.9718670076726
45,1,0,0,75.0,957.0,0,2,1005365.0,99.89486830175186,9.960034478417532,145.93766937669378,811.0623306233063
45,1,0,0,75.0,957.0,0,3,51132.0,97.786985566723,9.717996980690447,126.36842105263158,830.6315789473684
45,1,0,0,75.0,957.0,1,1,180219.0,99.99145679377132,9.9978407285844,448.6273291925466,508.3726708074534
45,1,0,0,75.0,957.0,1,2,199135.0,99.20054951741248,9.902412590995215,442.7971014492754,514.2028985507246
45,1,0,0,75.0,957.0,1,3,4921.0,98.19817812243508,9.167992342867224,515.1111111111111,441.8888888888889
45,1,3,3,353.0,650.0,0,1,34544.0,70.23664815957517,9.295850467677546,307.375,342.625
46,1,0,0,75.0,957.0,0,1,61919.0,87.08065809071422,9.192882710602598,213.07692307692307,743.9230769230769
46,1,1,4,424.0,987.0,0,1,1143366.0,99.7894622538388,9.99785312659306,119.93154034229829,867.0684596577017
46,1,1,4,424.0,987.0,0,2,1197467.0,99.88287610859544,9.998485398116165,112.67777777777778,874.3222222222222
46,1,1,4,424.0,987.0,0,3,61457.0,98.95449936784048,9.634463170096632,139.1578947368421,847.8421052631579
46,1,1,4,424.0,987.0,1,1,168334.0,99.90602712266264,9.902072982056715,374.63,612.37
46,1,1,4,424.0,987.0,1,2,144067.0,99.6529262663582,9.956923036347124,356.09090909090907,630.9090909090909
46,1,1,4,424.0,987.0,1,3,5529.0,96.42646050855564,9.666708934400514,249.33333333333334,737.6666666666666
47,1,1,4,424.0,987.0,0,1,10470.0,71.59097207202578,9.287909197613564,287.0,700.0
47,3,3,9,432.0,683.0,0,1,839712.0,99.9794537863584,9.9824134941123,103.25981873111782,579.7401812688822
47,3,3,9,432.0,683.0,0,2,1027685.0,99.51243375395389,9.950600890984978,94.02887139107611,588.9711286089239
47,3,3,9,432.0,683.0,0,3,36795.0,95.4637906815751,9.960138537842894,105.53333333333333,577.4666666666667
47,3,3,9,432.0,683.0,1,1,217453.0,99.62079972747604,9.991078227271998,425.9921875,257.0078125
47,3,3,9,432.0,683.0,1,2,206372.0,99.9377619054611,9.919265332163622,454.4174174174174,228.58258258258257
47,3,3,9,432.0,683.0,1,3,7554.0,90.12243450795012,9.812209504741814,501.46153846153845,181.53846153846155
48,0,0,8,477.0,741.0,0,1,1071174.0,99.7670861337078,9.987960401922956,119.8509485094851,621.1490514905149
48,0,0,8,477.0,741.0,0,2,953434.0,99.6889089964193,9.980784096679288,114.73333333333333,626.2666666666667
48,0,0,8,477.0,741.0,0,3,37313.0,85.85667126082227,9.191622449684592,143.0,598.0
48,0,0,8,477.0,741.0,1,1,142909.0,99.56046699186584,9.97704316247546,415.02994011976045,325.97005988023955
48,0,0,8,477.0,741.0,1,2,165417.0,99.86102943831422,9.980044668484652,377.55555555555554,363.44444444444446
48,0,0,8,477.0,741.0,1,3,7170.0,92.52596243502389,8.465886434511297,424.93333333333334,316.06666666666666
48,3,3,9,432.0,683.0,0,1,19567.0,98.34673430179195,9.396788688805888,410.29411764705884,272.70588235294116
48,3,3,9,432.0,683.0,0,2,17265.0,98.5230084121748,9.51981165170934,569.8,113.2
48,3,3,9,432.0,683.0,0,3,1151.0,79.31766303695903,3.500006003195959,694.0,-11.0
49,0,0,8,477.0,741.0,0,1,14670.0,82.09976301484575,9.23309135195927,653.0,88.0
49,0,2,6,291.0,905.0,0,1,1115337.0,99.2983302828569,9.98354161753324,116.56396866840731,788.4360313315927
49,0,2,6,291.0,905.0,0,2,990514.0,99.75258077316778,9.986494777376269,124.79069767441861,780.2093023255813
49,0,2,6,291.0,905.0,0,3,37947.0,95.33967142731052,9.290565166799745,114.64285714285714,790.3571428571429
49,0,2,6,291.0,905.0,1,1,184544.0,99.70800635744672,9.953144555092509,406.0210843373494,498.9789156626506
49,0,2,6,291.0,905.0,1,2,169493.0,99.73206529465008,9.997844162666656,464.3191489361702,440.6808510638298
49,0,2,6,291.0,905.0,1,3,7224.0,97.56926152710967,8.672935940995293,562.3571428571429,342.64285714285717
50,0,2,6,291.0,905.0,0,1,21875.0,90.42833023586329,9.350593204676183,424.2857142857143,480.7142857142857
50,1,2,4,292.0,866.0,0,1,1224016.0,99.76460719739744,9.99003168232366,93.07242990654206,772.9275700934579
50,1,2,4,292.0,866.0,0,2,970721.0,99.93789840378166,9.967977361880664,115.92572944297082,750.0742705570292
50,1,2,4,292.0,866.0,0,3,50227.0,96.51880747249491,9.01787689320685,107.16666666666667,758.8333333333334
50,1,2,4,292.0,866.0,1,1,179687.0,99.63505479614642,9.986803914560582,258.71724137931034,607.2827586206896
50,1,2,4,292.0,866.0,1,2,201512.0,99.38946868160356,9.939770851795886,275.2373887240356,590.7626112759644
50,1,2,4,292.0,866.0,1,3,6216.0,88.14450605206206,8.720899640797676,236.0,630.0
51,0,2,3,405.0,572.0,0,1,772193.0,99.60068978078824,9.946094787256122,81.30742049469964,490.69257950530033
51,0,2,3,405.0,572.0,0,2,707952.0,99.7973418445478,9.886268121142676,70.25818181818182,501.7418181818182
51,0,2,3,405.0,572.0,0,3,25799.0,81.77966485321895,9.87373875907362,59.6,512.4
51,0,2,3,405.0,572.0,1,1,250750.0,99.98118515676276,9.976858071401743,357.49295774647885,214.50704225352112
51,0,2,3,405.0,572.0,1,2,243918.0,99.9090312228058,9.977446647165008,365.82876712328766,206.17123287671234
51,0,2,3,405.0,572.0,1,3,12209.0,97.6353687466108,9.93838712651788,311.8888888888889,260.1111111111111
51,1,2,4,292.0,866.0,0,1,14490.0,92.85922132015588,9.998282773309224,423.1333333333333,442.8666666666667
52,0,2,3,405.0,572.0,1,1,11370.0,99.70812348656776,6.700464976985362,510.6666666666667,61.333333333333336
52,0,2,3,405.0,572.0,1,2,6064.0,84.15689888868994,9.434719085289547,645.5,-73.5
52,3,1,0,108.0,564.0,0,1,941063.0,99.65552627263608,9.95387104352996,92.5904761904762,471.4095238095238
52,3,1,0,108.0,564.0,0,2,1007793.0,99.95507597833272,9.999756520758783,84.23822714681441,479.7617728531856
52,3,1,0,108.0,564.0,0,3,41606.0,84.56968948456425,9.61679801561488,119.23076923076923,444.7692307692308
52,3,1,0,108.0,564.0,1,1,208678.0,99.99481491183676,9.978613628144087,378.1348600508906,185.86513994910942
52,3,1,0,108.0,564.0,1,2,175179.0,99.77286316504072,9.996168362600756,404.79250720461096,159.20749279538904
52,3,1,0,108.0,564.0,1,3,8380.0,99.81267536524972,9.2029525146634,332.0,232.0
53,3,0,8,268.0,625.0,0,1,980898.0,99.84481792286984,9.98743681671321,88.09146341463415,536.9085365853658
53,3,0,8,268.0,625.0,0,2,943688.0,99.9203891021443,9.963875546739589,95.74848484848485,529.2515151515152
53,3,0,8,268.0,625.0,0,3,31077.0,99.10254417195016,9.60317647674045,99.72727272727273,525.2727272727273
53,3,0,8,268.0,625.0,1,1,211160.0,99.92186120921497,9.996504401819935,403.67095115681235,221.32904884318765
53,3,0,8,268.0,625.0,1,2,207085.0,99.9897174693381,9.992522234058365,369.04415584415585,255.95584415584415
53,3,0,8,268.0,625.0,1,3,10566.0,99.52036371158496,9.99381741423389,367.1764705882353,257.8235294117647
53,3,1,0,108.0,564.0,1,1,2735.0,77.58099891476003,7.699882208934287,600.2,-36.2
54,3,0,8,268.0,625.0,0,1,47280.0,98.48909669149614,8.984897175937563,771.7333333333333,-146.73333333333332
54,3,2,6,53.0,746.0,0,1,1084465.0,99.87898152819189,9.99659886832032,96.90441176470588,649.0955882352941
54,3,2,6,53.0,746.0,0,2,933287.0,99.78836215069995,9.97520246457972,108.62796833773088,637.3720316622691
54,3,2,6,53.0,746.0,0,3,44213.0,95.30620805799045,9.908478718373514,108.25,637.75
54,3,2,6,53.0,746.0,1,1,162476.0,99.8856337409698,9.96390158361605,315.05,430.95
54,3,2,6,53.0,746.0,1,2,178658.0,99.81954050843396,9.979327533742785,326.4417910447761,419.5582089552239
54,3,2,6,53.0,746.0,1,3,7138.0,97.2316580321384,7.852331659069677,352.1666666666667,393.8333333333333
55,3,2,2,446.0,659.0,0,1,805474.0,99.85807433036862,9.99837839143417,95.690625,563.309375
55,3,2,2,446.0,659.0,0,2,773831.0,99.89551205736392,9.966573328877288,84.60179640718563,574.3982035928144
55,3,2,2,446.0,659.0,0,3,21755.0,87.99069419002572,9.779687366755336,115.0909090909091,543.9090909090909
55,3,2,2,446.0,659.0,1,1,223818.0,99.99905426231662,9.997503005627452,271.5502512562814,387.4497487437186
55,3,2,2,446.0,659.0,1,2,217731.0,99.69956475271188,9.987287728160227,280.3874345549738,378.6125654450262
55,3,2,2,446.0,659.0,1,3,9876.0,98.029275659952,9.781547805369732,295.8888888888889,363.1111111111111
55,3,2,6,53.0,746.0,1,1,2406.0,84.03525830902308,5.557496412343921,87.33333333333333,658.6666666666666
56,0,3,3,71.0,720.0,0,1,727981.0,99.8983582784227,9.935332358186423,101.29277566539923,618.7072243346007
56,0,3,3,71.0,720.0,0,2,1035507.0,99.90935817154929,9.953602293794896,120.98441558441559,599.0155844155844
56,0,3,3,71.0,720.0,0,3,31443.0,92.9192027194379,9.73654259058044,159.77777777777777,560.2222222222222
56,0,3,3,71.0,720.0,1,1,201478.0,99.89438116769516,9.956076352202563,441.88169642857144,278.11830357142856
56,0,3,3,71.0,720.0,1,2,149647.0,99.69847763987208,9.984252001504956,523.0213414634146,196.97865853658536
56,0,3,3,71.0,720.0,1,3,9690.0,99.8093859059356,9.541218658685407,375.8421052631579,344.1578947368421
56,3,2,2,446.0,659.0,1,1,9132.0,93.62494870157902,9.589180928750825,293.25,365.75
57,0,2,6,429.0,585.0,0,1,922301.0,99.86783735061395,9.97653657180584,86.64240506329114,498.35759493670884
57,0,2,6,429.0,585.0,0,2,969755.0,99.86164986097464,9.984167666641753,94.13905325443787,490.8609467455621
57,0,2,6,429.0,585.0,0,3,39360.0,97.62683485273875,9.839846276080005,80.53333333333333,504.46666666666664
57,0,2,6,429.0,585.0,1,1,201082.0,99.9816898621283,9.97913320319356,324.7139303482587,260.2860696517413
57,0,2,6,429.0,585.0,1,2,191261.0,99.8696161113952,9.975223515553935,376.0397877984085,208.9602122015915
57,0,2,6,429.0,585.0,1,3,5829.0,98.11700020315996,9.83141646721688,382.15384615384613,202.84615384615384
57,0,3,3,71.0,720.0,1,1,1384.0,89.36546703179461,7.108669996710752,121.25,598.75
58,0,2,4,398.0,950.0,0,1,1312435.0,99.94939796402372,9.993866712196802,130.06153846153848,819.9384615384615
58,0,2,4,398.0,950.0,0,2,1176530.0,99.96222545471836,9.992428508306316,141.5334928229665,808.4665071770335
58,0,2,4,398.0,950.0,0,3,43173.0,96.04825516227702,9.97392997922588,128.05882352941177,821.9411764705883
58,0,2,4,398.0,950.0,1,1,138323.0,99.35282600884564,9.998590032594633,325.07954545454544,624.9204545454545
58,0,2,4,398.0,950.0,1,2,149454.0,99.9337341654444,9.961321366034358,322.0542372881356,627.9457627118644
58,0,2,4,398.0,950.0,1,3,5673.0,94.10431546678412,9.924110002876992,365.72727272727275,584.2727272727273
58,0,2,6,429.0,585.0,1,1,3848.0,88.32539059650156,7.176552967325863,62.0,523.0
59,0,0,0,387.0,927.0,0,1,1008968.0,99.86515824584204,9.993074412683784,125.15053763440861,801.8494623655914
59,0,0,0,387.0,927.0,0,2,1091302.0,99.9218706574738,9.99268066653277,109.32019704433498,817.679802955665
59,0,0,0,387.0,927.0,0,3,55325.0,99.87836719676515,9.049420847972648,130.52941176470588,796.4705882352941
59,0,0,0,387.0,927.0,1,1,161850.0,99.86462311212875,9.937876545074882,365.44011976047904,561.5598802395209
59,0,0,0,387.0,927.0,1,2,136365.0,99.66163070151268,9.997248568579304,370.4166666666667,556.5833333333334
59,0,0,0,387.0,927.0,1,3,5369.0,91.73867816870556,9.888448965532016,328.27272727272725,598.7272727272727
59,0,2,4,398.0,950.0,0,1,51675.0,99.15761853604675,9.822422378529668,708.5333333333333,241.46666666666667
59,0,2,4,398.0,950.0,0,2,31005.0,91.09224705356289,8.863102915058324,847.2222222222222,102.77777777777777
60,0,0,0,387.0,927.0,0,1,10899.0,97.09871814159756,9.49966469492005,661.0,266.0
60,1,2,8,93.0,713.0,0,1,1016582.0,99.96533843280798,9.989273903659312,104.71355498721228,608.2864450127877
60,1,2,8,93.0,713.0,0,2,871983.0,99.54655022431888,9.875056787205894,100.28395061728395,612.716049382716
60,1,2,8,93.0,713.0,0,3,45728.0,99.03691316344192,9.855089313039649,88.875,624.125
60,1,2,8,93.0,713.0,1,1,156214.0,99.8600880407284,9.984854200281406,278.1888544891641,434.8111455108359
60,1,2,8,93.0,713.0,1,2,195750.0,99.87954953544885,9.922937463419233,256.6974358974359,456.3025641025641
60,1,2,8,93.0,713.0,1,3,5694.0,98.51423413773274,9.735755780915548,293.8333333333333,419.1666666666667
61,1,2,8,93.0,713.0,1,1,23775.0,98.53654304553176,9.730913508690229,219.28,493.72
61,1,2,8,93.0,713.0,1,2,14265.0,97.16641774163966,9.07356572172799,235.8,477.2
61,1,2,8,93.0,713.0,1,3,951.0,52.56396247252904,0.7286417762657005,332.0,381.0
61,3,0,2,481.0,954.0,0,1,1013235.0,99.6657462438649,9.999764889275118,110.16028708133972,843.8397129186603
61,3,0,2,481.0,954.0,0,2,1095810.0,99.79786888639153,9.996195678396615,86.30653266331659,867.6934673366834
61,3,0,2,481.0,954.0,0,3,47938.0,96.42749135679831,9.303899269775274,89.6470588235294,864.3529411764706
61,3,0,2,481.0,954.0,1,1,125845.0,99.81168029883509,9.967529126937292,325.3620071684588,628.6379928315412
61,3,0,2,481.0,954.0,1,2,147100.0,99.79112123805548,9.974436162432225,359.4166666666667,594.5833333333334
61,3,0,2,481.0,954.0,1,3,4385.0,99.90334384592076,8.419866875190129,276.0,678.0
62,2,1,7,163.0,960.0,0,1,1074396.0,99.88546716226972,9.951421308962592,126.4027149321267,833.5972850678733
62,2,1,7,163.0,960.0,0,2,974651.0,99.8022587711366,9.964859186158112,121.70223325062035,838.2977667493797
62,2,1,7,163.0,960.0,0,3,43765.0,91.28006154065778,8.068527457143453,86.5625,873.4375
62,2,1,7,163.0,960.0,1,1,126412.0,99.29344214002484,9.962760887261544,605.2813688212927,354.7186311787072
62,2,1,7,163.0,960.0,1,2,156262.0,99.38089570071485,9.97528438138125,515.6366666666667,444.36333333333334
62,2,1,7,163.0,960.0,1,3,5695.0,94.5772640314128,9.686268600717,580.1666666666666,379.8333333333333
62,3,0,2,481.0,954.0,1,1,12585.0,94.88653468520208,9.792343907905224,105.13333333333334,848.8666666666667
62,3,0,2,481.0,954.0,1,2,9229.0,94.39962392389566,8.03192742394929,284.1818181818182,669.8181818181819
63,2,0,9,356.0,669.0,0,1,767007.0,99.5752374420165,9.971373570081452,85.52329749103943,583.4767025089606
63,2,0,9,356.0,669.0,0,2,843003.0,99.8975446431943,9.948108810461044,82.99680511182109,586.0031948881789
63,2,0,9,356.0,669.0,0,3,34995.0,94.00199025776492,9.864294435654376,87.53846153846153,581.4615384615385
63,2,0,9,356.0,669.0,1,1,225895.0,99.66940497646132,9.911183699760285,346.3114754098361,322.6885245901639
63,2,0,9,356.0,669.0,1,2,193929.0,99.9096464956067,9.953335830262285,364.080310880829,304.919689119171
63,2,0,9,356.0,669.0,1,3,8879.0,81.67027012839151,9.660108318668197,326.07142857142856,342.92857142857144
63,2,1,7,163.0,960.0,0,1,8496.0,88.91711554984698,9.373763477898336,198.5625,761.4375
63,2,1,7,163.0,960.0,0,2,7965.0,78.27784947660449,7.582602845103706,391.93333333333334,568.0666666666667
63,2,1,7,163.0,960.0,0,3,531.0,37.06357265246429,0.0931067336957724,489.0,471.0
64,1,2,6,458.0,910.0,0,1,1107114.0,99.91259272726052,9.994850567685264,116.26511627906977,793.7348837209303
64,1,2,6,458.0,910.0,0,2,1194659.0,99.97929808202711,9.906196408563634,118.15458937198068,791.8454106280193
64,1,2,6,458.0,910.0,0,3,46176.0,98.46569287757288,8.700976274789697,116.77777777777777,793.2222222222222
64,1,2,6,458.0,910.0,1,1,153834.0,99.6827665518658,9.997555031357884,401.1985559566787,508.8014440433213
64,1,2,6,458.0,910.0,1,2,169964.0,99.83419752965288,9.967986688986786,413.43581081081084,496.56418918918916
64,1,2,6,458.0,910.0,1,3,6323.0,99.8893415168934,9.437177758357976,470.9,439.1
64,2,0,9,356.0,669.0,0,1,42285.0,94.4440782940576,9.156841159899374,508.6666666666667,160.33333333333334
64,2,0,9,356.0,669.0,0,2,8457.0,95.46374065001196,7.609386102666629,591.6666666666666,77.33333333333333
65,0,3,3,278.0,564.0,0,1,786161.0,99.55145544200896,9.964390210110505,84.93406593406593,479.0659340659341
65,0,3,3,278.0,564.0,0,2,747992.0,99.82250557968888,9.948115893597189,76.64344262295081,487.35655737704917
65,0,3,3,278.0,564.0,0,3,20264.0,60.86265770721081,7.972128488237715,71.625,492.375
65,0,3,3,278.0,564.0,1,1,231054.0,99.6543416079168,9.93776742163872,328.74305555555554,235.25694444444446
65,0,3,3,278.0,564.0,1,2,257742.0,99.99805497629318,9.99293727942668,324.28969957081546,239.71030042918454
65,0,3,3,278.0,564.0,1,3,12015.0,96.467490141149,9.101444247026263,384.05,179.95
65,1,2,6,458.0,910.0,1,1,9045.0,99.7782369419863,9.647938556976124,408.1333333333333,501.8666666666667
65,1,2,6,458.0,910.0,1,2,3015.0,99.89671509962793,8.293813777418737,522.8,387.2
66,0,3,3,278.0,564.0,1,1,1976.0,94.0687239298221,8.994100519820217,328.25,235.75
66,1,2,1,51.0,511.0,0,1,751817.0,99.2092047666065,9.98888519705286,75.48874598070739,435.5112540192926
66,1,2,1,51.0,511.0,0,2,796809.0,99.71937854808098,9.926681641719284,73.58359621451105,437.41640378548897
66,1,2,1,51.0,511.0,0,3,36975.0,98.72017611199055,9.438980371764249,106.27272727272727,404.72727272727275
66,1,2,1,51.0,511.0,1,1,203625.0,99.93554090915976,9.98108838599869,292.55036855036855,218.44963144963145
66,1,2,1,51.0,511.0,1,2,220726.0,99.83015180221872,9.99443376245012,276.57323232323233,234.42676767676767
66,1,2,1,51.0,511.0,1,3,8317.0,89.61084421865871,9.788345154870155,291.4117647058824,219.58823529411765
67,1,2,1,51.0,511.0,1,1,6060.0,99.85122169290882,9.877423467255133,350.8,160.2
67,1,2,1,51.0,511.0,1,2,6060.0,96.53702709158544,9.333941878203104,495.06666666666666,15.933333333333334
67,1,2,1,51.0,511.0,1,3,404.0,23.342007259581838,4.591483580769896,595.0,-84.0
67,2,0,4,176.0,932.0,0,1,839281.0,99.2425944389882,9.99473406242372,131.41042345276873,800.5895765472312
67,2,0,4,176.0,932.0,0,2,882017.0,99.76106333400992,9.97694024949886,107.83526011560694,824.164739884393
67,2,0,4,176.0,932.0,0,3,32405.0,99.85384817395716,9.511965288306556,107.76923076923077,824.2307692307693
67,2,0,4,176.0,932.0,1,1,267617.0,99.87977538590714,9.970417341915672,351.51256281407035,580.4874371859296
67,2,0,4,176.0,932.0,1,2,234799.0,99.87754769159,9.981701316864555,362.07932011331445,569.9206798866855
67,2,0,4,176.0,932.0,1,3,10420.0,91.24142389646738,9.727335227933253,285.26666666666665,646.7333333333333
68,2,0,4,176.0,932.0,0,1,20640.0,93.58617020092738,7.698435279564707,658.9333333333333,273.06666666666666
68,2,0,4,176.0,932.0,0,2,9632.0,82.85956246974584,6.952339635044305,843.7142857142857,88.28571428571429
68,2,1,8,483.0,991.0,0,1,1325916.0,99.88964791732305,9.949181463879697,130.1236442516269,860.8763557483732
68,2,1,8,483.0,991.0,0,2,1388887.0,99.88788833063032,9.990983159452869,125.4892703862661,865.5107296137339
68,2,1,8,483.0,991.0,0,3,47594.0,94.5610874546823,9.271898098058085,154.8125,836.1875
68,2,1,8,483.0,991.0,1,1,129873.0,99.59509323605847,9.945949868901325,309.3032786885246,681.6967213114754
68,2,1,8,483.0,991.0,1,2,130764.0,99.9972183522867,9.981727038054707,325.9626556016598,665.0373443983402
68,2,1,8,483.0,991.0,1,3,6650.0,92.1754125228684,8.704400352199125,297.75,693.25
69,2,1,8,483.0,991.0,0,1,39270.0,85.53599114675936,9.05466255216265,500.93333333333334,490.06666666666666
69,2,1,8,483.0,991.0,0,2,36652.0,96.8054971644952,9.345737395970335,653.4285714285714,337.57142857142856
69,2,3,8,135.0,685.0,0,1,1053768.0,99.9536941624196,9.96535068490596,105.13736263736264,579.8626373626373
69,2,3,8,135.0,685.0,0,2,906280.0,99.90743281652884,9.97385496755404,112.52148997134671,572.4785100286533
69,2,3,8,135.0,685.0,0,3,37114.0,82.67149603237885,8.016127340731858,139.75,545.25
69,2,3,8,135.0,685.0,1,1,142329.0,99.41953567028266,9.897642868097876,404.7813411078717,280.2186588921283
69,2,3,8,135.0,685.0,1,2,169043.0,99.87043412881826,9.978006407256384,409.4431818181818,275.5568181818182
69,2,3,8,135.0,685.0,1,3,6495.0,95.384731654145,9.508324402809112,445.0625,239.9375
70,2,2,1,329.0,578.0,0,1,916132.0,99.9738412638006,9.96896975991781,78.84410646387833,499.15589353612165
70,2,2,1,329.0,578.0,0,2,792938.0,99.7922948355136,9.927855074056954,72.79457364341086,505.20542635658916
70,2,2,1,329.0,578.0,0,3,26979.0,96.0738113921165,9.817214697242887,59.55555555555556,518.4444444444445
70,2,2,1,329.0,578.0,1,1,227137.0,99.87792073418429,9.95213741937313,329.98458149779736,248.01541850220264
70,2,2,1,329.0,578.0,1,2,241493.0,99.62008395475684,9.999513490733374,353.89230769230767,224.1076923076923
70,2,2,1,329.0,578.0,1,3,10012.0,98.6459104020467,9.82576035493962,384.94736842105266,193.05263157894737
70,2,3,8,135.0,685.0,0,1,11242.0,97.13001195557452,9.350208453860851,340.7142857142857,344.2857142857143
71,2,2,1,329.0,578.0,0,1,2218.0,76.67266513896934,8.584529578724188,132.0,446.0
71,3,1,2,157.0,607.0,0,1,702849.0,99.97535602375704,9.99479670489407,73.08571428571429,533.9142857142857
71,3,1,2,157.0,607.0,0,2,579226.0,99.91338623628484,9.884172446266144,94.31174089068826,512.6882591093117
71,3,1,2,157.0,607.0,0,3,30096.0,99.3720090355495,9.642401794376052,86.41666666666667,520.5833333333334
71,3,1,2,157.0,607.0,1,1,251142.0,99.9083022583338,9.98083093401728,362.0,245.0
71,3,1,2,157.0,607.0,1,2,267488.0,99.88772074142344,9.985865866940518,367.9423076923077,239.05769230769232
71,3,1,2,157.0,607.0,1,3,8825.0,96.37166058266192,9.98141720488299,374.5,232.5
72,2,2,2,275.0,579.0,0,1,669368.0,99.7309496824075,9.990116849202192,94.40520446096654,484.59479553903344
72,2,2,2,275.0,579.0,0,2,643482.0,99.59724630703866,9.93633502770608,80.02553191489362,498.97446808510637
72,2,2,2,275.0,579.0,0,3,17961.0,81.29190148617482,8.469868717909875,77.375,501.625
72,2,2,2,275.0,579.0,1,1,257999.0,99.98306150833616,9.988929916861904,399.6613272311213,179.33867276887872
72,2,2,2,275.0,579.0,1,2,285513.0,99.91177387323968,9.999602945943064,406.1464435146444,172.85355648535565
72,2,2,2,275.0,579.0,1,3,12350.0,95.7196634018176,9.528043858103278,405.05,173.95
72,3,1,2,157.0,607.0,1,1,4785.0,98.0530682284172,8.909107734235453,611.6,-4.6
72,3,1,2,157.0,607.0,1,2,319.0,52.09534425790829,2.994267249115912,732.0,-125.0
73,2,1,4,432.0,544.0,0,1,890744.0,99.85385232888407,9.908807700663576,66.97333333333333,477.02666666666664
73,2,1,4,432.0,544.0,0,2,719865.0,99.9094594662529,9.74578179108443,79.0625,464.9375
73,2,1,4,432.0,544.0,0,3,34777.0,99.36500954415054,8.652324683881394,55.083333333333336,488.9166666666667
73,2,1,4,432.0,544.0,1,1,244544.0,99.85724144959585,9.957390193203253,270.84558823529414,273.15441176470586
73,2,1,4,432.0,544.0,1,2,253660.0,99.98779447563794,9.992749668240489,279.92025862068965,264.07974137931035
73,2,1,4,432.0,544.0,1,3,9474.0,98.86047573199528,9.98441908700522,311.75,232.25
73,2,2,2,275.0,579.0,1,1,1530.0,99.90198906203572,9.78439277591801,150.6,428.4
73,2,2,2,275.0,579.0,1,2,1020.0,94.3237371504826,8.408481088525248,253.1,325.9
74,2,0,4,478.0,859.0,0,1,1061635.0,99.82860489196952,9.987738549983115,108.17847769028872,750.8215223097113
74,2,0,4,478.0,859.0,0,2,1053990.0,99.87155338398328,9.98972986651471,114.88089330024813,744.1191066997519
74,2,0,4,478.0,859.0,0,3,46940.0,92.21321140378696,9.94756937563946,81.0,778.0
74,2,0,4,478.0,859.0,1,1,148920.0,99.8896245990468,9.989191802307714,387.02114803625375,471.97885196374625
74,2,0,4,478.0,859.0,1,2,150803.0,99.67936556274609,9.974240522037045,392.43870967741935,466.56129032258065
74,2,0,4,478.0,859.0,1,3,6523.0,91.11929272307016,9.392293028354446,396.6666666666667,462.3333333333333
74,2,1,4,432.0,544.0,1,1,6210.0,94.9611585940004,9.214404867767596,528.2,15.8
75,1,3,7,349.0,522.0,0,1,811231.0,99.78896329335682,9.93817283692763,76.06188925081433,445.9381107491857
75,1,3,7,349.0,522.0,0,2,825895.0,99.53088094002842,9.992053386592078,66.36860068259385,455.63139931740614
75,1,3,7,349.0,522.0,0,3,37165.0,93.58471170347563,9.665246565154394,71.15384615384616,450.84615384615387
75,1,3,7,349.0,522.0,1,1,239338.0,99.80259420798338,9.91529948365635,327.680387409201,194.31961259079904
75,1,3,7,349.0,522.0,1,2,246673.0,99.7652466012498,9.984020906494449,292.89622641509436,229.10377358490567
75,1,3,7,349.0,522.0,1,3,9025.0,90.3462132055408,8.930006069506979,306.73333333333335,215.26666666666668
75,2,0,4,478.0,859.0,0,1,2404.0,50.71339152100138,8.588073202248262,164.5,694.5
76,1,3,7,349.0,522.0,1,1,5475.0,98.9461914224045,9.80674172064075,134.0,388.0
76,1,3,7,349.0,522.0,1,2,3285.0,86.40953036457424,4.462921505303362,256.22222222222223,265.77777777777777
76,3,2,6,383.0,697.0,0,1,810987.0,99.77884112184896,9.981251525762453,83.48936170212765,613.5106382978723
76,3,2,6,383.0,697.0,0,2,769919.0,99.98476646960918,9.9929761861337,84.54195804195804,612.4580419580419
76,3,2,6,383.0,697.0,0,3,38033.0,93.19526425202348,8.41864384366621,110.36363636363636,586.6363636363636
76,3,2,6,383.0,697.0,1,1,260235.0,99.7127431592797,9.995429656710453,404.7919621749409,292.2080378250591
76,3,2,6,383.0,697.0,1,2,251536.0,99.20590785434018,9.98136121411045,341.833729216152,355.166270783848
76,3,2,6,383.0,697.0,1,3,10518.0,99.96127485297448,9.976603835351096,369.4117647058824,327.5882352941176
77,1,2,3,376.0,594.0,0,1,761774.0,99.6846221642725,9.977169559771482,81.44771241830065,512.5522875816994
77,1,2,3,376.0,594.0,0,2,762539.0,99.85625025612116,9.995235016099466,81.32993197278911,512.6700680272108
77,1,2,3,376.0,594.0,0,3,26476.0,85.5637887655023,8.411252648552288,81.9090909090909,512.0909090909091
77,1,2,3,376.0,594.0,1,1,222317.0,99.82458878713064,9.926594630846424,310.3615960099751,283.6384039900249
77,1,2,3,376.0,594.0,1,2,238219.0,99.88460519939017,9.971634539828658,302.61670761670763,291.38329238329237
77,1,2,3,376.0,594.0,1,3,9564.0,99.84125684527442,9.913068896208143,370.70588235294116,223.2941176470588
77,3,2,6,383.0,697.0,1,1,14160.0,91.23604117857911,9.144268388071144,526.7333333333333,170.26666666666668
77,3,2,6,383.0,697.0,1,2,13216.0,98.18213279709155,9.960594713496278,720.7857142857143,-23.785714285714285
78,1,0,0,249.0,650.0,0,1,884199.0,99.72538107174329,9.997043742061432,104.42553191489361,545.5744680851063
78,1,0,0,249.0,650.0,0,2,891280.0,99.80326277332568,9.963339391098138,107.03603603603604,542.9639639639639
78,1,0,0,249.0,650.0,0,3,38489.0,94.34040936506112,9.504000675642654,111.92307692307692,538.0769230769231
78,1,0,0,249.0,650.0,1,1,196709.0,99.8111480802101,9.92694859261814,432.3909574468085,217.6090425531915
78,1,0,0,249.0,650.0,1,2,192068.0,99.32003958989075,9.956844441538328,422.47708894878707,227.52291105121293
78,1,0,0,249.0,650.0,1,3,6702.0,99.44562594518491,9.745461141474438,494.2,155.8
78,1,2,3,376.0,594.0,1,1,10095.0,94.18607185397136,9.445155575949665,600.1333333333333,-6.133333333333334
78,1,2,3,376.0,594.0,1,2,6057.0,96.16706941876616,9.335205130156318,758.4444444444445,-164.44444444444446
79,0,2,2,153.0,883.0,0,1,1010055.0,99.6922121031117,9.962325270074038,116.85567010309278,766.1443298969073
79,0,2,2,153.0,883.0,0,2,937550.0,99.9285176569396,9.998589178403783,111.6506329113924,771.3493670886076
79,0,2,2,153.0,883.0,0,3,37884.0,99.28938260734536,9.902029405952172,127.07142857142857,755.9285714285714
79,0,2,2,153.0,883.0,1,1,172514.0,99.69691661632848,9.960356596661072,403.1366459627329,479.8633540372671
79,0,2,2,153.0,883.0,1,2,154249.0,99.86733386040164,9.944173904517818,379.6332288401254,503.3667711598746
79,0,2,2,153.0,883.0,1,3,6579.0,98.35086678287897,9.85174259887261,390.07142857142856,492.92857142857144
79,1,0,0,249.0,650.0,0,1,39940.0,95.25514742626426,9.876925632051371,129.4,520.6
80,0,2,1,313.0,573.0,0,1,976689.0,99.59026640503434,9.97543243568949,85.73376623376623,487.26623376623377
80,0,2,1,313.0,573.0,0,2,1011166.0,99.56485336592132,9.998764964524634,79.03539823008849,493.9646017699115
80,0,2,1,313.0,573.0,0,3,47845.0,91.495987924553,9.72170341873776,117.625,455.375
80,0,2,1,313.0,573.0,1,1,209970.0,99.95822167686872,9.98160906806132,293.5965770171149,279.4034229828851
80,0,2,1,313.0,573.0,1,2,181348.0,99.98730229727153,9.98662288698792,289.7620320855615,283.2379679144385
80,0,2,1,313.0,573.0,1,3,5344.0,96.68231145983631,9.881460894350436,359.0833333333333,213.91666666666666
80,0,2,2,153.0,883.0,0,1,22105.0,89.30756354802423,8.082194290985292,334.8,548.2
81,0,0,4,102.0,905.0,0,1,1336570.0,99.84537152486232,9.996714298135329,119.0236559139785,785.9763440860215
81,0,0,4,102.0,905.0,0,2,1368799.0,99.943314960863,9.92416196802373,120.14592274678111,784.8540772532189
81,0,0,4,102.0,905.0,0,3,52995.0,98.9531952530855,9.618571633026992,111.47368421052632,793.5263157894736
81,0,0,4,102.0,905.0,1,1,152875.0,99.93772596344724,9.997802847105223,262.3278008298755,642.6721991701245
81,0,0,4,102.0,905.0,1,2,164356.0,99.9686490441955,9.9556756910102,299.8744939271255,605.1255060728745
81,0,0,4,102.0,905.0,1,3,6136.0,94.20018939867076,8.843164027128276,264.44444444444446,640.5555555555555
81,0,2,1,313.0,573.0,0,1,16815.0,90.02073911758798,9.901409604248272,409.1333333333333,163.86666666666667
81,0,2,1,313.0,573.0,0,2,2242.0,99.74149855727364,9.589451937291932,509.5,63.5
82,0,0,4,102.0,905.0,0,1,11205.0,98.14755536168708,9.48497596481197,670.6,234.4
82,0,0,4,102.0,905.0,0,2,3735.0,96.4805413107819,8.840667343183176,833.6,71.4
82,1,3,1,64.0,556.0,0,1,718489.0,99.16218136447294,9.991550491796453,76.09338521400778,479.9066147859922
82,1,3,1,64.0,556.0,0,2,925976.0,99.4864997613286,9.994362312056424,87.81155015197568,468.18844984802433
82,1,3,1,64.0,556.0,0,3,34174.0,92.03067937469184,9.787817445694712,117.45454545454545,438.54545454545456
82,1,3,1,64.0,556.0,1,1,235648.0,99.93776826432924,9.966688102834908,295.5011135857461,260.4988864142539
82,1,3,1,64.0,556.0,1,2,194596.0,99.952099206312,9.987434024986674,308.85,247.15
82,1,3,1,64.0,556.0,1,3,8121.0,96.62810342851196,9.870639689374649,332.3529411764706,223.64705882352942
83,1,1,0,404.0,757.0,0,1,795017.0,99.95122033938183,9.990472752414822,124.2730627306273,632.7269372693727
83,1,1,0,404.0,757.0,0,2,902856.0,99.84282088648123,9.994305434282628,98.19452887537994,658.8054711246201
83,1,1,0,404.0,757.0,0,3,36541.0,99.93572408845156,9.678448288387203,102.58333333333333,654.4166666666666
83,1,1,0,404.0,757.0,1,1,199803.0,99.75808766102044,9.992758461489531,419.6574712643678,337.3425287356322
83,1,1,0,404.0,757.0,1,2,192462.0,99.94114396532696,9.994344058656305,460.8976377952756,296.1023622047244
83,1,1,0,404.0,757.0,1,3,8020.0,98.94534897425967,9.69122618203784,467.3125,289.6875
83,1,3,1,64.0,556.0,0,1,32475.0,99.04427631659348,9.928348874026293,485.93333333333334,70.06666666666666
83,1,3,1,64.0,556.0,0,2,10825.0,97.315847986946,8.788882511039608,601.2,-45.2
84,0,2,6,156.0,511.0,0,1,758616.0,99.96146296256144,9.956031809608016,75.855421686747,435.144578313253
84,0,2,6,156.0,511.0,0,2,761717.0,99.99861108105458,9.9810517364001,67.99290780141844,443.0070921985816
84,0,2,6,156.0,511.0,0,3,33101.0,97.38722108847524,9.106328692946423,91.63636363636364,419.3636363636364
84,0,2,6,156.0,511.0,1,1,225780.0,99.41308164273572,9.967656185836557,308.19873150105707,202.80126849894293
84,0,2,6,156.0,511.0,1,2,223237.0,99.9609860290314,9.995679966568382,323.8611111111111,187.13888888888889
84,0,2,6,156.0,511.0,1,3,8714.0,98.80083759090395,9.503576833801812,275.7647058823529,235.23529411764707
84,1,1,0,404.0,757.0,1,1,233.0,40.78332952173029,6.772585870643439,98.0,659.0
85,0,2,3,153.0,837.0,0,1,1179772.0,99.86577841539643,9.997659915260904,107.4951923076923,729.5048076923077
85,0,2,3,153.0,837.0,0,2,1400503.0,99.6142828977613,9.95010485447718,104.5524017467249,732.4475982532751
85,0,2,3,153.0,837.0,0,3,48284.0,96.48109051256112,8.781077473799225,129.66666666666666,707.3333333333334
85,0,2,3,153.0,837.0,1,1,163797.0,99.81041151729777,9.97782592017657,329.5221843003413,507.4778156996587
85,0,2,3,153.0,837.0,1,2,129976.0,99.30505131694238,9.900028409561576,338.2,498.8
85,0,2,3,153.0,837.0,1,3,7133.0,90.73067435476594,8.884032880168597,400.38461538461536,436.61538461538464
85,0,2,6,156.0,511.0,0,1,42900.0,85.87275285333456,9.6941115486155,787.9166666666666,-276.9166666666667
86,0,1,4,193.0,943.0,0,1,928050.0,99.84907227751512,9.911022153426838,116.27005347593582,826.7299465240642
86,0,1,4,193.0,943.0,0,2,988698.0,99.88348986400054,9.981772255125854,106.64285714285714,836.3571428571429
86,0,1,4,193.0,943.0,0,3,32650.0,99.58492763704427,9.420662008536617,95.25,847.75
86,0,1,4,193.0,943.0,1,1,168389.0,99.99103761718276,9.974560828063282,387.5,555.5
86,0,1,4,193.0,943.0,1,2,164977.0,99.76113973842882,9.97084403511314,408.6296296296296,534.3703703703703
86,0,1,4,193.0,943.0,1,3,8209.0,92.30527071798322,9.655423357119265,452.3125,490.6875
86,0,2,3,153.0,837.0,1,1,1755.0,97.4030457989659,9.95171475676348,250.6,586.4
87,0,1,4,193.0,943.0,1,1,7740.0,99.97859890733,9.502827468367702,468.0,475.0
87,0,1,4,193.0,943.0,1,2,6708.0,99.90582713342488,8.234989603398011,651.1538461538462,291.84615384615387
87,2,0,2,139.0,590.0,0,1,884569.0,99.91328502140752,9.995370783720798,89.53094462540717,500.4690553745928
87,2,0,2,139.0,590.0,0,2,904729.0,99.90142982524534,9.97302728111616,90.9267515923567,499.0732484076433
87,2,0,2,139.0,590.0,0,3,43923.0,90.3262863570086,9.803712807422222,86.93333333333334,503.06666666666666
87,2,0,2,139.0,590.0,1,1,212208.0,99.89032745187173,9.968322610174813,327.6783042394015,262.3216957605985
87,2,0,2,139.0,590.0,1,2,230426.0,99.95894990000922,9.999504171577003,366.031007751938,223.96899224806202
87,2,0,2,139.0,590.0,1,3,7008.0,76.12233226875804,9.544362488317464,374.84615384615387,215.15384615384616
88,2,0,2,139.0,590.0,0,1,11960.0,85.27310714458773,7.576671789665763,537.5,52.5
88,2,1,8,163.0,788.0,0,1,705086.0,99.8474380892903,9.963480844373326,85.24092409240924,702.7590759075907
88,2,1,8,163.0,788.0,0,2,724248.0,99.91840633099514,9.990659208731556,89.41258741258741,698.5874125874126
88,2,1,8,163.0,788.0,0,3,29370.0,99.43084409382824,9.457158871379995,112.22222222222223,675.7777777777778
88,2,1,8,163.0,788.0,1,1,237815.0,99.99206176185557,9.989547024003828,338.20338983050846,449.79661016949154
88,2,1,8,163.0,788.0,1,2,265439.0,99.5466848758752,9.99976860953391,353.3967517401392,434.6032482598608
88,2,1,8,163.0,788.0,1,3,10193.0,97.88691411425516,9.217962960500452,272.0,516.0
89,1,1,5,101.0,843.0,0,1,1049129.0,99.94308717595412,9.999884280311605,95.12202380952381,747.8779761904761
89,1,1,5,101.0,843.0,0,2,1078188.0,99.9478318020482,9.965398358080291,92.10133333333333,750.8986666666667
89,1,1,5,101.0,843.0,0,3,35034.0,96.29974989601988,9.503138634944111,102.15384615384616,740.8461538461538
89,1,1,5,101.0,843.0,1,1,206512.0,99.9135690876858,9.96649931163112,324.22454308093995,518.77545691906
89,1,1,5,101.0,843.0,1,2,160901.0,99.95010160968516,9.9865743353107,329.6253687315634,513.3746312684366
89,1,1,5,101.0,843.0,1,3,6731.0,99.3672457297164,9.976504964602295,290.8666666666667,552.1333333333333
89,2,1,8,163.0,788.0,1,1,828.0,26.046547345396743,3.290069746595736,29.0,759.0
90,1,1,5,101.0,843.0,0,1,16395.0,98.2400639972586,9.690218582373966,683.5333333333333,159.46666666666667
90,1,1,5,101.0,843.0,0,2,10930.0,93.71368985067625,9.451614984352172,863.4,-20.4
90,3,1,6,66.0,847.0,0,1,969117.0,99.269922727829,9.996538631532855,114.3025641025641,732.6974358974359
90,3,1,6,66.0,847.0,0,2,1109125.0,99.8249765095632,9.998887097946564,110.86666666666666,736.1333333333333
90,3,1,6,66.0,847.0,0,3,43777.0,96.48184923025504,9.1081959453806,124.82352941176471,722.1764705882352
90,3,1,6,66.0,847.0,1,1,203614.0,99.78829478515595,9.980309424475234,325.7911392405063,521.2088607594936
90,3,1,6,66.0,847.0,1,2,181246.0,99.87845669068015,9.999801882070097,322.0962962962963,524.9037037037037
90,3,1,6,66.0,847.0,1,3,8186.0,92.3996316239254,8.823511441331837,309.27272727272725,537.7272727272727
91,3,1,6,66.0,847.0,0,1,36105.0,96.0157235271769,9.65774146267346,646.6,200.4
91,3,1,6,66.0,847.0,0,2,12035.0,97.96378640441876,9.381064991156336,791.8,55.2
91,3,1,9,470.0,620.0,0,1,931466.0,99.8228759548938,9.988885796700623,83.53560371517028,536.4643962848297
91,3,1,9,470.0,620.0,0,2,861933.0,99.998923810734,9.93456908786766,78.12618296529969,541.8738170347003
91,3,1,9,470.0,620.0,0,3,27094.0,96.92166934344397,9.532640091830762,77.6,542.4
91,3,1,9,470.0,620.0,1,1,226728.0,99.9414412732907,9.948221439916448,348.5340314136126,271.4659685863874
91,3,1,9,470.0,620.0,1,2,225556.0,99.94050074715308,9.906914829142073,375.0537084398977,244.9462915601023
91,3,1,9,470.0,620.0,1,3,10818.0,95.01023335449796,9.870558619094217,373.94444444444446,246.05555555555554
92,1,0,5,51.0,836.0,0,1,954716.0,99.71828843111142,9.97654205680125,93.30699088145897,742.693009118541
92,1,0,5,51.0,836.0,0,2,1043173.0,99.9046734825004,9.98172139919436,100.63307493540051,735.3669250645995
92,1,0,5,51.0,836.0,0,3,39210.0,99.87475582939328,9.428198617742176,89.78571428571429,746.2142857142857
92,1,0,5,51.0,836.0,1,1,209715.0,99.68799356013758,9.992472812847234,326.71276595744683,509.28723404255317
92,1,0,5,51.0,836.0,1,2,187665.0,99.9046734825004,9.925565693719005,317.38125,518.61875
92,1,0,5,51.0,836.0,1,3,9112.0,87.6708396683231,9.03080580239097,228.28571428571428,607.7142857142857
92,3,1,9,470.0,620.0,1,1,11955.0,88.83160956227555,9.694544451278016,291.53333333333336,328.46666666666664
92,3,1,9,470.0,620.0,1,2,6376.0,88.02061422667254,9.997802126369336,445.375,174.625
93,0,3,3,180.0,720.0,0,1,1058829.0,99.99084963149768,9.969274091717509,92.67941176470588,627.3205882352942
93,0,3,3,180.0,720.0,0,2,894922.0,99.88863779341236,9.953394059071838,98.86101694915254,621.1389830508475
93,0,3,3,180.0,720.0,0,3,43325.0,99.1119212929471,9.963603558420854,110.66666666666667,609.3333333333334
93,0,3,3,180.0,720.0,1,1,203705.0,99.76917521526624,9.91278320127554,327.2914438502674,392.7085561497326
93,0,3,3,180.0,720.0,1,2,211536.0,99.72208865682282,9.998837122403684,342.45215311004785,377.54784688995215
93,0,3,3,180.0,720.0,1,3,6008.0,94.40512702245027,8.364448441824976,354.61538461538464,365.38461538461536
93,1,0,5,51.0,836.0,0,1,31080.0,98.24849312159895,9.314408386888784,221.125,614.875
94,0,3,3,180.0,720.0,0,1,47014.0,96.41599360778643,9.636761909553808,817.9545454545455,-97.95454545454545
94,0,3,3,180.0,720.0,0,2,32055.0,99.36262919289392,9.528611743712892,892.4,-172.4
94,0,3,3,180.0,720.0,0,3,2137.0,22.434411406491225,9.174817550341237,1003.0,-283.0
94,2,3,6,434.0,794.0,0,1,1012025.0,99.91232806339713,9.994130927547712,101.6056338028169,692.3943661971831
94,2,3,6,434.0,794.0,0,2,866736.0,99.92179554038232,9.98992408856229,102.17607973421927,691.8239202657808
94,2,3,6,434.0,794.0,0,3,47971.0,95.45995582104804,9.8481821943097,98.625,695.375
94,2,3,6,434.0,794.0,1,1,169482.0,99.90342956819634,9.968780178918747,367.4,426.6
94,2,3,6,434.0,794.0,1,2,218214.0,99.84500235698428,9.94593979657427,342.10526315789474,451.89473684210526
94,2,3,6,434.0,794.0,1,3,6138.0,96.91624492793626,9.646005861024651,283.0,511.0
95,1,1,0,83.0,932.0,0,1,902666.0,99.7912069237138,9.955709941972591,110.59818731117825,821.4018126888218
95,1,1,0,83.0,932.0,0,2,897235.0,99.43704882213132,9.955801005991948,112.8993710691824,819.1006289308176
95,1,1,0,83.0,932.0,0,3,27291.0,87.08903877505618,9.170626541069067,73.91666666666667,858.0833333333334
95,1,1,0,83.0,932.0,1,1,200356.0,99.7710197017033,9.987097669596729,433.50933333333336,498.49066666666664
95,1,1,0,83.0,932.0,1,2,216184.0,99.83034592370296,9.954969622776929,428.706329113924,503.293670886076
95,1,1,0,83.0,932.0,1,3,9331.0,98.84470173102008,9.6896446598555,465.125,466.875
95,2,3,6,434.0,794.0,1,1,12236.0,99.66746310040362,9.965717499427742,427.92857142857144,366.07142857142856
96,1,1,0,83.0,932.0,1,1,14625.0,91.37711823753662,9.514427453562227,218.53333333333333,713.4666666666667
96,1,1,0,83.0,932.0,1,2,14625.0,83.65159863411397,9.57841761903188,403.6666666666667,528.3333333333334
96,3,0,7,172.0,779.0,0,1,1040067.0,99.6814443950066,9.988613993799763,114.87878787878788,664.1212121212121
96,3,0,7,172.0,779.0,0,2,1170813.0,99.98271120810288,9.991331834982285,99.52718676122932,679.4728132387706
96,3,0,7,172.0,779.0,0,3,37655.0,98.3940141551381,8.469329763211997,127.07142857142857,651.9285714285714
96,3,0,7,172.0,779.0,1,1,196667.0,99.56350676896146,9.97842791892248,376.1598837209302,402.8401162790698
96,3,0,7,172.0,779.0,1,2,141069.0,99.9293969853248,9.942952086666542,388.4187725631769,390.5812274368231
96,3,0,7,172.0,779.0,1,3,7985.0,91.31051058728733,9.789518867418472,328.7142857142857,450.2857142857143
97,0,3,5,181.0,849.0,0,1,1033995.0,99.82938718136512,9.98196381335858,128.6098901098901,720.3901098901099
97,0,3,5,181.0,849.0,0,2,976443.0,99.13012932583857,9.960848914520207,119.466472303207,729.533527696793
97,0,3,5,181.0,849.0,0,3,38415.0,99.1836290531752,7.3465237388134526,133.66666666666666,715.3333333333334
97,0,3,5,181.0,849.0,1,1,176599.0,99.9957950499407,9.965533634347317,480.97626112759644,368.02373887240356
97,0,3,5,181.0,849.0,1,2,191696.0,99.94155563576156,9.917165191288015,448.1787709497207,400.8212290502793
97,0,3,5,181.0,849.0,1,3,7800.0,98.74820454622676,9.229881617637712,472.6666666666667,376.3333333333333
97,3,0,7,172.0,779.0,0,1,44480.0,90.23459577435912,9.823249008447396,878.35,-99.35
97,3,0,7,172.0,779.0,0,2,33360.0,98.51605487650872,9.48104482114718,952.8666666666667,-173.86666666666667
97,3,0,7,172.0,779.0,0,3,2224.0,75.9210577111048,7.131689785149988,1078.0,-299.0
98,0,3,5,181.0,849.0,0,1,37030.0,93.4513179165182,8.792330298701197,251.8,597.2
98,1,3,9,221.0,543.0,0,1,816286.0,99.60673080104206,9.950806741325271,75.46739130434783,467.5326086956522
98,1,3,9,221.0,543.0,0,2,749089.0,99.86642412556314,9.976634114285478,92.32270916334662,450.6772908366534
98,1,3,9,221.0,543.0,0,3,31219.0,97.80808740593048,8.403488587496824,85.0,458.0
98,1,3,9,221.0,543.0,1,1,229421.0,99.5905709092246,9.98745223951915,327.13563218390806,215.86436781609194
98,1,3,9,221.0,543.0,1,2,263001.0,99.90071634003242,9.909261101102384,325.2246220302376,217.77537796976242
98,1,3,9,221.0,543.0,1,3,12217.0,98.99204475450315,9.613821185562076,326.57894736842104,216.42105263157896
99,1,3,9,221.0,543.0,1,1,10965.0,99.81183170697594,9.738107489208891,794.4,-251.4
99,1,3,9,221.0,543.0,1,2,2924.0,92.3458644661136,8.572551972405813,919.25,-376.25
99,3,2,5,208.0,971.0,0,1,1055226.0,99.98887992819068,9.996573615697494,98.58695652173913,872.4130434782609
99,3,2,5,208.0,971.0,0,2,1166317.0,99.85359644031782,9.955134685311624,114.59530026109661,856.4046997389034
99,3,2,5,208.0,971.0,0,3,41847.0,98.43655960342974,9.156140622303504,84.61538461538461,886.3846153846154
99,3,2,5,208.0,971.0,1,1,182981.0,99.91596989449964,9.969049413489948,495.2278106508876,475.7721893491124
99,3,2,5,208.0,971.0,1,2,188321.0,99.62463699308218,9.92706359647734,486.0060975609756,484.9939024390244
99,3,2,5,208.0,971.0,1,3,8336.0,98.95118123066771,9.133287622567549,417.53333333333336,553.4666666666667
100,2,3,0,416.0,960.0,0,1,989412.0,99.75901631325289,9.976698750179192,97.75260416666667,862.2473958333334
100,2,3,0,416.0,960.0,0,2,830765.0,99.77885750165856,9.968314171310524,115.66374269005848,844.3362573099415
100,2,3,0,416.0,960.0,0,3,48174.0,96.36868598708868,9.726803087292843,111.55555555555556,848.4444444444445
100,2,3,0,416.0,960.0,1,1,157998.0,99.14877502134908,9.909028555093368,380.51875,579.48125
100,2,3,0,416.0,960.0,1,2,194983.0,99.60345786960475,9.998327371736483,389.2513966480447,570.7486033519554
100,2,3,0,416.0,960.0,1,3,4880.0,71.67575985185158,7.826444662506427,434.0,526.0
100,3,2,5,208.0,971.0,1,1,13243.0,97.09864080841044,9.826360297482418,218.0,753.0
100,3,2,5,208.0,971.0,1,2,11685.0,95.03075511568112,9.811565496726688,340.8,630.2
100,3,2,5,208.0,971.0,1,3,779.0,58.5530091806568,8.598351640414835,420.0,551.0
101,2,3,0,416.0,960.0,1,1,11556.0,94.41225355632022,9.362187950946687,602.6666666666666,357.3333333333333
101,3,2,6,274.0,923.0,0,1,1182429.0,99.92472622257048,9.966486509212254,118.50332594235033,804.4966740576497
101,3,2,6,274.0,923.0,0,2,1132714.0,99.9492757146292,9.924542569405109,137.14467005076142,785.8553299492386
101,3,2,6,274.0,923.0,0,3,32127.0,93.62915213663618,9.997406351597215,94.92307692307692,828.0769230769231
101,3,2,6,274.0,923.0,1,1,162548.0,99.98877862879772,9.942280627802916,352.25096525096524,570.7490347490348
101,3,2,6,274.0,923.0,1,2,199339.0,99.96920365012402,9.925017753708092,354.196261682243,568.803738317757
101,3,2,6,274.0,923.0,1,3,8848.0,98.24837641695892,9.376616991655712,310.46666666666664,612.5333333333333
102,0,2,1,394.0,551.0,0,1,623746.0,99.75180393018576,9.948031399650851,78.23275862068965,472.76724137931035
102,0,2,1,394.0,551.0,0,2,696611.0,99.95784126134386,9.989486897969496,79.18951612903226,471.81048387096774
102,0,2,1,394.0,551.0,0,3,21815.0,65.10508892884866,9.476175392114689,95.14285714285714,455.85714285714283
102,0,2,1,394.0,551.0,1,1,242754.0,99.94741193531084,9.98974779761802,417.09090909090907,133.9090909090909
102,0,2,1,394.0,551.0,1,2,241594.0,99.67301728684824,9.96740455741528,422.528384279476,128.47161572052403
102,0,2,1,394.0,551.0,1,3,11114.0,84.71156410593544,9.985031893607696,430.6666666666667,120.33333333333333
102,3,2,6,274.0,923.0,1,1,7110.0,87.08545551778172,9.903975701502448,261.8,661.2
102,3,2,6,274.0,923.0,1,2,3792.0,72.49571417044665,7.176131786354658,362.5,560.5
103,0,2,1,394.0,551.0,0,1,47415.0,94.51430174424152,9.483440877215129,219.0,332.0
103,0,2,1,394.0,551.0,0,2,18966.0,98.5350589074259,7.707789131234914,325.1666666666667,225.83333333333334
103,2,1,1,463.0,789.0,0,1,1043390.0,99.8189921166013,9.992300987700942,107.02614379084967,681.9738562091503
103,2,1,1,463.0,789.0,0,2,1158893.0,99.81953345327602,9.991276834366504,85.45698924731182,703.5430107526881
103,2,1,1,463.0,789.0,0,3,49857.0,94.5266725182968,8.97155070682947,105.11764705882354,683.8823529411765
103,2,1,1,463.0,789.0,1,1,240707.0,99.92958651992086,9.99998023251088,329.80348258706465,459.19651741293535
103,2,1,1,463.0,789.0,1,2,184079.0,99.87589712216229,9.978563189462433,366.8779761904762,422.1220238095238
103,2,1,1,463.0,789.0,1,3,5386.0,87.03884043286956,9.480477592988173,382.0,407.0
104,0,0,2,398.0,950.0,0,1,1324957.0,99.9825658190859,9.981413840717885,103.84579439252336,846.1542056074767
104,0,0,2,398.0,950.0,0,2,1195686.0,99.61771319923557,9.998186226888684,114.64953271028037,835.3504672897196
104,0,0,2,398.0,950.0,0,3,50130.0,86.57677595696363,8.703050936786468,98.625,851.375
104,0,0,2,398.0,950.0,1,1,174217.0,99.90884452367466,9.979909841876832,363.67832167832165,586.3216783216783
104,0,0,2,398.0,950.0,1,2,171997.0,99.94304810054416,9.96848997311236,394.04912280701757,555.9508771929825
104,0,0,2,398.0,950.0,1,3,7933.0,90.43422754462064,9.778100231868745,370.5,579.5
104,2,1,1,463.0,789.0,0,1,24582.0,94.78329469582842,7.154819175786268,311.0,478.0
105,0,0,2,398.0,950.0,0,1,41247.0,97.0233729486218,7.976751042211557,76.66666666666667,873.3333333333334
105,0,1,5,60.0,819.0,0,1,1049156.0,99.93495015011848,9.995635134495156,130.26575342465753,688.7342465753425
105,0,1,5,60.0,819.0,0,2,1172025.0,99.92679754908292,9.928170360226767,118.7654986522911,700.2345013477089
105,0,1,5,60.0,819.0,0,3,49899.0,94.5224416026019,9.574281156575786,169.5,649.5
105,0,1,5,60.0,819.0,1,1,167485.0,99.48044818308472,9.993859510258996,417.5603448275862,401.4396551724138
105,0,1,5,60.0,819.0,1,2,187632.0,99.9106851870256,9.986176192962652,429.8157894736842,389.1842105263158
105,0,1,5,60.0,819.0,1,3,7490.0,99.08928413127484,9.444135742413035,414.2857142857143,404.7142857142857
106,0,1,5,60.0,819.0,1,1,1844.0,65.87320700832959,8.824047269980287,198.0,621.0
106,3,2,0,398.0,791.0,0,1,883942.0,99.41065676256112,9.99105654312281,92.912,698.088
106,3,2,0,398.0,791.0,0,2,737887.0,99.77336179712164,9.996963637411596,94.65384615384616,696.3461538461538
106,3,2,0,398.0,791.0,0,3,34091.0,86.96692601348752,9.044853808901998,100.75,690.25
106,3,2,0,398.0,791.0,1,1,192470.0,99.96898279033113,9.999413469471484,330.2514450867052,460.7485549132948
106,3,2,0,398.0,791.0,1,2,200762.0,99.90788715593752,9.99033445768868,329.8510638297872,461.1489361702128
106,3,2,0,398.0,791.0,1,3,6530.0,96.9757723559562,8.803127376915182,346.6666666666667,444.3333333333333
107,2,1,2,155.0,917.0,0,1,803663.0,99.82065396154805,9.995244207274656,123.72598870056497,793.2740112994351
107,2,1,2,155.0,917.0,0,2,946910.0,99.7601045497675,9.955534472630166,102.31920199501246,814.6807980049875
107,2,1,2,155.0,917.0,0,3,29929.0,96.19609965091082,8.839556592321173,110.84615384615384,806.1538461538462
107,2,1,2,155.0,917.0,1,1,185449.0,99.52198901607846,9.963931118801565,348.83475783475785,568.1652421652421
107,2,1,2,155.0,917.0,1,2,182810.0,99.81411348282327,9.900626374391194,368.00986842105266,548.9901315789474
107,2,1,2,155.0,917.0,1,3,10144.0,95.36202409805396,8.71552988450354,285.6666666666667,631.3333333333334
107,3,2,0,398.0,791.0,0,1,17385.0,99.37099641430694,9.535319682636466,121.8,669.2
107,3,2,0,398.0,791.0,0,2,10431.0,87.38545606383646,9.73868125073259,251.77777777777777,539.2222222222222
108,2,1,2,155.0,917.0,1,1,14910.0,99.79403805521082,9.440983798535502,125.2,791.8
108,2,1,8,93.0,667.0,0,1,701876.0,99.80383785609664,9.985341083501108,88.275,578.725
108,2,1,8,93.0,667.0,0,2,905538.0,99.7886355646108,9.97714934131874,102.56657963446476,564.4334203655352
108,2,1,8,93.0,667.0,0,3,29772.0,95.60304724967152,9.77160451322416,106.66666666666667,560.3333333333334
108,2,1,8,93.0,667.0,1,1,218981.0,99.90807768710778,9.979044141939168,298.9974093264249,368.0025906735751
108,2,1,8,93.0,667.0,1,2,198718.0,99.61501607527372,9.977443358699066,349.0212121212121,317.9787878787879
108,2,1,8,93.0,667.0,1,3,8423.0,77.51616973654932,9.103321788295236,298.42857142857144,368.57142857142856
109,2,1,8,93.0,667.0,0,1,6608.0,99.4490393527515,8.363969014686253,278.0,389.0
109,3,2,7,402.0,503.0,0,1,884598.0,99.97690785040712,9.953612949027637,83.54485049833887,419.45514950166114
109,3,2,7,402.0,503.0,0,2,914964.0,99.86208678964138,9.997033852045185,67.76543209876543,435.2345679012346
109,3,2,7,402.0,503.0,0,3,46695.0,96.70564258053037,8.460990110137542,75.46666666666667,427.53333333333336
109,3,2,7,402.0,503.0,1,1,251273.0,99.7514024755897,9.951491872455737,275.20047732696895,227.79952267303102
109,3,2,7,402.0,503.0,1,2,228068.0,99.90868976613372,9.988944188202408,281.03580562659846,221.96419437340154
109,3,2,7,402.0,503.0,1,3,9110.0,97.54332984076166,9.701968247786295,245.3846153846154,257.61538461538464
110,0,1,0,140.0,780.0,0,1,1291191.0,99.50090428512678,9.994895792950595,115.56,664.44
110,0,1,0,140.0,780.0,0,2,1227220.0,99.73152518001493,9.95680087710044,92.37122969837587,687.6287703016242
110,0,1,0,140.0,780.0,0,3,54511.0,97.74875359865302,9.23850875522777,142.8235294117647,637.1764705882352
110,0,1,0,140.0,780.0,1,1,135637.0,99.60019338196912,9.920253004768774,368.36267605633805,411.63732394366195
110,0,1,0,140.0,780.0,1,2,136216.0,99.4233139737036,9.964986190578925,354.3321554770318,425.6678445229682
110,0,1,0,140.0,780.0,1,3,5290.0,84.6976889890778,9.867945503127268,398.0,382.0
110,3,2,7,402.0,503.0,1,1,10054.0,90.02801455676041,9.650789911726616,603.1818181818181,-100.18181818181819
111,0,1,0,140.0,780.0,0,1,13376.0,76.91727069227503,8.171376363189736,212.0,568.0
111,1,3,9,125.0,874.0,0,1,884100.0,99.8407884496761,9.994160580871869,104.251269035533,769.748730964467
111,1,3,9,125.0,874.0,0,2,978635.0,99.47860590717576,9.992156610584267,116.39234449760765,757.6076555023924
111,1,3,9,125.0,874.0,0,3,26027.0,95.88008862407573,9.388500467325724,141.46153846153845,732.5384615384615
111,1,3,9,125.0,874.0,1,1,163765.0,99.76068854136156,9.956597432079828,445.6583850931677,428.3416149068323
111,1,3,9,125.0,874.0,1,2,153691.0,99.83414703584792,9.970412015152307,436.80743243243245,437.19256756756755
111,1,3,9,125.0,874.0,1,3,9278.0,98.84523192242112,9.277617810124353,395.6,478.4
112,1,3,9,125.0,874.0,1,1,13062.0,89.4852742153412,9.717558196748508,306.35714285714283,567.6428571428571
112,3,2,7,297.0,529.0,0,1,764371.0,99.70538065532874,9.981437207133387,68.46564885496183,460.53435114503816
112,3,2,7,297.0,529.0,0,2,747643.0,99.70397575395928,9.99303608469518,94.94425087108014,434.05574912891984
112,3,2,7,297.0,529.0,0,3,25194.0,90.6117899977638,7.652483331506113,85.4,443.6
112,3,2,7,297.0,529.0,1,1,248079.0,99.87076569205104,9.99904818163072,382.00898876404494,146.99101123595506
112,3,2,7,297.0,529.0,1,2,227941.0,99.84099687122728,9.99699568858578,366.90845070422534,162.09154929577466
112,3,2,7,297.0,529.0,1,3,7442.0,98.38316169066574,9.634080832940542,339.1111111111111,189.88888888888889
113,2,0,8,198.0,952.0,0,1,1096629.0,99.97487756097428,9.979600664052676,149.47797356828193,802.522026431718
113,2,0,8,198.0,952.0,0,2,1112145.0,99.95926637756628,9.974162606309342,139.66132723112128,812.3386727688787
113,2,0,8,198.0,952.0,0,3,48675.0,92.18780933644744,9.208564055989852,130.05555555555554,821.9444444444445
113,2,0,8,198.0,952.0,1,1,147883.0,99.94883956845094,9.977260268200354,410.7977099236641,541.2022900763359
113,2,0,8,198.0,952.0,1,2,133954.0,99.35893984177522,9.926070785503573,367.9097472924188,584.0902527075813
113,2,0,8,198.0,952.0,1,3,6385.0,98.97408557508618,7.387344992354046,392.9,559.1
113,3,2,7,297.0,529.0,1,1,1926.0,62.49719546913453,6.754224045671072,183.0,346.0
114,0,2,4,398.0,547.0,0,1,875179.0,99.90333128234728,9.977519132422431,73.33333333333333,473.6666666666667
114,0,2,4,398.0,547.0,0,2,774977.0,99.61905162964338,9.99012373555989,94.0859375,452.9140625
114,0,2,4,398.0,547.0,0,3,36529.0,98.99153404635904,9.820125154752224,77.21428571428571,469.7857142857143
114,0,2,4,398.0,547.0,1,1,222840.0,99.9117984771114,9.95462730954751,295.0609756097561,251.9390243902439
114,0,2,4,398.0,547.0,1,2,245219.0,99.88665272407286,9.963984291833496,320.35076252723314,226.64923747276688
114,0,2,4,398.0,547.0,1,3,6549.0,88.59352166403528,9.486120181823898,299.14285714285717,247.85714285714286
114,2,0,8,198.0,952.0,0,1,14040.0,91.56740815708324,9.57985958964152,237.75,714.25
115,0,2,4,398.0,547.0,1,1,261.0,44.86377763828443,1.1337904566128931,169.0,378.0
115,0,2,6,421.0,750.0,0,1,933740.0,99.922057726161,9.947640538457716,112.746875,637.253125
115,0,2,6,421.0,750.0,0,2,1154051.0,99.9432280037808,9.94038176537593,106.05641025641026,643.9435897435898
115,0,2,6,421.0,750.0,0,3,46338.0,92.54397719296664,9.781077527294975,156.0,594.0
115,0,2,6,421.0,750.0,1,1,237928.0,99.85407086083524,9.930653306404338,406.769801980198,343.230198019802
115,0,2,6,421.0,750.0,1,2,180366.0,99.91951991025098,9.971869416859068,466.34365325077397,283.65634674922603
115,0,2,6,421.0,750.0,1,3,6164.0,94.8002227447603,9.576400516259923,388.2,361.8
116,0,2,6,421.0,750.0,0,1,17910.0,99.89428822885036,8.42865102578475,401.6,348.4
116,0,2,6,421.0,750.0,0,2,3582.0,78.31646741177471,9.09117022019521,521.0,229.0
116,3,0,2,70.0,620.0,0,1,1017090.0,99.81951713875416,9.988000103499468,80.80609418282549,539.1939058171745
116,3,0,2,70.0,620.0,0,2,727279.0,99.90058948002236,9.929005434326069,98.42760942760943,521.5723905723905
116,3,0,2,70.0,620.0,0,3,39342.0,90.80419817227175,9.458315431884165,40.6,579.4
116,3,0,2,70.0,620.0,1,1,168049.0,99.32426622671632,9.985095965768004,362.3342939481268,257.6657060518732
116,3,0,2,70.0,620.0,1,2,207538.0,99.94469833269513,9.976073839040136,354.1642512077295,265.8357487922705
116,3,0,2,70.0,620.0,1,3,5753.0,97.11986391294856,7.877402456531566,355.7692307692308,264.2307692307692
117,0,1,2,243.0,587.0,0,1,850158.0,99.97530944874612,9.939895978605175,71.35555555555555,515.6444444444444
117,0,1,2,243.0,587.0,0,2,976942.0,99.92189944447142,9.99454263714883,77.20930232558139,509.7906976744186
117,0,1,2,243.0,587.0,0,3,32295.0,96.1262934167548,9.471862844520311,104.07692307692308,482.9230769230769
117,0,1,2,243.0,587.0,1,1,240778.0,99.9227980783176,9.921661432525704,310.4194373401535,276.5805626598465
117,0,1,2,243.0,587.0,1,2,254423.0,99.80612701815772,9.99702905163927,281.19676549865227,305.80323450134773
117,0,1,2,243.0,587.0,1,3,8746.0,96.18354025350382,9.990641927084935,268.3333333333333,318.6666666666667
117,3,0,2,70.0,620.0,0,1,60840.0,94.52178113529456,9.43513892105334,388.46666666666664,231.53333333333333
118,0,1,2,243.0,587.0,1,1,1836.0,96.93167391245,5.973984281388825,167.33333333333334,419.6666666666667
118,3,0,4,450.0,802.0,0,1,995679.0,99.81168268887431,9.998687950602612,96.09756097560975,705.9024390243902
118,3,0,4,450.0,802.0,0,2,993428.0,99.93535308819048,9.963411039576052,111.62878787878788,690.3712121212121
118,3,0,4,450.0,802.0,0,3,37877.0,93.38661159350164,9.057169151977106,97.6923076923077,704.3076923076923
118,3,0,4,450.0,802.0,1,1,169830.0,99.73945705879156,9.936005823085114,345.8333333333333,456.1666666666667
118,3,0,4,450.0,802.0,1,2,156159.0,99.80988989002066,9.930985263507145,310.38485804416405,491.61514195583595
118,3,0,4,450.0,802.0,1,3,8189.0,94.41361621707236,9.619228396295684,294.93333333333334,507.06666666666666
119,3,0,4,450.0,802.0,0,1,7713.0,96.5452082817848,8.440763628728668,429.0,373.0
119,3,2,1,453.0,713.0,0,1,996959.0,99.71152884749142,9.932735626559142,105.4550408719346,607.5449591280654
119,3,2,1,453.0,713.0,0,2,1029644.0,99.79537151635104,9.96733596082014,93.84358974358975,619.1564102564103
119,3,2,1,453.0,713.0,0,3,41342.0,96.766882613685,8.624152126722334,119.66666666666667,593.3333333333334
119,3,2,1,453.0,713.0,1,1,214092.0,99.981479771909,9.986593989173686,299.90751445086704,413.09248554913296
119,3,2,1,453.0,713.0,1,2,189588.0,99.15251171957031,9.97163546551019,351.6,361.4
119,3,2,1,453.0,713.0,1,3,8631.0,88.90338398050952,9.0964548725335,433.3076923076923,279.6923076923077
120,2,3,6,74.0,864.0,0,1,1219642.0,99.90612313195106,9.935603994898631,105.61306532663316,758.3869346733668
120,2,3,6,74.0,864.0,0,2,963518.0,99.8992810046212,9.948221952286056,105.94919786096257,758.0508021390374
120,2,3,6,74.0,864.0,0,3,34326.0,85.41346347367195,9.91099971086756,115.78571428571429,748.2142857142857
120,2,3,6,74.0,864.0,1,1,177351.0,99.7024380483956,9.97989454408174,294.7724358974359,569.2275641025641
120,2,3,6,74.0,864.0,1,2,184441.0,99.72264251857966,9.962830478706756,312.4714714714715,551.5285285285286
120,2,3,6,74.0,864.0,1,3,7237.0,84.68904634921208,9.932747459608706,277.42857142857144,586.5714285714286
120,3,2,1,453.0,713.0,1,1,4470.0,97.09258563758434,9.759851646760715,730.6666666666666,-17.666666666666668
120,3,2,1,453.0,713.0,1,2,2086.0,86.27730758669378,9.567817631211469,872.0,-159.0
121,2,3,6,74.0,864.0,1,1,6498.0,95.04616716973636,9.369327356084646,307.0,557.0
121,2,3,6,74.0,864.0,1,2,5415.0,99.40167491136022,9.036491368707068,410.06666666666666,453.93333333333334
121,2,3,6,74.0,864.0,1,3,361.0,85.31366386227043,9.606791688508416,534.0,330.0
121,3,3,0,250.0,856.0,0,1,907520.0,99.66452021104632,9.986623593086344,111.95156695156695,744.048433048433
121,3,3,0,250.0,856.0,0,2,919088.0,99.8193956325751,9.976176217641642,104.6684350132626,751.3315649867374
121,3,3,0,250.0,856.0,0,3,37086.0,94.91418774354796,8.34348635119013,113.70588235294117,742.2941176470588
121,3,3,0,250.0,856.0,1,1,184746.0,99.82646590729304,9.951679871499618,412.92917847025495,443.07082152974505
121,3,3,0,250.0,856.0,1,2,173670.0,99.97199599006018,9.97192202075536,413.8447204968944,442.1552795031056
121,3,3,0,250.0,856.0,1,3,5284.0,91.19729788766934,9.579174335674235,406.5,449.5
122,1,0,9,356.0,669.0,0,1,726170.0,99.75555140926022,9.973389623712714,82.1438127090301,586.85618729097
122,1,0,9,356.0,669.0,0,2,843732.0,99.78490741024808,9.977595188685653,104.60983606557377,564.3901639344263
122,1,0,9,356.0,669.0,0,3,45023.0,86.21694607270467,8.58068100949002,110.76923076923077,558.2307692307693
122,1,0,9,356.0,669.0,1,1,201256.0,99.9788666170067,9.966793053961933,388.31476997578693,280.68523002421307
122,1,0,9,356.0,669.0,1,2,194835.0,99.78021356691148,9.972997407195331,387.37254901960785,281.62745098039215
122,1,0,9,356.0,669.0,1,3,6465.0,95.14154690198106,8.680116217329095,398.0,271.0
122,3,3,0,250.0,856.0,0,1,26176.0,85.85104872558324,9.150902154160583,253.125,602.875
123,1,0,9,356.0,669.0,1,1,3426.0,72.22089867030729,8.152486893523482,358.1666666666667,310.8333333333333
123,1,2,2,234.0,589.0,0,1,1133352.0,98.9995482506704,9.991477999853664,96.96491228070175,492.03508771929825
123,1,2,2,234.0,589.0,0,2,925368.0,99.76467446398028,9.9970757288366,90.76588628762542,498.2341137123746
123,1,2,2,234.0,589.0,0,3,25123.0,96.80760970601816,9.953617571998926,123.125,465.875
123,1,2,2,234.0,589.0,1,1,203527.0,99.912946848137,9.934350959615893,374.1340482573726,214.86595174262735
123,1,2,2,234.0,589.0,1,2,209316.0,99.89101005221696,9.98578325673322,343.515587529976,245.48441247002398
123,1,2,2,234.0,589.0,1,3,9318.0,88.89081280555537,9.481494936606044,281.5,307.5
124,1,0,4,440.0,568.0,0,1,626510.0,99.88091836655065,9.96736879811712,88.23636363636363,479.76363636363635
124,1,0,4,440.0,568.0,0,2,752999.0,99.96283998983748,9.987287344625924,61.92198581560284,506.07801418439715
124,1,0,4,440.0,568.0,0,3,24154.0,92.6675628748467,8.120484774621566,107.66666666666667,460.3333333333333
124,1,0,4,440.0,568.0,1,1,263914.0,99.98944723974242,9.973596203996085,390.99381443298967,177.0061855670103
124,1,0,4,440.0,568.0,1,2,238604.0,99.99278027091908,9.998479306438584,412.145584725537,155.854415274463
124,1,0,4,440.0,568.0,1,3,11805.0,97.51992696555496,9.217560821167403,381.63157894736844,186.3684210526316
124,1,2,2,234.0,589.0,1,1,3090.0,99.70728370172418,9.99713359589241,270.4,318.6
124,1,2,2,234.0,589.0,1,2,2472.0,92.0551269975698,9.995174851937792,436.4166666666667,152.58333333333334
125,1,0,4,440.0,568.0,0,1,49830.0,95.47090642287102,7.91043030844455,631.4666666666667,-63.46666666666667
125,1,0,4,440.0,568.0,0,2,23254.0,98.3767817195992,9.4561263400454,788.7142857142857,-220.71428571428572
125,1,1,4,324.0,754.0,0,1,955954.0,99.66094421576456,9.931123796000827,106.54054054054055,647.4594594594595
125,1,1,4,324.0,754.0,0,2,882233.0,99.32400765505432,9.942566702495366,88.53453453453453,665.4654654654655
125,1,1,4,324.0,754.0,0,3,47591.0,97.5835681183485,9.735497433657784,114.6470588235294,639.3529411764706
125,1,1,4,324.0,754.0,1,1,207759.0,99.98785812416465,9.959576618349796,416.9166666666667,337.0833333333333
125,1,1,4,324.0,754.0,1,2,206203.0,99.91770523703651,9.97746305957299,389.2513368983957,364.7486631016043
125,1,1,4,324.0,754.0,1,3,7942.0,98.67611053161676,9.0282018923933,454.0,300.0
126,1,1,4,324.0,754.0,1,1,14145.0,96.72035412136204,8.89262258308285,709.4,44.6
126,1,1,4,324.0,754.0,1,2,14145.0,89.29727967117361,8.383498393146219,917.6666666666666,-163.66666666666666
126,2,0,3,193.0,799.0,0,1,805472.0,99.48453991486002,9.991234029581571,101.7296511627907,697.2703488372093
126,2,0,3,193.0,799.0,0,2,735979.0,99.78069822469404,9.99603068720793,103.72641509433963,695.2735849056604
126,2,0,3,193.0,799.0,0,3,45460.0,96.9367777876069,7.74096255310249,70.0,729.0
126,2,0,3,193.0,799.0,1,1,196500.0,99.95425666200984,9.973415956260824,360.13296398891964,438.86703601108036
126,2,0,3,193.0,799.0,1,2,191543.0,99.87013617295138,9.99539632974708,312.49081364829397,486.50918635170603
126,2,0,3,193.0,799.0,1,3,6090.0,93.22721285846504,9.581866099070556,344.84615384615387,454.15384615384613
127,1,0,0,320.0,842.0,0,1,1033750.0,99.989672357508,9.997588023850776,97.35866983372921,744.6413301662708
127,1,0,0,320.0,842.0,0,2,918773.0,99.78202346728882,9.996753983720453,112.18648018648018,729.8135198135199
127,1,0,0,320.0,842.0,0,3,39465.0,94.3670392290164,9.900977898914904,88.16666666666667,753.8333333333334
127,1,0,0,320.0,842.0,1,1,163830.0,99.63963615354336,9.973493468742095,310.1331058020478,531.8668941979522
127,1,0,0,320.0,842.0,1,2,159160.0,99.90460365649956,9.964243953979718,331.75524475524475,510.24475524475525
127,1,0,0,320.0,842.0,1,3,4470.0,99.60735070960264,9.933996500844266,384.3,457.7
127,2,0,3,193.0,799.0,1,1,7792.0,98.99195991779511,7.669335440984407,200.75,598.25
128,1,0,0,320.0,842.0,0,1,9368.0,79.99055782927968,9.833449817871523,107.0,735.0
128,1,2,6,384.0,552.0,0,1,1018356.0,99.92689371112463,9.972437829548944,71.20111731843575,480.79888268156424
128,1,2,6,384.0,552.0,0,2,817076.0,99.702256823414,9.99968769103447,79.88148148148149,472.1185185185185
128,1,2,6,384.0,552.0,0,3,39821.0,99.40990719252548,9.297548013347177,58.0,494.0
128,1,2,6,384.0,552.0,1,1,179540.0,99.91477958758348,9.985921015000368,336.38055555555553,215.61944444444444
128,1,2,6,384.0,552.0,1,2,234339.0,99.8655690543069,9.963805030870596,308.1196388261851,243.8803611738149
128,1,2,6,384.0,552.0,1,3,7095.0,93.83941265144672,9.799722836072185,381.125,170.875
129,1,2,6,384.0,552.0,1,1,7902.0,98.98944833052076,8.528153922864059,456.44444444444446,95.55555555555556
129,1,2,6,384.0,552.0,1,2,6585.0,97.85527034553816,9.483823180725048,591.2666666666667,-39.266666666666666
129,1,2,6,384.0,552.0,1,3,439.0,56.61262875093214,9.25763907973718,683.0,-131.0
129,3,1,4,303.0,800.0,0,1,1132458.0,99.62277399880855,9.994616548680078,82.08077994428969,717.9192200557103
129,3,1,4,303.0,800.0,0,2,1047669.0,99.35983161577298,9.988654840941262,124.50473186119874,675.4952681388013
129,3,1,4,303.0,800.0,0,3,34590.0,99.68768774576148,9.069520512602145,138.0909090909091,661.9090909090909
129,3,1,4,303.0,800.0,1,1,192126.0,99.60007779403526,9.9744183219793,414.4098837209302,385.5901162790698
129,3,1,4,303.0,800.0,1,2,208555.0,99.7514874448128,9.99013264824035,358.3910761154856,441.6089238845144
129,3,1,4,303.0,800.0,1,3,8839.0,91.95060287616148,9.48980719147029,345.9375,454.0625
130,3,1,4,303.0,800.0,0,1,27224.0,85.98624974740137,8.051394693384749,155.75,644.25
130,3,3,1,212.0,595.0,0,1,697261.0,99.87312956151035,9.99140242983694,83.43034055727554,511.56965944272446
130,3,3,1,212.0,595.0,0,2,957031.0,99.93747409814588,9.970574817939283,72.85923753665689,522.1407624633431
130,3,3,1,212.0,595.0,0,3,31641.0,98.8564776100456,9.925915994719183,73.0909090909091,521.9090909090909
130,3,3,1,212.0,595.0,1,1,225335.0,99.74396515104166,9.982556935815836,292.86445012787726,302.13554987212274
130,3,3,1,212.0,595.0,1,2,217261.0,99.94369748634634,9.96883978365494,305.93582887700535,289.06417112299465
130,3,3,1,212.0,595.0,1,3,9237.0,95.961374293833,9.378993515839568,282.0,313.0
131,3,3,1,212.0,595.0,1,1,331.0,76.2255308184974,5.68972975992377,367.0,228.0
131,3,3,8,308.0,690.0,0,1,846346.0,99.71642083622412,9.986940494224555,91.06375838926175,598.9362416107383
131,3,3,8,308.0,690.0,0,2,1026268.0,99.84264931262308,9.967691645169792,102.54016620498615,587.4598337950139
131,3,3,8,308.0,690.0,0,3,41283.0,99.78253943098642,9.256967641056937,85.93333333333334,604.0666666666667
131,3,3,8,308.0,690.0,1,1,245153.0,99.87083177521482,9.986357292772151,350.9144893111639,339.0855106888361
131,3,3,8,308.0,690.0,1,2,191845.0,99.75851851110193,9.978799889164105,372.10764872521247,317.89235127478753
131,3,3,8,308.0,690.0,1,3,9102.0,94.461478987819,9.507484759099883,352.7692307692308,337.2307692307692
132,1,2,2,241.0,506.0,0,1,659697.0,99.92652233348184,9.96080313973411,70.01793721973094,435.9820627802691
132,1,2,2,241.0,506.0,0,2,779215.0,99.9049696261672,9.970947016849635,71.10144927536231,434.8985507246377
132,1,2,2,241.0,506.0,0,3,40780.0,87.07721414137943,9.680304749101923,90.27272727272727,415.72727272727275
132,1,2,2,241.0,506.0,1,1,293285.0,99.98698832504786,9.95472861133294,323.17922606924645,182.82077393075357
132,1,2,2,241.0,506.0,1,2,227598.0,99.83700008006824,9.966856056659813,317.62954545454545,188.37045454545455
132,1,2,2,241.0,506.0,1,3,11037.0,93.77894473543394,8.8209932563916,281.3888888888889,224.61111111111111
132,3,3,8,308.0,690.0,0,1,24849.0,92.66493368158255,8.983775664849281,292.6666666666667,397.3333333333333
133,1,2,2,241.0,506.0,1,1,7605.0,96.49118280989654,9.149825688126285,488.4,17.6
133,1,2,2,241.0,506.0,1,2,6084.0,92.37938466430444,9.675178450991408,619.8333333333334,-113.83333333333333
133,1,3,2,404.0,771.0,0,1,1129257.0,99.93828143786052,9.95215276590765,99.68733850129199,671.312661498708
133,1,3,2,404.0,771.0,0,2,1189955.0,99.59509929278396,9.986070803654505,113.50843373493976,657.4915662650602
133,1,3,2,404.0,771.0,0,3,49327.0,98.30601994025427,9.74073919673626,110.375,660.625
133,1,3,2,404.0,771.0,1,1,186425.0,99.28226169128604,9.990291152937877,392.3260188087774,378.6739811912226
133,1,3,2,404.0,771.0,1,2,182104.0,99.83617275267592,9.925394780662057,367.91319444444446,403.08680555555554
133,1,3,2,404.0,771.0,1,3,5977.0,79.02939774535625,9.264997977323954,431.75,339.25
134,1,3,2,404.0,771.0,0,1,31311.0,90.76531116220346,5.48042818563016,735.7142857142857,35.285714285714285
134,3,1,9,162.0,579.0,0,1,1140722.0,99.8158920393189,9.99872049821856,72.21546961325967,506.78453038674036
134,3,1,9,162.0,579.0,0,2,725811.0,99.81711594557731,9.929600761071768,73.5921568627451,505.40784313725493
134,3,1,9,162.0,579.0,0,3,42710.0,98.02798725300616,9.778707203698534,60.42857142857143,518.5714285714286
134,3,1,9,162.0,579.0,1,1,193017.0,99.93694652297744,9.99255209269851,363.16477272727275,215.83522727272728
134,3,1,9,162.0,579.0,1,2,244357.0,99.97839004289344,9.986114905605112,336.5032679738562,242.4967320261438
134,3,1,9,162.0,579.0,1,3,7223.0,97.13035245327828,7.80143930062077,300.7142857142857,278.2857142857143
135,0,2,8,457.0,554.0,0,1,923266.0,99.5669945519214,9.975609166052491,81.48203592814372,472.5179640718563
135,0,2,8,457.0,554.0,0,2,958504.0,99.94921815494268,9.991081837374718,76.53521126760563,477.46478873239437
135,0,2,8,457.0,554.0,0,3,51532.0,99.58874547741814,9.934781670925531,77.58823529411765,476.4117647058824
135,0,2,8,457.0,554.0,1,1,184027.0,99.7324381667504,9.915081347087288,336.1520618556701,217.8479381443299
135,0,2,8,457.0,554.0,1,2,183886.0,99.88185077215198,9.973375912347311,321.6565096952909,232.34349030470915
135,0,2,8,457.0,554.0,1,3,3386.0,87.65781298594962,9.448470993203312,304.6363636363636,249.36363636363637
136,0,2,8,457.0,554.0,0,1,22275.0,93.45058293220372,8.893858782217395,77.44444444444444,476.55555555555554
136,3,1,7,58.0,966.0,0,1,1158073.0,99.88979621483352,9.96993998193232,125.0625,840.9375
136,3,1,7,58.0,966.0,0,2,1027227.0,99.91953630146917,9.972045732756804,120.10301507537689,845.8969849246231
136,3,1,7,58.0,966.0,0,3,49134.0,94.983353750925,9.91852286045597,133.1764705882353,832.8235294117648
136,3,1,7,58.0,966.0,1,1,165017.0,99.99838765868684,9.87464794547796,384.90064102564105,581.099358974359
136,3,1,7,58.0,966.0,1,2,165516.0,99.27345966219248,9.914784710343604,398.81904761904764,567.1809523809524
136,3,1,7,58.0,966.0,1,3,5371.0,88.82027785691366,9.648374459929263,477.6363636363636,488.3636363636364
137,0,1,8,334.0,963.0,0,1,928784.0,99.98864256929954,9.92869010680445,93.8252688172043,869.1747311827957
137,0,1,8,334.0,963.0,0,2,872562.0,99.86353833283935,9.990223144143354,128.1734693877551,834.8265306122449
137,0,1,8,334.0,963.0,0,3,27530.0,85.59345483761335,6.977741054623959,96.81818181818181,866.1818181818181
137,0,1,8,334.0,963.0,1,1,195008.0,99.5685685672824,9.98478820486503,432.6936416184971,530.306358381503
137,0,1,8,334.0,963.0,1,2,174720.0,99.89005538799016,9.99010679842593,415.640866873065,547.359133126935
137,0,1,8,334.0,963.0,1,3,9966.0,94.5459193236816,9.995357215046846,412.5882352941176,550.4117647058823
137,3,1,7,58.0,966.0,0,1,7125.0,95.9456911830652,9.020122091408163,231.33333333333334,734.6666666666666
138,0,0,5,360.0,546.0,0,1,755246.0,99.82411013957577,9.957907206913394,76.45659163987138,469.54340836012864
138,0,0,5,360.0,546.0,0,2,852118.0,99.92957788028671,9.955128309351236,69.10543130990415,476.89456869009587
138,0,0,5,360.0,546.0,0,3,45264.0,93.28618899792458,9.341697431233884,86.15384615384616,459.84615384615387
138,0,0,5,360.0,546.0,1,1,216793.0,99.84674503790067,9.994480208330888,297.1309823677582,248.86901763224182
138,0,0,5,360.0,546.0,1,2,253723.0,99.91473358296948,9.9921507885924,292.07106598984774,253.9289340101523
138,0,0,5,360.0,546.0,1,3,8902.0,88.0368357163644,9.945206723685343,294.1333333333333,251.86666666666667
138,0,1,8,334.0,963.0,1,1,13095.0,98.18609660656696,9.608724671777477,316.3333333333333,646.6666666666666
138,0,1,8,334.0,963.0,1,2,7857.0,98.62418165693002,7.676359967444957,441.55555555555554,521.4444444444445
139,0,0,5,360.0,546.0,0,1,15315.0,94.92762707649894,9.4440949205336,64.6,481.4
139,3,1,7,89.0,847.0,0,1,1103908.0,99.65839018305368,9.947463404087705,107.62068965517241,739.3793103448276
139,3,1,7,89.0,847.0,0,2,810660.0,99.94328297610168,9.999081429289596,106.27164179104477,740.7283582089552
139,3,1,7,89.0,847.0,0,3,43971.0,94.57249175764858,9.66964081170359,102.0625,744.9375
139,3,1,7,89.0,847.0,1,1,195089.0,99.94720288219882,9.937911862828626,375.3495145631068,471.6504854368932
139,3,1,7,89.0,847.0,1,2,227122.0,99.95014050251534,9.995115036357372,360.89973614775727,486.10026385224273
139,3,1,7,89.0,847.0,1,3,8942.0,99.19607496780456,8.680066814786185,419.3333333333333,427.6666666666667
140,1,1,8,379.0,545.0,0,1,709821.0,99.95046922332816,9.92720406859744,73.55,471.45
140,1,1,8,379.0,545.0,0,2,684416.0,99.90193512955204,9.929131973121182,78.74652777777777,466.25347222222223
140,1,1,8,379.0,545.0,0,3,42192.0,99.38893940888512,9.632042888405612,57.4,487.6
140,1,1,8,379.0,545.0,1,1,229335.0,99.42552396610012,9.900270346609163,264.7030162412993,280.2969837587007
140,1,1,8,379.0,545.0,1,2,248977.0,99.93297146742132,9.99775480138255,275.6830985915493,269.3169014084507
140,1,1,8,379.0,545.0,1,3,7513.0,99.20701933521109,9.806818471175184,286.6923076923077,258.3076923076923
140,3,1,7,89.0,847.0,0,1,41184.0,74.83193531913662,8.079552881245032,296.6363636363636,550.3636363636364
141,1,1,8,379.0,545.0,0,1,47250.0,91.01945564574623,9.724170862219225,131.53333333333333,413.46666666666664
141,1,1,8,379.0,545.0,0,2,22050.0,82.15203289615808,9.009177035734927,286.57142857142856,258.42857142857144
141,3,0,2,254.0,627.0,0,1,805643.0,99.48546783848828,9.959729389136632,91.184375,535.815625
141,3,0,2,254.0,627.0,0,2,816365.0,99.99671325720142,9.997954593745051,101.82565789473684,525.1743421052631
141,3,0,2,254.0,627.0,0,3,36598.0,95.9676584892619,9.486723956092863,86.85714285714286,540.1428571428571
141,3,0,2,254.0,627.0,1,1,207170.0,99.88679973193427,9.971519562122785,373.90488431876605,253.09511568123392
141,3,0,2,254.0,627.0,1,2,217253.0,99.93215540098824,9.998227182028216,362.87344913151367,264.12655086848633
141,3,0,2,254.0,627.0,1,3,7541.0,96.59182969154034,9.857624139979746,429.42857142857144,197.57142857142858
142,0,3,7,387.0,823.0,0,1,1267479.0,99.7242565480195,9.98252547062757,125.38646288209607,697.6135371179039
142,0,3,7,387.0,823.0,0,2,1160512.0,99.9578082322682,9.990692008463505,114.33175355450237,708.6682464454976
142,0,3,7,387.0,823.0,0,3,37306.0,97.32096881337368,7.626579989172628,117.21428571428571,705.7857142857143
142,0,3,7,387.0,823.0,1,1,140689.0,99.62867716895532,9.996567909527128,374.0876494023904,448.9123505976096
142,0,3,7,387.0,823.0,1,2,161967.0,99.78246189458557,9.993767842099384,351.5239726027397,471.4760273972603
142,0,3,7,387.0,823.0,1,3,7387.0,97.20748613742887,8.491059027639963,303.35714285714283,519.6428571428571
142,3,0,2,254.0,627.0,0,1,36180.0,97.81355365489016,9.422977153250889,116.08333333333333,510.9166666666667
143,0,3,7,387.0,823.0,0,1,7850.0,76.00027234224372,9.633117512442515,327.0,496.0
143,1,1,9,164.0,564.0,0,1,856026.0,99.35937179891586,9.951618160958942,92.78321678321679,471.2167832167832
143,1,1,9,164.0,564.0,0,2,891429.0,99.98878731807402,9.94725979823852,68.40492957746478,495.59507042253523
143,1,1,9,164.0,564.0,0,3,41487.0,98.01210459138636,9.026708767893671,108.06666666666666,455.93333333333334
143,1,1,9,164.0,564.0,1,1,235593.0,99.90286753716808,9.923294371011062,352.53225806451616,211.46774193548387
143,1,1,9,164.0,564.0,1,2,230179.0,99.93261853578232,9.995463392766656,338.35962877030164,225.6403712296984
143,1,1,9,164.0,564.0,1,3,6337.0,97.00113913424173,9.847642916593824,358.53846153846155,205.46153846153845
144,1,0,0,423.0,600.0,0,1,887866.0,99.8243587488872,9.9735060422927,97.58044164037855,502.4195583596215
144,1,0,0,423.0,600.0,0,2,967373.0,99.48903406992024,9.907838696103846,89.03834808259587,510.96165191740414
144,1,0,0,423.0,600.0,0,3,31432.0,86.2241236956467,7.177492829850775,76.27272727272727,523.7272727272727
144,1,0,0,423.0,600.0,1,1,206456.0,99.48129251116308,9.983457586381045,390.5076923076923,209.4923076923077
144,1,0,0,423.0,600.0,1,2,197453.0,99.8551972775158,9.995632172615794,387.18302387267903,212.81697612732094
144,1,0,0,423.0,600.0,1,3,9247.0,99.09531927052076,9.738451944988398,323.94117647058823,276.05882352941177
144,1,1,9,164.0,564.0,1,1,7868.0,88.1509460188444,9.600052076706437,516.2857142857143,47.714285714285715
145,0,0,7,246.0,524.0,0,1,848652.0,99.97236130059522,9.92506183178561,68.93811074918567,455.0618892508143
145,0,0,7,246.0,524.0,0,2,778407.0,99.92739095645604,9.967436982620072,87.94827586206897,436.05172413793105
145,0,0,7,246.0,524.0,0,3,15590.0,83.26431585465355,8.09338686679105,78.16666666666667,445.8333333333333
145,0,0,7,246.0,524.0,1,1,241632.0,99.85301434159952,9.969826000264089,332.0536585365854,191.94634146341463
145,0,0,7,246.0,524.0,1,2,266824.0,99.43977683098645,9.988401076059146,287.8632075471698,236.13679245283018
145,0,0,7,246.0,524.0,1,3,12197.0,98.89161750273816,8.883519291322267,274.90909090909093,249.0909090909091
145,1,0,0,423.0,600.0,1,1,1182.0,97.38737339127216,4.266500655200435,591.6666666666666,8.333333333333334
146,0,0,7,246.0,524.0,1,1,2448.0,75.64929144720129,5.107600612570348,382.0,142.0
146,3,3,3,390.0,971.0,0,1,1204625.0,99.98573267225132,9.98117839920203,108.01020408163265,862.9897959183673
146,3,3,3,390.0,971.0,0,2,1140797.0,99.8595737889598,9.99856517467448,111.19109947643979,859.8089005235602
146,3,3,3,390.0,971.0,0,3,44768.0,98.17573269999797,9.749833552921434,82.8125,888.1875
146,3,3,3,390.0,971.0,1,1,170224.0,99.51553359348674,9.951242536608934,322.39263803680984,648.6073619631902
146,3,3,3,390.0,971.0,1,2,180846.0,99.82077012626856,9.984028123294,367.99399399399397,603.006006006006
146,3,3,3,390.0,971.0,1,3,5655.0,85.8719975492634,9.52038879109938,403.5,567.5
147,1,1,6,210.0,940.0,0,1,1194559.0,99.93159699629872,9.957157010929285,104.97916666666667,835.0208333333334
147,1,1,6,210.0,940.0,0,2,1314654.0,99.9758306328518,9.996935683201864,116.23360655737704,823.766393442623
147,1,1,6,210.0,940.0,0,3,48191.0,99.16316971101048,9.600920072197685,138.05555555555554,801.9444444444445
147,1,1,6,210.0,940.0,1,1,125635.0,99.61076047749724,9.976761730614228,346.67699115044246,593.3230088495575
147,1,1,6,210.0,940.0,1,2,142357.0,99.99233316558512,9.946506671271193,332.412037037037,607.5879629629629
147,1,1,6,210.0,940.0,1,3,4864.0,83.99192921003275,8.00502695318144,359.5,580.5
147,3,3,3,390.0,971.0,0,1,55230.0,87.92002998748002,9.598591331774792,495.8666666666667,475.1333333333333
147,3,3,3,390.0,971.0,0,2,44184.0,94.83005281424272,9.977547947046904,660.5,310.5
148,1,1,6,210.0,940.0,0,1,57915.0,99.88154794104446,9.8415322466445,803.6,136.4
148,1,1,6,210.0,940.0,0,2,57915.0,97.54526136773944,8.957683646144067,970.2,-30.2
148,1,1,6,210.0,940.0,0,3,3861.0,86.30046506798956,3.263048363832767,1045.0,-105.0
148,1,2,0,94.0,760.0,0,1,864265.0,99.6471728551309,9.948231113625264,103.88379204892966,656.1162079510704
148,1,2,0,94.0,760.0,0,2,789223.0,99.98947013733944,9.977350165960292,103.91950464396285,656.0804953560372
148,1,2,0,94.0,760.0,0,3,24201.0,99.60734287048628,8.861525903830698,95.33333333333333,664.6666666666666
148,1,2,0,94.0,760.0,1,1,205284.0,99.97476745372244,9.991917990903016,396.1084656084656,363.8915343915344
148,1,2,0,94.0,760.0,1,2,201042.0,99.77086945921523,9.974330649211243,397.94666666666666,362.05333333333334
148,1,2,0,94.0,760.0,1,3,9821.0,86.63403821586888,9.89607239506322,348.1111111111111,411.8888888888889
149,1,2,0,94.0,760.0,1,1,3196.0,74.46374177966209,9.342130942276022,365.75,394.25
149,1,3,3,50.0,946.0,0,1,973842.0,99.91174750603103,9.975152917791425,114.68392370572207,831.3160762942779
149,1,3,3,50.0,946.0,0,2,1187327.0,99.99015000670276,9.966292889203078,102.88705882352942,843.1129411764706
149,1,3,3,50.0,946.0,0,3,35980.0,95.95431700191538,9.700232318611256,127.86666666666666,818.1333333333333
149,1,3,3,50.0,946.0,1,1,188803.0,99.38095611142442,9.923060284787848,354.4742857142857,591.5257142857142
149,1,3,3,50.0,946.0,1,2,149783.0,99.95508290972651,9.966411530860643,398.7993079584775,547.2006920415225
149,1,3,3,50.0,946.0,1,3,5638.0,87.36290189341116,9.821144758280704,447.61538461538464,498.38461538461536
150,1,3,3,50.0,946.0,0,1,104126.0,93.28516893472566,9.762063643761884,824.0909090909091,121.9090909090909
150,1,3,3,50.0,946.0,0,2,70995.0,92.61269970401686,9.75029173715445,900.1333333333333,45.86666666666667
150,1,3,3,50.0,946.0,0,3,4733.0,48.31752575973663,2.312567985716716,987.0,-41.0
150,2,1,3,120.0,805.0,0,1,1233387.0,99.69708672195851,9.993690606275836,92.88344988344988,712.1165501165501
150,2,1,3,120.0,805.0,0,2,924533.0,99.93680911050976,9.976272142046508,102.31536388140162,702.6846361185984
150,2,1,3,120.0,805.0,0,3,61297.0,97.53194111647272,9.492076772107062,74.15789473684211,730.8421052631579
150,2,1,3,120.0,805.0,1,1,134503.0,99.98103885575388,9.960976460048268,390.6666666666667,414.3333333333333
150,2,1,3,120.0,805.0,1,2,167809.0,99.15256025457155,9.971275881870977,368.9298780487805,436.0701219512195
150,2,1,3,120.0,805.0,1,3,3843.0,84.93493394541393,9.80987588675393,274.25,530.75
151,2,1,0,182.0,862.0,0,1,973633.0,99.72904829079124,9.980816558965444,105.86486486486487,756.1351351351351
151,2,1,0,182.0,862.0,0,2,1014389.0,99.99486537442246,9.997450035920362,119.70473537604457,742.2952646239554
151,2,1,0,182.0,862.0,0,3,32686.0,95.8380276729003,9.159992148362626,136.42857142857142,725.5714285714286
151,2,1,0,182.0,862.0,1,1,190873.0,99.94322496745804,9.998465169948606,424.8626865671642,437.1373134328358
151,2,1,0,182.0,862.0,1,2,208106.0,99.92553939581332,9.999368882163813,373.83667621776505,488.16332378223495
151,2,1,0,182.0,862.0,1,3,8440.0,99.91282643365918,9.472689139972053,455.2142857142857,406.7857142857143
151,2,1,3,120.0,805.0,1,1,13650.0,97.07954756107586,9.313492211390324,299.73333333333335,505.26666666666665
151,2,1,3,120.0,805.0,1,2,5460.0,95.57209726697688,9.918632731522315,441.5,363.5
152,2,1,0,182.0,862.0,0,1,20408.0,98.23032074499628,9.554453887323834,701.375,160.625
152,3,1,0,99.0,863.0,0,1,1232278.0,99.85636767054862,9.998632841414247,99.67396593673966,763.3260340632603
152,3,1,0,99.0,863.0,0,2,1143616.0,99.78302963505476,9.991299207372286,114.96774193548387,748.0322580645161
152,3,1,0,99.0,863.0,0,3,45276.0,98.8337088386563,9.67381457334809,92.5,770.5
152,3,1,0,99.0,863.0,1,1,122519.0,99.99160898162656,9.99619884359834,313.0265780730897,549.9734219269103
152,3,1,0,99.0,863.0,1,2,144316.0,99.83474670435008,9.971063123439444,326.4548387096774,536.5451612903225
152,3,1,0,99.0,863.0,1,3,7079.0,98.79079602257984,9.77039811427878,334.25,528.75
153,1,2,7,185.0,925.0,0,1,1143643.0,99.32146703738276,9.96916008676348,113.86363636363636,811.1363636363636
153,1,2,7,185.0,925.0,0,2,1242871.0,99.99980833106778,9.99974267550315,113.59151193633953,811.4084880636605
153,1,2,7,185.0,925.0,0,3,44924.0,88.86529487206089,9.948759096229672,79.58823529411765,845.4117647058823
153,1,2,7,185.0,925.0,1,1,157362.0,99.4737498805131,9.99548771897763,357.7258566978193,567.2741433021807
153,1,2,7,185.0,925.0,1,2,157211.0,99.82029478345086,9.993860699428613,377.69135802469134,547.3086419753087
153,1,2,7,185.0,925.0,1,3,4773.0,87.41844141806831,8.724616267177975,343.4,581.6
153,3,1,0,99.0,863.0,0,1,55692.0,90.64517355429254,9.963957665353846,433.92857142857144,429.07142857142856
153,3,1,0,99.0,863.0,0,2,29835.0,90.90300906805304,9.519088082762517,447.06666666666666,415.93333333333334
153,3,1,0,99.0,863.0,0,3,1989.0,88.74057702321339,2.2418060398124684,536.0,327.0
154,1,0,5,442.0,799.0,0,1,942948.0,99.67297162299924,9.956911632970296,99.4766355140187,699.5233644859813
154,1,0,5,442.0,799.0,0,2,1026806.0,99.50836811440251,9.940426776078208,85.26610644257703,713.733893557423
154,1,0,5,442.0,799.0,0,3,37541.0,78.24802012613094,9.386249333818329,97.46153846153847,701.5384615384615
154,1,0,5,442.0,799.0,1,1,208881.0,99.86503024447552,9.975451779026606,394.80103359173125,404.19896640826875
154,1,0,5,442.0,799.0,1,2,197665.0,99.83752861005912,9.98944909931005,377.316715542522,421.683284457478
154,1,0,5,442.0,799.0,1,3,8831.0,97.58098326138578,9.129041929182725,419.0,380.0
154,1,2,7,185.0,925.0,0,1,25080.0,95.23316989875828,9.484659945700166,781.8666666666667,143.13333333333333
154,1,2,7,185.0,925.0,0,2,25080.0,96.31638045007976,9.886614709264482,968.3333333333334,-43.333333333333336
155,1,0,5,442.0,799.0,0,1,54195.0,95.12773684321031,9.92601818282736,140.4,658.6
155,1,0,5,442.0,799.0,0,2,54195.0,99.25023316930992,8.417256571901431,287.93333333333334,511.06666666666666
155,3,3,7,186.0,759.0,0,1,867388.0,99.78160427539925,9.95567193211339,82.85758513931889,676.1424148606811
155,3,3,7,186.0,759.0,0,2,962752.0,99.9927719279531,9.974766350443565,102.89080459770115,656.1091954022988
155,3,3,7,186.0,759.0,0,3,42849.0,98.7220767831348,9.928069212828806,95.58823529411765,663.4117647058823
155,3,3,7,186.0,759.0,1,1,187078.0,99.6571612523597,9.959732152335128,375.94516971279376,383.05483028720624
155,3,3,7,186.0,759.0,1,2,177238.0,99.60373682444948,9.961700343200285,441.6171428571429,317.3828571428571
155,3,3,7,186.0,759.0,1,3,6837.0,98.307526671516,9.241557132190271,404.3333333333333,354.6666666666667
156,3,0,9,319.0,824.0,0,1,1272159.0,99.72495391270046,9.953928891171644,121.93891402714932,702.0610859728507
156,3,0,9,319.0,824.0,0,2,1127185.0,99.88070532986517,9.983389234437247,112.32779097387173,711.6722090261283
156,3,0,9,319.0,824.0,0,3,48988.0,91.74092749018853,9.989347202694905,110.29411764705883,713.7058823529412
156,3,0,9,319.0,824.0,1,1,154326.0,99.86727081447764,9.98642461725938,382.53284671532845,441.46715328467155
156,3,0,9,319.0,824.0,1,2,143679.0,99.57616718403295,9.930166455021425,358.13698630136986,465.86301369863014
156,3,0,9,319.0,824.0,1,3,5536.0,89.6335843230222,9.784641364037071,393.3636363636364,430.6363636363636
156,3,3,7,186.0,759.0,1,1,1616.0,96.65315796092696,8.885624493735671,676.0,83.0
157,0,1,0,387.0,832.0,0,1,987642.0,99.97234000361163,9.935088730267491,119.84578313253012,712.1542168674699
157,0,1,0,387.0,832.0,0,2,1005044.0,99.82083819345308,9.916741479531506,106.63427109974424,725.3657289002557
157,0,1,0,387.0,832.0,0,3,39102.0,92.19003280971911,8.982789050268124,137.0625,694.9375
157,0,1,0,387.0,832.0,1,1,162035.0,99.90255935686623,9.95631279820701,312.89003436426117,519.1099656357388
157,0,1,0,387.0,832.0,1,2,180494.0,99.92832441942365,9.92949215612333,295.07491856677524,536.9250814332247
157,0,1,0,387.0,832.0,1,3,5649.0,90.39736554769884,9.03096130312384,271.8333333333333,560.1666666666666
157,3,0,9,319.0,824.0,0,1,13260.0,98.7496377993335,9.043946599570043,121.33333333333333,702.6666666666666
157,3,0,9,319.0,824.0,0,2,13260.0,94.72486059221453,9.024776249819489,282.3333333333333,541.6666666666666
158,0,1,0,387.0,832.0,0,1,56758.0,98.20155872571816,9.100672670060224,809.1538461538462,22.846153846153847
158,1,1,8,305.0,845.0,0,1,1116233.0,99.91863809396992,9.986069740670118,115.27486910994764,729.7251308900524
158,1,1,8,305.0,845.0,0,2,1193944.0,99.94648021208252,9.992583367188033,93.71728971962617,751.2827102803739
158,1,1,8,305.0,845.0,0,3,38919.0,93.42889348715607,9.63017405616112,85.28571428571429,759.7142857142857
158,1,1,8,305.0,845.0,1,1,189988.0,99.65640453869412,9.958009613604675,314.73926380368096,530.260736196319
158,1,1,8,305.0,845.0,1,2,162275.0,99.97794326439008,9.920455525919818,310.91289198606273,534.0871080139373
158,1,1,8,305.0,845.0,1,3,8615.0,89.30547563853024,8.675449574071667,254.64285714285714,590.3571428571429
159,1,1,8,305.0,845.0,0,1,68205.0,93.71531698180192,9.450114286645398,667.6,177.4
159,1,1,8,305.0,845.0,0,2,36376.0,89.20058128086639,9.757927667710952,792.75,52.25
159,2,0,4,151.0,633.0,0,1,878632.0,99.42483169175216,9.998597434599406,82.59223300970874,550.4077669902913
159,2,0,4,151.0,633.0,0,2,821462.0,99.50868853772216,9.986115792126744,98.01465201465201,534.985347985348
159,2,0,4,151.0,633.0,0,3,35766.0,98.62412396880605,8.827832443960228,101.58333333333333,531.4166666666666
159,2,0,4,151.0,633.0,1,1,196836.0,99.83011008725404,9.995843405588204,347.7833753148615,285.2166246851385
159,2,0,4,151.0,633.0,1,2,229977.0,99.86908328107997,9.981186987787124,357.9815668202765,275.0184331797235
159,2,0,4,151.0,633.0,1,3,7333.0,93.12476437580256,9.788613531379424,351.4375,281.5625
160,0,0,7,182.0,942.0,0,1,1017370.0,99.98996301572248,9.902987421366644,107.31865284974093,834.6813471502591
160,0,0,7,182.0,942.0,0,2,1165713.0,99.94122532150271,9.98730458980828,101.76202531645569,840.2379746835443
160,0,0,7,182.0,942.0,0,3,41940.0,94.60750275264768,9.692629338548151,118.6,823.4
160,0,0,7,182.0,942.0,1,1,191548.0,99.87866828871816,9.962611223887947,333.140625,608.859375
160,0,0,7,182.0,942.0,1,2,198992.0,99.99258568129684,9.965552642209683,314.4031746031746,627.5968253968254
160,0,0,7,182.0,942.0,1,3,8632.0,96.87077927234772,8.950480178977523,320.61538461538464,621.3846153846154
160,2,0,4,151.0,633.0,1,1,13230.0,97.19156134276206,8.070875495745906,641.4,-8.4
160,2,0,4,151.0,633.0,1,2,3528.0,92.0045780936316,2.33901611647752,737.25,-104.25
161,0,0,7,182.0,942.0,1,1,7760.0,91.23810453074223,8.674168317919692,91.4,850.6
161,3,2,8,439.0,858.0,0,1,1279869.0,99.74124578740684,9.982555548596505,101.22566371681415,756.7743362831858
161,3,2,8,439.0,858.0,0,2,1266670.0,99.95221940254568,9.983243401573064,122.53596287703016,735.4640371229698
161,3,2,8,439.0,858.0,0,3,38687.0,90.82545974695144,9.86112062434218,94.8,763.2
161,3,2,8,439.0,858.0,1,1,129736.0,99.70005802427087,9.976982521348074,362.8115384615385,495.1884615384615
161,3,2,8,439.0,858.0,1,2,150555.0,99.67499943141432,9.997913724502734,313.24381625441697,544.756183745583
161,3,2,8,439.0,858.0,1,3,6064.0,93.4180995739146,8.760920216069826,308.84615384615387,549.1538461538462
162,1,2,0,65.0,627.0,0,1,833495.0,98.86781872575982,9.968582815484918,80.19858156028369,546.8014184397163
162,1,2,0,65.0,627.0,0,2,872742.0,99.2829069048797,9.95916574063802,89.44107744107744,537.5589225589225
162,1,2,0,65.0,627.0,0,3,26934.0,99.31096355527863,9.61456715979086,91.44444444444444,535.5555555555555
162,1,2,0,65.0,627.0,1,1,264078.0,99.62532926347362,9.998961320705174,343.3764705882353,283.6235294117647
162,1,2,0,65.0,627.0,1,2,273666.0,99.84541591679272,9.995962096604664,349.94160583941607,277.05839416058393
162,1,2,0,65.0,627.0,1,3,11472.0,93.75246074965284,8.009339616304105,358.10526315789474,268.89473684210526
162,3,2,8,439.0,858.0,1,1,4095.0,77.94199560254744,8.675348810814036,572.0666666666667,285.93333333333334
162,3,2,8,439.0,858.0,1,2,1911.0,93.22631500209364,6.011944623783133,713.8571428571429,144.14285714285714
163,1,2,0,65.0,627.0,0,1,4725.0,71.18953840060792,7.135816489481826,435.0,192.0
163,3,1,3,444.0,902.0,0,1,1257741.0,99.960927880133,9.98398803653022,97.63425925925925,804.3657407407408
163,3,1,3,444.0,902.0,0,2,1287081.0,99.92406222045108,9.9809399826846,129.9318181818182,772.0681818181819
163,3,1,3,444.0,902.0,0,3,45411.0,91.71583022102578,9.787624251660354,122.94117647058823,779.0588235294117
163,3,1,3,444.0,902.0,1,1,182834.0,99.80941252160248,9.925915636702095,362.1522491349481,539.8477508650519
163,3,1,3,444.0,902.0,1,2,178712.0,99.73999239553235,9.986111797001437,352.3381818181818,549.6618181818181
163,3,1,3,444.0,902.0,1,3,5418.0,88.7462127819469,9.856186482420217,392.27272727272725,509.72727272727275
164,2,1,4,430.0,939.0,0,1,1109498.0,99.84469201125587,9.992287206651394,100.34688346883469,838.6531165311653
164,2,1,4,430.0,939.0,0,2,1157819.0,99.86652170836388,9.99417446676309,96.17884130982368,842.8211586901763
164,2,1,4,430.0,939.0,0,3,42471.0,96.25390649558123,8.57959787386427,115.92857142857143,823.0714285714286
164,2,1,4,430.0,939.0,1,1,200874.0,99.93970349833108,9.983194276854862,354.7134670487106,584.2865329512894
164,2,1,4,430.0,939.0,1,2,180365.0,99.45213686078122,9.841893128129993,359.11708860759495,579.882911392405
164,2,1,4,430.0,939.0,1,3,8190.0,86.85744702214913,9.41613830091034,320.85714285714283,618.1428571428571
164,3,1,3,444.0,902.0,1,1,762.0,78.99441786485858,7.872563665456753,404.0,498.0
165,0,0,3,145.0,754.0,0,1,998520.0,99.6471034705876,9.942439374228556,115.48837209302326,638.5116279069767
165,0,0,3,145.0,754.0,0,2,833157.0,98.78028564585244,9.981163874670422,84.47289156626506,669.527108433735
165,0,0,3,145.0,754.0,0,3,40704.0,99.47130019608468,9.846402899478116,113.83333333333333,640.1666666666666
165,0,0,3,145.0,754.0,1,1,180303.0,99.81251556284325,9.97530405604892,319.4685534591195,434.5314465408805
165,0,0,3,145.0,754.0,1,2,210698.0,99.5767803442146,9.960866207252398,266.8921052631579,487.1078947368421
165,0,0,3,145.0,754.0,1,3,4842.0,91.93077825972486,9.7928574900961,307.0,447.0
165,2,1,4,430.0,939.0,1,1,13635.0,97.73912972607889,9.75420507522636,765.6666666666666,173.33333333333334
165,2,1,4,430.0,939.0,1,2,2727.0,50.34809015317904,9.57041007494287,858.3333333333334,80.66666666666667
166,0,0,3,145.0,754.0,0,1,8460.0,96.32956673905582,8.55792949858136,774.8666666666667,-20.866666666666667
166,0,0,3,145.0,754.0,0,2,1692.0,70.23800557207704,6.770123558550841,899.0,-145.0
166,0,2,8,109.0,641.0,0,1,615816.0,99.92622433968022,9.940899384849327,88.40265486725664,552.5973451327434
166,0,2,8,109.0,641.0,0,2,716438.0,99.65493746658606,9.99188982321764,73.9616724738676,567.0383275261324
166,0,2,8,109.0,641.0,0,3,26327.0,87.22416346216617,7.205605787307699,93.2,547.8
166,0,2,8,109.0,641.0,1,1,258205.0,99.96266724002336,9.971078728486688,356.35,284.65
166,0,2,8,109.0,641.0,1,2,243369.0,99.77535983233716,9.96505029857364,351.6816037735849,289.3183962264151
166,0,2,8,109.0,641.0,1,3,8704.0,94.83866497820505,9.71175623777889,283.22222222222223,357.77777777777777
167,0,2,1,212.0,778.0,0,1,1135079.0,99.95187095265024,9.983809136881982,104.59909909909909,673.4009009009009
167,0,2,1,212.0,778.0,0,2,824853.0,99.94961183412374,9.997140573940207,97.55828220858896,680.4417177914111
167,0,2,1,212.0,778.0,0,3,42103.0,73.29133245239134,9.911427544861198,80.14285714285714,697.8571428571429
167,0,2,1,212.0,778.0,1,1,156977.0,99.79450750873173,9.997761383132552,340.4029304029304,437.5970695970696
167,0,2,1,212.0,778.0,1,2,226344.0,99.73685377946354,9.998764570292945,317.5581395348837,460.4418604651163
167,0,2,1,212.0,778.0,1,3,7271.0,97.17949040049518,9.049694387504466,375.64285714285717,402.35714285714283
167,0,2,8,109.0,641.0,1,1,1696.0,96.38658742875404,9.671801373382433,33.0,608.0
168,0,2,1,212.0,778.0,0,1,11802.0,97.79455694986392,8.985423873800304,411.42857142857144,366.57142857142856
168,2,2,2,224.0,910.0,0,1,1035847.0,99.97742217985254,9.9777938132011,112.00771208226222,797.9922879177378
168,2,2,2,224.0,910.0,0,2,1208651.0,99.77256518627296,9.98705732697556,116.53435114503817,793.4656488549618
168,2,2,2,224.0,910.0,0,3,41267.0,93.02080817859392,9.98927001806748,134.9375,775.0625
168,2,2,2,224.0,910.0,1,1,167675.0,99.81471671749452,9.981079822039602,377.49538461538464,532.5046153846154
168,2,2,2,224.0,910.0,1,2,178408.0,99.1053371224781,9.989515626637482,356.81931464174454,553.1806853582555
168,2,2,2,224.0,910.0,1,3,6730.0,98.15336836186962,9.60932072146158,307.9166666666667,602.0833333333334
169,0,1,7,438.0,833.0,0,1,807954.0,99.99519083747244,9.961646808273054,130.6590163934426,702.3409836065574
169,0,1,7,438.0,833.0,0,2,894046.0,99.85053316917336,9.997547100556664,117.42774566473989,715.5722543352601
169,0,1,7,438.0,833.0,0,3,31058.0,99.24156759689356,9.382018040616746,112.61538461538461,720.3846153846154
169,0,1,7,438.0,833.0,1,1,216498.0,99.65859026294972,9.996023559378992,433.76341463414633,399.23658536585367
169,0,1,7,438.0,833.0,1,2,199666.0,99.87319266644428,9.976992349682895,456.91327913279133,376.08672086720867
169,0,1,7,438.0,833.0,1,3,8129.0,96.42389564442406,8.60388502060896,472.3333333333333,360.6666666666667
169,2,2,2,224.0,910.0,1,1,4296.0,82.53200187173476,9.936643641938884,657.8333333333334,252.16666666666666
170,0,1,7,438.0,833.0,0,1,26418.0,84.35047277772492,9.744222845599325,632.2857142857143,200.71428571428572
170,3,2,0,244.0,851.0,0,1,946257.0,99.91264728711704,9.999682736236776,95.57591623036649,755.4240837696335
170,3,2,0,244.0,851.0,0,2,931578.0,99.8492934092425,9.977631264354926,100.04325699745547,750.9567430025445
170,3,2,0,244.0,851.0,0,3,37664.0,93.84947426710497,9.653766602522143,124.25,726.75
170,3,2,0,244.0,851.0,1,1,191247.0,99.9051143469628,9.998533272125195,314.3024691358025,536.6975308641976
170,3,2,0,244.0,851.0,1,2,191753.0,99.53998835595094,9.981578333777192,313.3167701863354,537.6832298136646
170,3,2,0,244.0,851.0,1,3,5357.0,97.8130006590759,9.623676626618126,303.3333333333333,547.6666666666666
171,2,1,7,215.0,518.0,0,1,923860.0,99.89502360493324,9.993590416097144,75.16883116883118,442.83116883116884
171,2,1,7,215.0,518.0,0,2,865901.0,99.85386372560068,9.917542007529244,79.87372013651877,438.1262798634812
171,2,1,7,215.0,518.0,0,3,38884.0,94.38454491010432,8.762905980603485,57.76923076923077,460.2307692307692
171,2,1,7,215.0,518.0,1,1,240574.0,99.40264262770944,9.983417294180365,321.89974937343356,196.1002506265664
171,2,1,7,215.0,518.0,1,2,242906.0,99.6404532804512,9.991987295109473,323.42417061611377,194.57582938388626
171,2,1,7,215.0,518.0,1,3,8258.0,80.49269443574484,9.804627975048865,321.6666666666667,196.33333333333334
171,3,2,0,244.0,851.0,1,1,9840.0,99.40160992648016,8.794231642661437,253.73333333333332,597.2666666666667
172,1,1,5,325.0,854.0,0,1,1143290.0,99.91358293053048,9.998754530404582,120.13785046728972,733.8621495327103
172,1,1,5,325.0,854.0,0,2,1212363.0,99.69055197857892,9.9720022034556,108.51732101616628,745.4826789838337
172,1,1,5,325.0,854.0,0,3,48347.0,98.36551407398905,9.721028467512628,98.82352941176471,755.1764705882352
172,1,1,5,325.0,854.0,1,1,151213.0,99.88536129184828,9.941443980345737,313.21985815602835,540.7801418439716
172,1,1,5,325.0,854.0,1,2,160831.0,99.26737665084715,9.983026617643857,316.1142857142857,537.8857142857142
172,1,1,5,325.0,854.0,1,3,6281.0,95.21133752559476,9.85605579422775,302.3636363636364,551.6363636363636
172,2,1,7,215.0,518.0,0,1,8657.0,97.76698419250909,8.771558373699435,724.6363636363636,-206.63636363636363
173,2,0,9,297.0,608.0,0,1,872682.0,99.92580186858588,9.999464295320118,83.81308411214954,524.1869158878504
173,2,0,9,297.0,608.0,0,2,1116113.0,99.87275220143984,9.99885779579122,94.56930693069307,513.4306930693069
173,2,0,9,297.0,608.0,0,3,40921.0,98.40083616854112,9.90108377900868,111.86666666666666,496.1333333333333
173,2,0,9,297.0,608.0,1,1,211355.0,99.05377499144682,9.995650140791351,339.8825,268.1175
173,2,0,9,297.0,608.0,1,2,190592.0,99.9756823478084,9.978889410727378,362.6881028938907,245.3118971061093
173,2,0,9,297.0,608.0,1,3,7371.0,95.63723514072448,9.57963519755866,285.0769230769231,322.9230769230769
174,1,0,0,342.0,568.0,0,1,781644.0,99.76300232095886,9.997987986836687,88.41758241758242,479.5824175824176
174,1,0,0,342.0,568.0,0,2,821882.0,99.77009869649876,9.944196507167163,92.29391891891892,475.7060810810811
174,1,0,0,342.0,568.0,0,3,25999.0,92.0123033198856,9.06959708395402,98.75,469.25
174,1,0,0,342.0,568.0,1,1,263107.0,99.63469384875938,9.983768931848536,346.46774193548384,221.53225806451613
174,1,0,0,342.0,568.0,1,2,232662.0,99.81203872033872,9.994251415688556,377.5352798053528,190.4647201946472
174,1,0,0,342.0,568.0,1,3,10942.0,99.23072790120426,9.898107368031631,403.85,164.15
174,2,0,9,297.0,608.0,0,1,22800.0,97.51742425519308,9.325074950984003,137.8,470.2
174,2,0,9,297.0,608.0,0,2,10640.0,98.19732909408772,8.081978917203188,264.7142857142857,343.2857142857143
175,1,0,0,342.0,568.0,0,1,6104.0,74.1128156701393,9.635760264316518,145.5,422.5
175,1,2,4,57.0,932.0,0,1,1005779.0,99.83811860778464,9.978048696706953,117.05486284289277,814.9451371571072
175,1,2,4,57.0,932.0,0,2,977134.0,99.99109287005132,9.972126490111268,125.86225895316804,806.1377410468319
175,1,2,4,57.0,932.0,0,3,50871.0,89.23129200080804,8.936461729044156,146.11111111111111,785.8888888888889
175,1,2,4,57.0,932.0,1,1,184669.0,99.87727589927816,9.997122855050517,440.50473186119876,491.49526813880124
175,1,2,4,57.0,932.0,1,2,192949.0,99.86545400031316,9.959868729520313,416.34375,515.65625
175,1,2,4,57.0,932.0,1,3,5978.0,95.13679797618524,8.428257588630661,407.0,525.0
176,1,2,4,57.0,932.0,0,1,26175.0,94.33752952241812,9.3976588865517,237.13333333333333,694.8666666666667
176,1,2,4,57.0,932.0,0,2,12215.0,81.3139579309179,9.575308846725006,366.42857142857144,565.5714285714286
176,3,3,8,214.0,664.0,0,1,973727.0,99.78577477919576,9.979264353910702,83.26530612244898,580.734693877551
176,3,3,8,214.0,664.0,0,2,884318.0,99.61009838658104,9.838732437180024,86.15449438202248,577.8455056179776
176,3,3,8,214.0,664.0,0,3,26105.0,99.13356076718544,9.372375253017251,77.36363636363636,586.6363636363636
176,3,3,8,214.0,664.0,1,1,212079.0,99.89204791021471,9.92531432242196,284.6629834254144,379.3370165745856
176,3,3,8,214.0,664.0,1,2,188587.0,99.97630970117676,9.99665423579584,296.12784090909093,367.87215909090907
176,3,3,8,214.0,664.0,1,3,11136.0,98.53500683844668,9.192944050451018,250.23529411764707,413.7647058823529
177,2,1,7,99.0,873.0,0,1,1271728.0,99.94275154927308,9.982359532803269,94.51473922902494,778.4852607709751
177,2,1,7,99.0,873.0,0,2,1227519.0,99.92762653811708,9.994240964357235,115.4919168591224,757.5080831408776
177,2,1,7,99.0,873.0,0,3,56410.0,99.31521998352136,8.983640650970239,90.5,782.5
177,2,1,7,99.0,873.0,1,1,139305.0,99.60013030970332,9.979908052463472,273.7343173431734,599.2656826568266
177,2,1,7,99.0,873.0,1,2,152599.0,99.89607152438552,9.982670775032874,260.2455516014235,612.7544483985765
177,2,1,7,99.0,873.0,1,3,5804.0,93.23842920712111,9.24921697872644,208.54545454545453,664.4545454545455
177,3,3,8,214.0,664.0,0,1,15792.0,77.55438967401827,9.54214350232237,744.625,-80.625
178,1,2,9,456.0,733.0,0,1,826579.0,99.9348322252613,9.914794774938166,101.24,631.76
178,1,2,9,456.0,733.0,0,2,1007028.0,99.86644378504428,9.957435431435474,98.29357798165138,634.7064220183486
178,1,2,9,456.0,733.0,0,3,45334.0,86.23118364299596,9.862243152078255,114.2,618.8
178,1,2,9,456.0,733.0,1,1,216342.0,99.03401586223866,9.95270064706776,420.68275862068964,312.31724137931036
178,1,2,9,456.0,733.0,1,2,175719.0,99.7206487936524,9.97743504187134,482.06976744186045,250.93023255813952
178,1,2,9,456.0,733.0,1,3,6931.0,93.61825178170557,8.121962188640804,457.0,276.0
178,2,1,7,99.0,873.0,1,1,6540.0,96.7180852731085,9.865969667388573,177.1,695.9
179,1,2,9,456.0,733.0,1,1,3890.0,84.65967343616414,6.496025452416957,367.2,365.8
179,3,1,9,393.0,586.0,0,1,748864.0,99.91909644896272,9.98818096130247,77.57666666666667,508.42333333333335
179,3,1,9,393.0,586.0,0,2,611422.0,99.99449179002066,9.992910207588924,78.34362934362935,507.65637065637065
179,3,1,9,393.0,586.0,0,3,29903.0,98.9976724346994,9.929253604945082,107.16666666666667,478.8333333333333
179,3,1,9,393.0,586.0,1,1,221719.0,99.79207094985816,9.977731327394723,413.6120481927711,172.38795180722892
179,3,1,9,393.0,586.0,1,2,256008.0,99.5800674636156,9.959509549720396,368.1894273127753,217.81057268722466
179,3,1,9,393.0,586.0,1,3,8491.0,97.66669332904095,8.54988081281598,398.4375,187.5625
180,1,2,8,360.0,756.0,0,1,1014902.0,99.7527957869848,9.90339913911864,103.63057324840764,652.3694267515923
180,1,2,8,360.0,756.0,0,2,962440.0,99.75476738042958,9.89858002489656,96.04907975460122,659.9509202453987
180,1,2,8,360.0,756.0,0,3,30883.0,87.85681203953143,8.88512534799536,121.18181818181819,634.8181818181819
180,1,2,8,360.0,756.0,1,1,222824.0,99.7866364852418,9.998530643326015,370.0200501253133,385.9799498746867
180,1,2,8,360.0,756.0,1,2,215648.0,99.8592183252151,9.9948330098446,391.9173126614987,364.0826873385013
180,1,2,8,360.0,756.0,1,3,9141.0,90.03547587112446,9.351183200164346,429.05882352941177,326.94117647058823
180,3,1,9,393.0,586.0,1,1,1080.0,90.95218644853644,8.031506409528749,207.1,378.9
181,1,2,8,360.0,756.0,0,1,6644.0,78.34563877367555,5.56288694401335,38.5,717.5
181,2,2,2,251.0,581.0,0,1,936083.0,99.9327676571317,9.9596298478946,103.89944134078212,477.1005586592179
181,2,2,2,251.0,581.0,0,2,532773.0,99.59762581186445,9.932698008384902,86.04741379310344,494.95258620689657
181,2,2,2,251.0,581.0,0,3,27777.0,98.95275557845268,9.92628701752478,55.416666666666664,525.5833333333334
181,2,2,2,251.0,581.0,1,1,228271.0,99.85000363336228,9.999484535608351,389.0055248618784,191.99447513812154
181,2,2,2,251.0,581.0,1,2,277634.0,99.91429588272608,9.986449470449784,321.89233954451345,259.10766045548655
181,2,2,2,251.0,581.0,1,3,9393.0,88.02239507373363,9.100419055995234,334.125,246.875
182,2,2,2,251.0,581.0,1,1,4296.0,91.53648134681968,8.169402000833852,261.375,319.625
182,3,2,1,410.0,663.0,0,1,762098.0,99.7809099997334,9.986488718432268,91.24232081911263,571.7576791808874
182,3,2,1,410.0,663.0,0,2,814648.0,99.82609354343592,9.947116389091375,68.51351351351352,594.4864864864865
182,3,2,1,410.0,663.0,0,3,40913.0,96.65774039170036,8.085921509102802,87.42857142857143,575.5714285714286
182,3,2,1,410.0,663.0,1,1,228697.0,99.83830123123124,9.948586786052887,321.4452380952381,341.5547619047619
182,3,2,1,410.0,663.0,1,2,215200.0,99.76941621296076,9.996650585561408,330.8615751789976,332.1384248210024
182,3,2,1,410.0,663.0,1,3,7052.0,99.7433911678063,9.94506730133502,315.35714285714283,347.64285714285717
183,1,2,4,213.0,869.0,0,1,1010629.0,99.15497350866453,9.96054334624392,88.47814910025707,780.521850899743
183,1,2,4,213.0,869.0,0,2,860234.0,99.9340042738706,9.993801515118449,103.51810584958217,765.4818941504178
183,1,2,4,213.0,869.0,0,3,30142.0,99.02810562666464,9.009075895802289,89.15384615384616,779.8461538461538
183,1,2,4,213.0,869.0,1,1,204131.0,99.85107206285156,9.987885363547331,337.2928348909657,531.7071651090342
183,1,2,4,213.0,869.0,1,2,216959.0,99.86257177538708,9.981605992349854,308.17977528089887,560.8202247191011
183,1,2,4,213.0,869.0,1,3,8594.0,96.0271096719687,9.982667509453735,384.1333333333333,484.8666666666667
183,3,2,1,410.0,663.0,0,1,28870.0,98.45197006265025,9.813613962762442,205.7,457.3
184,1,2,4,213.0,869.0,0,1,11493.0,85.00852148231854,8.902039698727462,569.3333333333334,299.6666666666667
184,2,2,9,412.0,689.0,0,1,802514.0,99.61914355354192,9.987618505017927,70.71804511278195,618.281954887218
184,2,2,9,412.0,689.0,0,2,1036798.0,99.98222182837196,9.989159522222046,101.84394904458598,587.156050955414
184,2,2,9,412.0,689.0,0,3,26615.0,91.27397093774142,8.075615879825138,93.375,595.625
184,2,2,9,412.0,689.0,1,1,223214.0,99.97065775438696,9.987795812023336,366.34831460674155,322.65168539325845
184,2,2,9,412.0,689.0,1,2,201911.0,99.99550143357834,9.975577766771504,398.7919799498747,290.2080200501253
184,2,2,9,412.0,689.0,1,3,10762.0,98.27696732101772,9.907527490217234,332.05,356.95
185,0,3,3,254.0,875.0,0,1,968780.0,99.87348643465684,9.992252933085284,132.13541666666666,742.8645833333334
185,0,3,3,254.0,875.0,0,2,826988.0,99.9788382764392,9.999214446724254,115.93715846994536,759.0628415300547
185,0,3,3,254.0,875.0,0,3,35379.0,92.7415917436531,9.315809598514193,116.86666666666666,758.1333333333333
185,0,3,3,254.0,875.0,1,1,196932.0,99.94879820375884,9.995673311304204,517.2017804154302,357.7982195845697
185,0,3,3,254.0,875.0,1,2,208896.0,99.79903051225388,9.981078455752904,508.93409742120343,366.06590257879657
185,0,3,3,254.0,875.0,1,3,8493.0,78.8586573538646,8.776314574915475,599.0769230769231,275.9230769230769
186,0,3,3,254.0,875.0,1,1,6465.0,99.30862712192275,9.39311968293211,490.26666666666665,384.73333333333335
186,0,3,3,254.0,875.0,1,2,862.0,74.96077216279052,8.521797417556414,605.5,269.5
186,3,3,7,272.0,992.0,0,1,1283052.0,98.941975806984,9.986417826173874,127.00652173913043,864.9934782608696
186,3,3,7,272.0,992.0,0,2,1325575.0,99.76622830421512,9.95698110272092,123.50836820083683,868.4916317991632
186,3,3,7,272.0,992.0,0,3,45893.0,86.54460975793525,8.661952637819155,125.29411764705883,866.7058823529412
186,3,3,7,272.0,992.0,1,1,134911.0,99.93799742240628,9.984182406083576,384.8744939271255,607.1255060728745
186,3,3,7,272.0,992.0,1,2,147452.0,99.97955183679989,9.996595201182442,409.8553191489362,582.1446808510639
186,3,3,7,272.0,992.0,1,3,6818.0,83.5584318234964,9.778068639880592,321.45454545454544,670.5454545454545
187,1,2,8,70.0,659.0,0,1,851151.0,99.942510879791,9.993864240608447,75.63920454545455,583.3607954545455
187,1,2,8,70.0,659.0,0,2,860392.0,99.84141595345166,9.939734553232768,92.30625,566.69375
187,1,2,8,70.0,659.0,0,3,35315.0,95.93720325300276,9.548200654158542,72.07692307692308,586.9230769230769
187,1,2,8,70.0,659.0,1,1,218066.0,99.88819654315655,9.998373287810308,336.64022662889516,322.35977337110484
187,1,2,8,70.0,659.0,1,2,224179.0,99.77315723290806,9.96572286000294,339.9265091863517,319.0734908136483
187,1,2,8,70.0,659.0,1,3,8740.0,87.69286120379601,6.896247102638606,317.46666666666664,341.53333333333336
187,3,3,7,272.0,992.0,0,1,31725.0,99.38323256247432,9.105477135210258,775.7333333333333,216.26666666666668
187,3,3,7,272.0,992.0,0,2,29610.0,94.14197605960268,9.763701681361766,943.6428571428571,48.357142857142854
188,1,2,8,70.0,659.0,0,1,35850.0,93.87271134069776,9.931907235456782,494.0,165.0
188,2,2,9,257.0,768.0,0,1,1228359.0,99.35326774388184,9.955529233745724,109.76605504587155,658.2339449541284
188,2,2,9,257.0,768.0,0,2,1053023.0,99.77274058120592,9.996518568672878,108.67357512953367,659.3264248704663
188,2,2,9,257.0,768.0,0,3,40146.0,92.47868799601302,9.496842174267242,56.30769230769231,711.6923076923077
188,2,2,9,257.0,768.0,1,1,138841.0,99.6763872858298,9.98609050448397,348.8188405797101,419.1811594202899
188,2,2,9,257.0,768.0,1,2,176641.0,99.90192167251882,9.96803637667116,303.4376899696049,464.5623100303951
188,2,2,9,257.0,768.0,1,3,9667.0,98.95975431104604,9.200904762591822,322.46666666666664,445.53333333333336
189,0,1,2,410.0,875.0,0,1,1300663.0,99.63322831044246,9.976526906618869,113.29032258064517,761.7096774193549
189,0,1,2,410.0,875.0,0,2,1268141.0,99.80415309142224,9.997511344455043,108.91910112359551,766.0808988764045
189,0,1,2,410.0,875.0,0,3,41536.0,96.53939671254972,9.762541082989378,107.5,767.5
189,0,1,2,410.0,875.0,1,1,153115.0,99.34654633658404,9.99987519710194,318.64285714285717,556.3571428571429
189,0,1,2,410.0,875.0,1,2,152495.0,99.9108394767838,9.960161086841518,313.453531598513,561.546468401487
189,0,1,2,410.0,875.0,1,3,6671.0,97.81864058446716,7.715219169267653,297.5833333333333,577.4166666666666
189,2,2,9,257.0,768.0,1,1,5586.0,92.08205220862742,9.48018187977205,673.0,95.0
190,0,1,2,410.0,875.0,0,1,46140.0,94.63899745740656,9.238079220158491,632.4666666666667,242.53333333333333
190,0,1,2,410.0,875.0,0,2,24608.0,97.52842532857912,9.81333191811305,783.375,91.625
190,2,0,4,356.0,515.0,0,1,556571.0,99.53265480661446,9.989905388321356,86.13513513513513,428.86486486486484
190,2,0,4,356.0,515.0,0,2,606571.0,99.85453139863472,9.97379583978262,66.31854838709677,448.68145161290323
190,2,0,4,356.0,515.0,0,3,30156.0,96.48714038813604,9.953161608880826,75.6923076923077,439.3076923076923
190,2,0,4,356.0,515.0,1,1,265711.0,99.7824194946948,9.98997047205534,332.63758389261744,182.36241610738256
190,2,0,4,356.0,515.0,1,2,269950.0,99.79571347046314,9.981049045348511,339.1200873362445,175.87991266375545
190,2,0,4,356.0,515.0,1,3,9124.0,96.99530029140033,9.943227803387645,345.0,170.0
191,1,2,8,83.0,681.0,0,1,1090404.0,99.26690427127008,9.949284418914484,106.11320754716981,574.8867924528302
191,1,2,8,83.0,681.0,0,2,994366.0,99.90417952681716,9.95365399076504,93.42382271468144,587.5761772853185
191,1,2,8,83.0,681.0,0,3,32477.0,93.73693375618905,9.908372784819536,91.64285714285714,589.3571428571429
191,1,2,8,83.0,681.0,1,1,196750.0,99.91800868314417,9.972684587998955,328.125,352.875
191,1,2,8,83.0,681.0,1,2,201942.0,99.72093105922144,9.9861325607973,349.3699421965318,331.6300578034682
191,1,2,8,83.0,681.0,1,3,7420.0,94.17674796336382,9.90800751303359,318.7857142857143,362.2142857142857
191,2,0,4,356.0,515.0,1,1,11535.0,97.76618089537271,9.3027745445212,399.26666666666665,115.73333333333333
191,2,0,4,356.0,515.0,1,2,6921.0,96.471631675181,8.19431158958676,549.5555555555555,-34.55555555555556
192,1,1,1,402.0,742.0,0,1,1071211.0,99.7058763427982,9.984355699904878,105.27906976744185,636.7209302325581
192,1,1,1,402.0,742.0,0,2,1357226.0,99.78969589141906,9.985712284504414,107.63505154639175,634.3649484536082
192,1,1,1,402.0,742.0,0,3,50927.0,99.49687777248144,9.711956691455663,120.88888888888889,621.1111111111111
192,1,1,1,402.0,742.0,1,1,169605.0,99.04751269749974,9.988366402364832,242.96407185628743,499.03592814371257
192,1,1,1,402.0,742.0,1,2,116116.0,99.9828278623929,9.984368154903226,280.81304347826085,461.18695652173915
192,1,1,1,402.0,742.0,1,3,5290.0,70.4683033243911,8.991154007466516,244.1,497.9
192,1,2,8,83.0,681.0,0,1,3098.0,55.120603764114776,4.176827499700614,467.5,213.5
193,1,1,1,402.0,742.0,1,1,2802.0,90.24115900716376,8.66148280904083,471.3333333333333,270.6666666666667
193,2,3,0,83.0,950.0,0,1,1118109.0,99.90093388788117,9.995602063007045,110.82983682983684,839.1701631701632
193,2,3,0,83.0,950.0,0,2,1167089.0,99.97513431540824,9.905789845969856,109.73684210526316,840.2631578947369
193,2,3,0,83.0,950.0,0,3,46988.0,99.70279852461891,9.442102873900064,123.17647058823529,826.8235294117648
193,2,3,0,83.0,950.0,1,1,144417.0,99.36385180643585,9.995393052545111,387.89273356401384,562.1072664359862
193,2,3,0,83.0,950.0,1,2,170514.0,99.77214066539652,9.984304092359176,373.2742474916388,576.7257525083612
193,2,3,0,83.0,950.0,1,3,5175.0,99.23422318004998,9.973376904007438,416.8181818181818,533.1818181818181
194,1,2,8,363.0,947.0,0,1,991887.0,99.87599354215814,9.98833876546278,118.34466019417475,828.6553398058253
194,1,2,8,363.0,947.0,0,2,1114221.0,99.8740681094976,9.946688578555204,116.66512702078522,830.3348729792148
194,1,2,8,363.0,947.0,0,3,36087.0,99.48062111379348,9.955949193214034,112.5,834.5
194,1,2,8,363.0,947.0,1,1,166335.0,99.78778995792266,9.991817538998305,326.6404109589041,620.3595890410959
194,1,2,8,363.0,947.0,1,2,155587.0,98.42580170605478,9.894639661578651,334.0861423220974,612.9138576779026
194,1,2,8,363.0,947.0,1,3,6804.0,95.79642880082346,7.181639871727672,280.0,667.0
194,2,3,0,83.0,950.0,1,1,15674.0,99.45546790206608,8.20867655287548,501.2352941176471,448.7647058823529
194,2,3,0,83.0,950.0,1,2,13830.0,99.99315836606344,9.901934337076824,655.4666666666667,294.53333333333336
194,2,3,0,83.0,950.0,1,3,922.0,42.53572648430503,0.7676724655442968,762.0,188.0
195,1,2,8,363.0,947.0,1,1,4632.0,95.63259208617409,8.73737494660961,582.25,364.75
195,3,2,4,158.0,612.0,0,1,647752.0,99.65323311400778,9.873732472369795,83.83969465648855,528.1603053435115
195,3,2,4,158.0,612.0,0,2,743727.0,99.8607150962564,9.980496294519376,89.40689655172413,522.5931034482759
195,3,2,4,158.0,612.0,0,3,21613.0,90.99673115478906,9.758954088554448,86.55555555555556,525.4444444444445
195,3,2,4,158.0,612.0,1,1,266996.0,99.9445049477353,9.951532292795056,343.3677130044843,268.6322869955157
195,3,2,4,158.0,612.0,1,2,270299.0,99.6649361683305,9.998771131279124,366.3333333333333,245.66666666666666
195,3,2,4,158.0,612.0,1,3,11561.0,99.7421252349204,8.511954901518441,339.8421052631579,272.1578947368421
196,3,3,5,219.0,557.0,0,1,862650.0,99.95637973504772,9.959610814272796,91.62328767123287,465.3767123287671
196,3,3,5,219.0,557.0,0,2,870960.0,99.80377217540882,9.942429053005297,88.41693811074919,468.5830618892508
196,3,3,5,219.0,557.0,0,3,26605.0,97.41998830089724,9.941391839430532,96.44444444444444,460.55555555555554
196,3,3,5,219.0,557.0,1,1,248710.0,99.9434719963213,9.998196176313783,375.4186046511628,181.58139534883722
196,3,3,5,219.0,557.0,1,2,224073.0,99.9831617354169,9.951875494813526,340.2014742014742,216.7985257985258
196,3,3,5,219.0,557.0,1,3,11141.0,95.86335746870677,8.671618268061922,366.1578947368421,190.8421052631579
197,2,0,3,487.0,722.0,0,1,838276.0,99.846610219283,9.954343547060091,82.16109422492401,639.838905775076
197,2,0,3,487.0,722.0,0,2,925639.0,99.92538957115188,9.99982357448659,81.40597014925373,640.5940298507463
197,2,0,3,487.0,722.0,0,3,16402.0,94.15838565776362,7.560983557610551,71.71428571428571,650.2857142857143
197,2,0,3,487.0,722.0,1,1,219380.0,99.97038386207238,9.98911559810811,254.26790450928382,467.7320954907162
197,2,0,3,487.0,722.0,1,2,227086.0,98.86474700777246,9.980496174437382,276.408,445.592
197,2,0,3,487.0,722.0,1,3,12921.0,99.14972354133644,8.650429964882564,311.5238095238095,410.4761904761905
197,3,3,5,219.0,557.0,1,1,3600.0,96.16092242377437,9.57962126941691,606.7333333333333,-49.733333333333334
197,3,3,5,219.0,557.0,1,2,960.0,58.42218255814651,7.081763860757004,702.25,-145.25
198,2,0,3,487.0,722.0,1,1,7230.0,96.18331808703532,9.333983233119568,381.53333333333336,340.46666666666664
198,2,0,3,487.0,722.0,1,2,5302.0,99.93881769421,9.901864293489847,541.0,181.0
198,3,2,4,461.0,737.0,0,1,1118989.0,99.67022187990877,9.984030107303717,123.79224376731302,613.207756232687
198,3,2,4,461.0,737.0,0,2,1101177.0,99.09988574561396,9.998691569974287,83.25815217391305,653.741847826087
198,3,2,4,461.0,737.0,0,3,38994.0,98.53424243578388,9.82498534557639,118.6923076923077,618.3076923076923
198,3,2,4,461.0,737.0,1,1,195888.0,99.74332723494868,9.984162694219458,362.9508670520231,374.0491329479769
198,3,2,4,461.0,737.0,1,2,187050.0,99.8347178201216,9.966926994308324,313.02089552238806,423.97910447761194
198,3,2,4,461.0,737.0,1,3,8050.0,77.96146102590056,9.587053574921656,305.8666666666667,431.1333333333333
199,2,1,2,195.0,575.0,0,1,791143.0,99.67076483834488,9.972247918025376,75.1660516605166,499.8339483394834
199,2,1,2,195.0,575.0,0,2,514911.0,99.875861036529,9.979619426600172,69.16402116402116,505.83597883597884
199,2,1,2,195.0,575.0,0,3,20806.0,90.46456401597388,7.38078200323493,61.25,513.75
199,2,1,2,195.0,575.0,1,1,280642.0,99.50640356822932,9.995873117809277,455.44700460829495,119.55299539170507
199,2,1,2,195.0,575.0,1,2,341615.0,99.99505004448598,9.930197324385796,420.5700575815739,154.4299424184261
199,2,1,2,195.0,575.0,1,3,12273.0,97.85933439297864,9.305105678608175,461.85,113.15
199,3,2,4,461.0,737.0,1,1,9480.0,94.09256728773774,9.70204120893088,396.93333333333334,340.06666666666666
199,3,2,4,461.0,737.0,1,2,2528.0,95.84282967116728,4.133318860306012,501.25,235.75
200,1,1,1,424.0,677.0,0,1,722789.0,99.94796827799176,9.893329375241112,107.18081180811808,569.819188191882
200,1,1,1,424.0,677.0,0,2,786020.0,99.84325285439655,9.987265390199338,99.3609022556391,577.6390977443609
200,1,1,1,424.0,677.0,0,3,33685.0,92.29458586744012,9.827388192299216,122.91666666666667,554.0833333333334
200,1,1,1,424.0,677.0,1,1,230778.0,99.96790048843091,9.966131782698788,427.8512585812357,249.1487414187643
200,1,1,1,424.0,677.0,1,2,243394.0,99.76515739003288,9.99164717758638,427.671875,249.328125
200,1,1,1,424.0,677.0,1,3,8056.0,98.22739363250275,8.75463588585731,434.5625,242.4375
200,2,1,2,195.0,575.0,0,1,25365.0,85.9805581729774,9.931809867084397,791.4,-216.4
201,1,1,1,424.0,677.0,1,1,1815.0,79.3599885180314,9.51414075954968,620.0,57.0
201,1,1,1,424.0,677.0,1,2,726.0,95.89350922611376,9.864375513492616,756.8333333333334,-79.83333333333333
201,1,2,9,344.0,532.0,0,1,720587.0,99.89560549415494,9.91965144555111,87.4280442804428,444.5719557195572
201,1,2,9,344.0,532.0,0,2,779720.0,99.82093323624196,9.965264863071852,80.42857142857143,451.57142857142856
201,1,2,9,344.0,532.0,0,3,36066.0,99.7378112801554,9.190032817645776,71.45454545454545,460.54545454545456
201,1,2,9,344.0,532.0,1,1,230362.0,99.72659725732692,9.949724936768046,378.052752293578,153.94724770642202
201,1,2,9,344.0,532.0,1,2,229503.0,99.78270650775252,9.984294582166443,409.41121495327104,122.58878504672897
201,1,2,9,344.0,532.0,1,3,8795.0,94.1772000159032,9.766960641117272,417.2352941176471,114.76470588235294
202,0,3,7,278.0,679.0,0,1,894259.0,99.82270571817683,9.970386632982482,84.5849582172702,594.4150417827298
202,0,3,7,278.0,679.0,0,2,1037807.0,99.64183862379016,9.984375056073626,105.09181141439205,573.908188585608
202,0,3,7,278.0,679.0,0,3,30466.0,97.19387071779722,8.328152231948232,131.07692307692307,547.9230769230769
202,0,3,7,278.0,679.0,1,1,203336.0,99.5591002397431,9.993667978501673,311.5433526011561,367.4566473988439
202,0,3,7,278.0,679.0,1,2,193299.0,99.3241227887666,9.997859787122175,327.5746753246753,351.4253246753247
202,0,3,7,278.0,679.0,1,3,8437.0,87.3929786691723,9.485011327404386,347.1333333333333,331.8666666666667
202,1,2,9,344.0,532.0,0,1,52020.0,91.4630231739821,8.75312809686524,119.73333333333333,412.26666666666665
202,1,2,9,344.0,532.0,0,2,10404.0,87.79126046340807,6.179135794058725,209.0,323.0
203,0,3,7,278.0,679.0,1,1,6750.0,98.16262174375166,9.358092871985704,483.93333333333334,195.06666666666666
203,0,3,7,278.0,679.0,1,2,2700.0,83.07650334029708,8.408279543425744,640.8333333333334,38.166666666666664
203,3,3,9,364.0,609.0,0,1,1007400.0,99.87907931777292,9.991864169598395,88.95348837209302,520.046511627907
203,3,3,9,364.0,609.0,0,2,745584.0,99.99592407678377,9.959617922656252,76.41311475409836,532.5868852459016
203,3,3,9,364.0,609.0,0,3,49882.0,99.18212548483244,9.444662401301072,60.166666666666664,548.8333333333334
203,3,3,9,364.0,609.0,1,1,175270.0,99.43139065979618,9.964419931735918,279.66037735849056,329.33962264150944
203,3,3,9,364.0,609.0,1,2,193770.0,99.92161383810829,9.989472738404894,275.78960396039605,333.21039603960395
203,3,3,9,364.0,609.0,1,3,4100.0,94.98934153009834,7.269047172465701,324.7,284.3
204,1,1,9,450.0,531.0,0,1,770337.0,99.73768177894728,9.981234425624985,66.45818181818181,464.5418181818182
204,1,1,9,450.0,531.0,0,2,1022200.0,99.61398685031394,9.997744096577176,77.38972809667673,453.6102719033233
204,1,1,9,450.0,531.0,0,3,46358.0,98.3285563163648,9.534862653031167,98.6875,432.3125
204,1,1,9,450.0,531.0,1,1,224913.0,99.5190523961166,9.93084976455716,269.0578703703704,261.9421296296296
204,1,1,9,450.0,531.0,1,2,200601.0,99.85816879748344,9.958896585767128,290.1306666666667,240.86933333333334
204,1,1,9,450.0,531.0,1,3,5723.0,98.9757317806104,8.037781435154553,368.75,162.25
204,3,3,9,364.0,609.0,0,1,48645.0,96.19933372330182,9.939723327759689,648.0666666666667,-39.06666666666667
204,3,3,9,364.0,609.0,0,2,25944.0,93.47727551271034,9.481961729100128,804.5,-195.5
205,0,3,6,460.0,818.0,0,1,766733.0,98.81108966882296,9.997901041675927,90.74264705882354,727.2573529411765
205,0,3,6,460.0,818.0,0,2,819722.0,99.60851508598036,9.976984810417552,84.6312292358804,733.3687707641196
205,0,3,6,460.0,818.0,0,3,44799.0,91.14025223061869,9.931349835772782,85.8125,732.1875
205,0,3,6,460.0,818.0,1,1,228999.0,99.93871783655268,9.940379810005346,388.61467889908255,429.38532110091745
205,0,3,6,460.0,818.0,1,2,203567.0,99.9661550369838,9.989676477331017,399.359102244389,418.640897755611
205,0,3,6,460.0,818.0,1,3,6865.0,93.11623576393472,9.915785291375466,421.25,396.75
205,1,1,9,450.0,531.0,0,1,24750.0,89.46058374642593,9.75632899556152,725.5333333333333,-194.53333333333333
205,1,1,9,450.0,531.0,0,2,19800.0,98.65193860614438,9.771309366184608,872.0833333333334,-341.0833333333333
206,0,3,6,460.0,818.0,0,1,4584.0,78.61009581639503,0.0462626969639423,463.0,355.0
206,3,0,8,121.0,868.0,0,1,1240753.0,99.67913046273824,9.994915200907888,117.46896551724137,750.5310344827586
206,3,0,8,121.0,868.0,0,2,1181697.0,99.98420491824214,9.98505175645046,105.66417910447761,762.3358208955224
206,3,0,8,121.0,868.0,0,3,38671.0,97.61488252696869,9.235664251039305,102.92857142857143,765.0714285714286
206,3,0,8,121.0,868.0,1,1,140764.0,99.99479741788905,9.972481502131124,348.9401408450704,519.0598591549295
206,3,0,8,121.0,868.0,1,2,150777.0,99.15449020177724,9.965307639219718,332.671974522293,535.328025477707
206,3,0,8,121.0,868.0,1,3,6263.0,95.94968278488278,9.14060905791487,274.2142857142857,593.7857142857143
207,2,2,0,273.0,670.0,0,1,882668.0,99.93410468706408,9.978642381471865,109.0,561.0
207,2,2,0,273.0,670.0,0,2,723631.0,99.7995570400026,9.990718431818326,65.49484536082474,604.5051546391752
207,2,2,0,273.0,670.0,0,3,40007.0,96.3899305193763,9.956635407365312,85.73333333333333,584.2666666666667
207,2,2,0,273.0,670.0,1,1,231410.0,99.70047069305076,9.976017567812232,317.685,352.315
207,2,2,0,273.0,670.0,1,2,217020.0,99.74492293940372,9.999495341363003,340.7439024390244,329.2560975609756
207,2,2,0,273.0,670.0,1,3,6870.0,99.48392024318966,9.991529573676216,338.75,331.25
207,3,0,8,121.0,868.0,0,1,28545.0,93.17624405260712,9.77427804870475,807.9333333333333,60.06666666666667
207,3,0,8,121.0,868.0,0,2,28545.0,95.45760067599826,8.251703745882145,982.2,-114.2
207,3,0,8,121.0,868.0,0,3,1903.0,53.23268775886816,1.439753753555988,1087.0,-219.0
208,2,0,8,397.0,771.0,0,1,741495.0,99.87126050606147,9.98809802467973,107.96538461538462,663.0346153846153
208,2,0,8,397.0,771.0,0,2,1011109.0,99.89175288195044,9.980081245740855,103.32743362831859,667.6725663716815
208,2,0,8,397.0,771.0,0,3,56834.0,97.85085364513574,9.66061847478232,100.27777777777777,670.7222222222222
208,2,0,8,397.0,771.0,1,1,253659.0,99.8585668420283,9.998566441889656,390.60850111856826,380.39149888143174
208,2,0,8,397.0,771.0,1,2,221506.0,99.77047149008884,9.999819096364249,432.3695652173913,338.6304347826087
208,2,0,8,397.0,771.0,1,3,6760.0,81.37862789576221,9.420554433476733,451.9,319.1
208,2,2,0,273.0,670.0,1,1,10920.0,96.07779120437796,9.810931702381383,250.2,419.8
208,2,2,0,273.0,670.0,1,2,4368.0,88.2591111513078,9.69589699845189,364.6666666666667,305.3333333333333
209,2,0,8,397.0,771.0,0,1,2677.0,96.86182751256082,6.689178552818234,124.0,647.0
209,3,2,2,367.0,766.0,0,1,938489.0,98.9644609237464,9.962275867861267,103.66840731070496,662.331592689295
209,3,2,2,367.0,766.0,0,2,873383.0,99.53560574668715,9.97368577193146,131.4402332361516,634.5597667638484
209,3,2,2,367.0,766.0,0,3,29214.0,96.78652909791236,9.385398304632083,86.75,679.25
209,3,2,2,367.0,766.0,1,1,175916.0,99.90775707317712,9.98749820551734,419.2232142857143,346.7767857142857
209,3,2,2,367.0,766.0,1,2,185368.0,99.50468344365493,9.988567448728288,399.63978494623655,366.36021505376345
209,3,2,2,367.0,766.0,1,3,7759.0,94.19034445089794,8.37059981440528,409.25,356.75
210,0,3,0,420.0,979.0,0,1,1187791.0,99.82078131326055,9.968936508687696,137.84634146341463,841.1536585365853
210,0,3,0,420.0,979.0,0,2,1213141.0,99.45675231890824,9.989069583392784,132.92270531400968,846.0772946859903
210,0,3,0,420.0,979.0,0,3,33225.0,99.50418484147872,9.999172654651868,129.57142857142858,849.4285714285714
210,0,3,0,420.0,979.0,1,1,178863.0,99.87350440892676,9.976404315099522,357.7993421052632,621.2006578947369
210,0,3,0,420.0,979.0,1,2,171532.0,99.5388673745204,9.928935535926218,362.3833333333333,616.6166666666667
210,0,3,0,420.0,979.0,1,3,7871.0,90.11820038743171,9.840937594597298,418.42857142857144,560.5714285714286
210,3,2,2,367.0,766.0,1,1,4500.0,85.00116597021062,8.951934195340776,172.0,594.0
211,0,3,0,420.0,979.0,1,1,3650.0,98.12357966893836,7.28343865004018,793.0,186.0
211,1,3,0,87.0,831.0,0,1,1125431.0,99.65746689776878,9.975904668898108,114.45128205128205,716.5487179487179
211,1,3,0,87.0,831.0,0,2,1244227.0,99.90463333093284,9.999644076355882,121.33971291866028,709.6602870813397
211,1,3,0,87.0,831.0,0,3,45207.0,90.72828047474306,9.004210046320441,99.17647058823529,731.8235294117648
211,1,3,0,87.0,831.0,1,1,164103.0,99.84998254296542,9.997269163570742,330.8167701863354,500.1832298136646
211,1,3,0,87.0,831.0,1,2,141023.0,99.97942758764734,9.981513381572473,352.76174496644296,478.23825503355704
211,1,3,0,87.0,831.0,1,3,4493.0,92.47185128009818,9.443786255170409,411.1818181818182,419.8181818181818
212,0,2,0,414.0,636.0,0,1,900265.0,99.92377439455989,9.974236710128414,92.17080745341615,543.8291925465838
212,0,2,0,414.0,636.0,0,2,1031529.0,99.88780449806396,9.999696081697822,93.50700280112045,542.4929971988796
212,0,2,0,414.0,636.0,0,3,42484.0,96.61317876398036,9.487922365534256,84.29411764705883,551.7058823529412
212,0,2,0,414.0,636.0,1,1,228471.0,99.7496512464098,9.982606573374962,324.88520408163265,311.11479591836735
212,0,2,0,414.0,636.0,1,2,212957.0,99.59030571601488,9.927863731426832,407.3501400560224,228.6498599439776
212,0,2,0,414.0,636.0,1,3,6903.0,97.67350520255482,7.462590368916238,417.6363636363636,218.36363636363637
212,1,3,0,87.0,831.0,1,1,5551.0,99.35251179755244,8.813787009722391,413.7142857142857,417.2857142857143
213,0,2,0,414.0,636.0,1,1,21620.0,99.65597066523088,9.859401399533672,189.2173913043478,446.7826086956522
213,0,2,0,414.0,636.0,1,2,14100.0,96.72836189154847,9.324760540623,243.86666666666667,392.1333333333333
213,0,2,0,414.0,636.0,1,3,940.0,28.40321938457251,8.018579480092425,336.0,300.0
213,0,2,1,396.0,861.0,0,1,1151093.0,99.9321097409091,9.978673347094908,119.3035294117647,741.6964705882353
213,0,2,1,396.0,861.0,0,2,1066082.0,99.87482157152776,9.990109968208431,117.145,743.855
213,0,2,1,396.0,861.0,0,3,50035.0,89.45333635680258,8.875136859497047,113.38888888888889,747.6111111111111
213,0,2,1,396.0,861.0,1,1,166586.0,98.94091048452454,9.96761239355149,332.3260073260073,528.6739926739926
213,0,2,1,396.0,861.0,1,2,183957.0,99.95858839597103,9.971595441385931,314.38795986622074,546.6120401337793
213,0,2,1,396.0,861.0,1,3,5720.0,95.79065821551502,8.356382229709515,351.44444444444446,509.55555555555554
214,0,2,1,396.0,861.0,0,1,90662.0,90.74279761843516,9.70664060329669,539.2727272727273,321.72727272727275
214,0,2,1,396.0,861.0,0,2,61815.0,80.00723544227446,9.951790721934207,620.5333333333333,240.46666666666667
214,0,2,1,396.0,861.0,0,3,4121.0,81.37896144955855,4.333551570636884,708.0,153.0
214,0,3,1,420.0,936.0,0,1,1101257.0,99.88242549043916,9.961645263512729,99.06145251396649,836.9385474860335
214,0,3,1,420.0,936.0,0,2,1016467.0,99.973641849894,9.96949404128959,114.41803278688525,821.5819672131148
214,0,3,1,420.0,936.0,0,3,28522.0,96.90540718504758,9.667399447019616,111.72727272727273,824.2727272727273
214,0,3,1,420.0,936.0,1,1,182341.0,99.85512279456258,9.918882278873134,374.37536656891496,561.624633431085
214,0,3,1,420.0,936.0,1,2,156214.0,99.7964039189952,9.955080051750665,358.54954954954957,577.4504504504505
214,0,3,1,420.0,936.0,1,3,7665.0,95.72111498922948,9.75241961002011,354.4375,581.5625
215,0,3,1,420.0,936.0,0,1,33440.0,88.96467478772331,9.998264066912585,743.7,192.3
215,2,2,5,245.0,942.0,0,1,1055520.0,99.94581103202016,9.9659809327564,101.17164179104478,840.8283582089553
215,2,2,5,245.0,942.0,0,2,1149478.0,99.30415907266732,9.95919459822766,93.78846153846153,848.2115384615385
215,2,2,5,245.0,942.0,0,3,42870.0,98.5621771626458,9.48862073526406,101.625,840.375
215,2,2,5,245.0,942.0,1,1,173974.0,99.68527828773853,9.95693092617525,367.80258899676375,574.1974110032362
215,2,2,5,245.0,942.0,1,2,156576.0,98.85233774739324,9.997808893734376,332.1111111111111,609.8888888888889
215,2,2,5,245.0,942.0,1,3,7421.0,94.23938754735175,6.555745811404846,384.0,558.0
216,1,1,5,114.0,803.0,0,1,946584.0,99.91169992004592,9.99402111217102,96.03488372093024,706.9651162790698
216,1,1,5,114.0,803.0,0,2,1076845.0,99.24685043314742,9.94835555176102,97.84482758620689,705.1551724137931
216,1,1,5,114.0,803.0,0,3,45201.0,98.47706850183874,9.97251147190259,93.125,709.875
216,1,1,5,114.0,803.0,1,1,195813.0,99.85494641917565,9.997368734307038,308.1267217630854,494.8732782369146
216,1,1,5,114.0,803.0,1,2,181833.0,99.90874417729606,9.991383606403438,308.6553672316384,494.3446327683616
216,1,1,5,114.0,803.0,1,3,7349.0,98.8832616340696,9.875501636005598,326.3333333333333,476.6666666666667
216,2,2,5,245.0,942.0,0,1,44910.0,95.51457258462337,9.921460496025809,638.4,303.6
216,2,2,5,245.0,942.0,0,2,35928.0,98.51502905532227,8.099987000188888,794.75,147.25
217,0,0,0,156.0,672.0,0,1,721380.0,99.71839598346472,9.94714074467184,87.11326860841424,584.8867313915857
217,0,0,0,156.0,672.0,0,2,881795.0,99.99911211336752,9.963643465711648,101.6304347826087,570.3695652173913
217,0,0,0,156.0,672.0,0,3,22061.0,99.34860019685884,7.715057136048172,105.18181818181819,566.8181818181819
217,0,0,0,156.0,672.0,1,1,226576.0,99.82577689399577,9.985819087529368,348.7651515151515,323.2348484848485
217,0,0,0,156.0,672.0,1,2,200221.0,99.98405463461656,9.968871359515756,348.09424083769636,323.90575916230364
217,0,0,0,156.0,672.0,1,3,9312.0,78.47312446629502,9.349611678944008,372.1764705882353,299.8235294117647
217,1,1,5,114.0,803.0,1,1,12705.0,95.51217238160469,8.725669447098522,613.7333333333333,189.26666666666668
217,1,1,5,114.0,803.0,1,2,7623.0,91.89737574620698,9.786842633161054,737.5555555555555,65.44444444444444
218,0,0,0,156.0,672.0,1,1,1368.0,85.05568779258911,9.59685286996007,716.5,-44.5
218,3,0,7,278.0,659.0,0,1,817643.0,99.79991772136871,9.954114943312652,78.43243243243244,580.5675675675676
218,3,0,7,278.0,659.0,0,2,706770.0,99.5182611398248,9.949154771497907,91.0625,567.9375
218,3,0,7,278.0,659.0,0,3,23648.0,98.75050131935836,9.913845881416728,164.625,494.375
218,3,0,7,278.0,659.0,1,1,230000.0,99.96260544078504,9.979839498037016,390.44630071599045,268.55369928400955
218,3,0,7,278.0,659.0,1,2,240272.0,99.88652519989786,9.98199801692451,373.80725623582765,285.19274376417235
218,3,0,7,278.0,659.0,1,3,11420.0,99.12111305921132,9.615346650581348,416.65,242.35
219,2,1,0,496.0,888.0,0,1,880025.0,99.52292703373998,9.999441560938015,111.36222910216718,776.6377708978329
219,2,1,0,496.0,888.0,0,2,970660.0,99.83110620685665,9.954029099116152,118.18348623853211,769.816513761468
219,2,1,0,496.0,888.0,0,3,26159.0,95.47938150911696,9.430627639286811,129.0,759.0
219,2,1,0,496.0,888.0,1,1,175890.0,99.49874263375789,9.99886173482236,411.42931937172773,476.57068062827227
219,2,1,0,496.0,888.0,1,2,160877.0,99.9149195500064,9.984743245806431,402.66846361185986,485.33153638814014
219,2,1,0,496.0,888.0,1,3,8274.0,99.79561103000108,9.469156065128576,353.8235294117647,534.1764705882352
219,3,0,7,278.0,659.0,0,1,38320.0,96.71841809339112,9.364775369713657,563.0625,95.9375
219,3,0,7,278.0,659.0,0,2,35925.0,91.12195529118496,9.519052785459737,750.2666666666667,-91.26666666666667
219,3,0,7,278.0,659.0,0,3,2395.0,60.72519002458628,8.274673706362952,858.0,-199.0
220,2,1,0,496.0,888.0,1,1,3770.0,75.56081978362967,9.947404578208236,651.8,236.2
220,3,0,0,95.0,609.0,0,1,991899.0,99.79180955134476,9.960517841499392,77.28362573099415,531.7163742690059
220,3,0,0,95.0,609.0,0,2,752723.0,99.91923458126828,9.95889682801498,105.28947368421052,503.7105263157895
220,3,0,0,95.0,609.0,0,3,27741.0,86.60503382364928,9.232827856042338,61.63636363636363,547.3636363636364
220,3,0,0,95.0,609.0,1,1,227015.0,99.93856567113762,9.990452291899066,422.45454545454544,186.54545454545453
220,3,0,0,95.0,609.0,1,2,271575.0,99.8137345250767,9.982811777338192,415.6040268456376,193.39597315436242
220,3,0,0,95.0,609.0,1,3,10179.0,98.11796961680724,9.92427581589357,434.94117647058823,174.05882352941177
221,0,0,8,247.0,938.0,0,1,1136965.0,99.99086030803925,9.974833638127205,150.9462915601023,787.0537084398977
221,0,0,8,247.0,938.0,0,2,1209624.0,99.77661369057266,9.99020960722603,129.97685185185185,808.0231481481482
221,0,0,8,247.0,938.0,0,3,42726.0,97.6529490375202,9.71577740250978,136.1764705882353,801.8235294117648
221,0,0,8,247.0,938.0,1,1,201732.0,99.7015366354907,9.958631599661388,455.19805194805195,482.80194805194805
221,0,0,8,247.0,938.0,1,2,164381.0,99.83503858032545,9.999402867387476,426.19850187265916,511.80149812734084
221,0,0,8,247.0,938.0,1,3,6514.0,89.67312582055024,9.58324378548323,387.4,550.6
221,3,0,0,95.0,609.0,1,1,8624.0,96.66364983322212,9.92614703429745,245.6818181818182,363.3181818181818
221,3,0,0,95.0,609.0,1,2,5880.0,95.60281032257794,9.994952475618147,309.0,300.0
221,3,0,0,95.0,609.0,1,3,392.0,80.82046819049398,5.268057690866352,403.0,206.0
222,0,0,8,247.0,938.0,0,1,5304.0,71.0613939983169,7.421507137607961,662.6666666666666,275.3333333333333
222,0,2,8,106.0,544.0,0,1,836852.0,99.7565280257434,9.976858323993737,96.12,447.88
222,0,2,8,106.0,544.0,0,2,838129.0,99.93067544320763,9.978197482612211,81.94754098360656,462.05245901639347
222,0,2,8,106.0,544.0,0,3,29673.0,99.7498369753234,9.427620177433065,79.9090909090909,464.09090909090907
222,0,2,8,106.0,544.0,1,1,185858.0,99.93943028358488,9.970549084357687,360.1108312342569,183.88916876574308
222,0,2,8,106.0,544.0,1,2,223400.0,99.77942369674167,9.951551947741242,308.40586797066015,235.59413202933985
222,0,2,8,106.0,544.0,1,3,9137.0,94.08734489756722,9.687999857822042,340.11764705882354,203.88235294117646
223,0,2,8,106.0,544.0,1,1,2130.0,73.06876410698933,8.177742451051724,459.0,85.0
223,1,2,2,291.0,774.0,0,1,1082925.0,99.68110162738148,9.98739387109579,109.48412698412699,664.515873015873
223,1,2,2,291.0,774.0,0,2,1143750.0,99.89327742457964,9.874400927895726,112.30325814536342,661.6967418546366
223,1,2,2,291.0,774.0,0,3,37694.0,84.61653065559405,9.819282898783724,89.83333333333333,684.1666666666666
223,1,2,2,291.0,774.0,1,1,169592.0,99.99460389167764,9.9717165940086,351.1740412979351,422.8259587020649
223,1,2,2,291.0,774.0,1,2,152827.0,99.87795406926313,9.99080908714156,344.1867088607595,429.8132911392405
223,1,2,2,291.0,774.0,1,3,8248.0,93.40595287698665,9.41399505571699,328.5625,445.4375
224,1,2,2,291.0,774.0,1,1,3096.0,99.71107515631311,7.963141772091863,522.2222222222222,251.77777777777777
224,3,3,9,236.0,645.0,0,1,831715.0,99.8358014281641,9.982017044597502,81.06363636363636,563.9363636363636
224,3,3,9,236.0,645.0,0,2,975438.0,99.35086650032632,9.988903724745512,94.58702064896755,550.4129793510325
224,3,3,9,236.0,645.0,0,3,29270.0,93.9928825084456,8.476712288300059,132.9,512.1
224,3,3,9,236.0,645.0,1,1,212948.0,99.79754382979804,9.97130167353735,328.91383812010446,316.08616187989554
224,3,3,9,236.0,645.0,1,2,185294.0,99.93356462431518,9.97980614106999,351.6577540106952,293.3422459893048
224,3,3,9,236.0,645.0,1,3,9334.0,95.9178112407991,9.65826919770178,382.77777777777777,262.22222222222223
225,0,1,0,78.0,744.0,0,1,896480.0,99.86087166609344,9.957090991653814,90.69444444444444,653.3055555555555
225,0,1,0,78.0,744.0,0,2,1139066.0,99.70979121215264,9.965659692870975,96.80974477958236,647.1902552204176
225,0,1,0,78.0,744.0,0,3,38083.0,93.35491969741156,9.312506706808572,90.46153846153847,653.5384615384615
225,0,1,0,78.0,744.0,1,1,216986.0,99.913405805011,9.911141863936102,324.24641833810887,419.75358166189113
225,0,1,0,78.0,744.0,1,2,183191.0,99.96133456073557,9.975201603187791,282.69964664310953,461.30035335689047
225,0,1,0,78.0,744.0,1,3,10260.0,98.29333333706823,9.839391682037109,313.9375,430.0625
225,3,3,9,236.0,645.0,1,1,5736.0,97.56909297927224,9.839761371079437,550.4166666666666,94.58333333333333
226,0,1,0,78.0,744.0,0,1,33615.0,97.7612732324573,8.987448865510544,529.0,215.0
226,0,1,0,78.0,744.0,0,2,2241.0,22.6292059221713,7.306749264202843,612.0,132.0
226,3,2,1,243.0,576.0,0,1,863126.0,99.66832212862975,9.985422488416209,76.89097744360902,499.109022556391
226,3,2,1,243.0,576.0,0,2,965409.0,99.84224882014344,9.99707214406693,79.21597633136095,496.78402366863907
226,3,2,1,243.0,576.0,0,3,34931.0,99.5307878362274,9.936379459879344,103.08333333333333,472.9166666666667
226,3,2,1,243.0,576.0,1,1,233135.0,99.91040324645974,9.941311692324271,308.7533936651584,267.2466063348416
226,3,2,1,243.0,576.0,1,2,219918.0,99.59588133999338,9.975471316645528,342.64,233.36
226,3,2,1,243.0,576.0,1,3,9190.0,98.42770151802098,9.913603543260834,309.875,266.125
227,2,2,3,403.0,790.0,0,1,871204.0,99.20466000193046,9.994571735843728,102.97019867549669,687.0298013245033
227,2,2,3,403.0,790.0,0,2,1044992.0,99.56028986890408,9.997925358834044,94.71067415730337,695.2893258426966
227,2,2,3,403.0,790.0,0,3,30086.0,91.76816839338176,9.352068306208258,136.27272727272728,653.7272727272727
227,2,2,3,403.0,790.0,1,1,219831.0,99.57847041374043,9.975922516971083,382.5843520782396,407.4156479217604
227,2,2,3,403.0,790.0,1,2,203469.0,99.88792734494248,9.989858208888728,410.6480446927374,379.3519553072626
227,2,2,3,403.0,790.0,1,3,9815.0,96.40336371201276,9.540096296568931,446.11764705882354,343.88235294117646
227,3,2,1,243.0,576.0,1,1,5157.0,95.56433928197896,6.977935059628047,696.0,-120.0
228,2,2,3,403.0,790.0,0,1,30570.0,95.51466121622263,9.409585710548065,274.4,515.6
228,2,2,3,403.0,790.0,0,2,2038.0,71.9482933816384,5.674112433712105,394.0,396.0
228,2,3,0,296.0,875.0,0,1,1137900.0,99.71381593618304,9.980173483859296,118.76484560570071,756.2351543942993
228,2,3,0,296.0,875.0,0,2,1065726.0,99.69158114590358,9.975290714415948,105.67336683417085,769.3266331658291
228,2,3,0,296.0,875.0,0,3,39183.0,88.15537652245806,9.494569787467084,103.125,771.875
228,2,3,0,296.0,875.0,1,1,182310.0,99.74110237240215,9.993623641608044,297.69122807017544,577.3087719298246
228,2,3,0,296.0,875.0,1,2,185912.0,99.57409525070122,9.996743128929106,304.171974522293,570.828025477707
228,2,3,0,296.0,875.0,1,3,7600.0,88.37173766399721,7.800157324189923,245.58333333333334,629.4166666666666
229,2,3,0,296.0,875.0,0,1,19146.0,99.23180612577988,7.897386561357417,638.5,236.5
229,3,1,2,366.0,731.0,0,1,917368.0,99.70088962096852,9.87394227133742,89.56896551724138,641.4310344827586
229,3,1,2,366.0,731.0,0,2,1098114.0,99.88429740195431,9.971824723967716,106.16138328530259,624.8386167146974
229,3,1,2,366.0,731.0,0,3,39072.0,93.80516107256588,9.45101017646023,116.57142857142857,614.4285714285714
229,3,1,2,366.0,731.0,1,1,216149.0,99.72289915298153,9.954416607965896,372.07547169811323,358.92452830188677
229,3,1,2,366.0,731.0,1,2,191725.0,99.82756194808368,9.999847190501512,415.1393442622951,315.8606557377049
229,3,1,2,366.0,731.0,1,3,8041.0,94.31213929846696,9.41714907252501,450.57142857142856,280.42857142857144
230,2,3,2,472.0,909.0,0,1,982326.0,99.58613069402818,9.961123060822883,116.88372093023256,792.1162790697674
230,2,3,2,472.0,909.0,0,2,999140.0,99.86612058185555,9.994051517325044,115.03005464480874,793.9699453551913
230,2,3,2,472.0,909.0,0,3,33004.0,97.15848883097416,8.08198439312668,82.25,826.75
230,2,3,2,472.0,909.0,1,1,170608.0,99.55313490221737,9.994604265718989,365.78395061728395,543.216049382716
230,2,3,2,472.0,909.0,1,2,183923.0,99.90540931596294,9.973270107319536,373.8074712643678,535.1925287356322
230,2,3,2,472.0,909.0,1,3,8321.0,98.28573183202867,9.52374834644781,392.0,517.0
230,3,1,2,366.0,731.0,1,1,8964.0,97.11098790655323,6.862454735313235,370.22222222222223,360.77777777777777
231,0,3,2,202.0,887.0,0,1,953487.0,99.62960095890725,9.99982472326799,103.1896551724138,783.8103448275862
231,0,3,2,202.0,887.0,0,2,837899.0,99.9359627388997,9.955628113972947,99.90390390390391,787.0960960960961
231,0,3,2,202.0,887.0,0,3,46764.0,86.10274927185668,9.620069934441087,87.9375,799.0625
231,0,3,2,202.0,887.0,1,1,180794.0,99.82221119439365,9.988660395954478,335.2701949860724,551.7298050139276
231,0,3,2,202.0,887.0,1,2,196188.0,99.930984984518,9.986003971227357,323.13947368421054,563.8605263157895
231,0,3,2,202.0,887.0,1,3,5544.0,82.45202005379844,9.720821905138614,350.9166666666667,536.0833333333334
231,2,3,2,472.0,909.0,1,1,12077.0,95.8384007332389,9.82857318218471,370.0769230769231,538.9230769230769
232,0,3,2,202.0,887.0,0,1,15735.0,99.790395552652,9.855965952141638,144.66666666666666,742.3333333333334
232,0,3,2,202.0,887.0,0,2,10490.0,93.41387820986388,9.876142593774762,269.4,617.6
232,3,0,5,153.0,986.0,0,1,1107771.0,99.91603015922072,9.98999250391401,104.05665024630542,881.9433497536946
232,3,0,5,153.0,986.0,0,2,1088209.0,99.70408632627785,9.97876724806636,126.32315521628499,859.6768447837151
232,3,0,5,153.0,986.0,0,3,36256.0,97.49722895158254,9.003659427106157,74.88235294117646,911.1176470588235
232,3,0,5,153.0,986.0,1,1,145111.0,99.91285651009862,9.858798977376214,418.7033333333333,567.2966666666666
232,3,0,5,153.0,986.0,1,2,163941.0,99.49286815511414,9.997872050959492,406.13504823151123,579.8649517684887
232,3,0,5,153.0,986.0,1,3,5258.0,87.26110968642989,9.68245511036146,412.8181818181818,573.1818181818181
233,2,2,1,160.0,530.0,0,1,782981.0,99.61780367588044,9.976776180331514,80.4820143884892,449.51798561151077
233,2,2,1,160.0,530.0,0,2,931648.0,99.99468106857692,9.993856797836033,87.86774193548388,442.1322580645161
233,2,2,1,160.0,530.0,0,3,32295.0,97.53903940591805,9.0612888551645,101.45454545454545,428.54545454545456
233,2,2,1,160.0,530.0,1,1,238858.0,99.18689874260129,9.980648536377066,320.8787185354691,209.12128146453088
233,2,2,1,160.0,530.0,1,2,221432.0,99.88193005279864,9.992624017588197,323.8712871287129,206.12871287128712
233,2,2,1,160.0,530.0,1,3,8895.0,97.42682408285218,8.481037583796162,283.3529411764706,246.64705882352942
233,3,0,5,153.0,986.0,1,1,5688.0,90.664947987351,9.788842727707245,543.3333333333334,442.6666666666667
234,2,0,3,466.0,606.0,0,1,713444.0,99.861352008311,9.983243460594274,87.62595419847328,518.3740458015267
234,2,0,3,466.0,606.0,0,2,737713.0,99.83597893071678,9.93704683250748,96.3739837398374,509.6260162601626
234,2,0,3,466.0,606.0,0,3,22470.0,98.85113044182042,9.944778143085532,94.0,512.0
234,2,0,3,466.0,606.0,1,1,241408.0,99.9820778006186,9.999916263992134,366.70575221238937,239.29424778761063
234,2,0,3,466.0,606.0,1,2,236939.0,99.88779764722828,9.94102424437854,333.14529914529913,272.85470085470087
234,2,0,3,466.0,606.0,1,3,11254.0,95.39470097990808,9.074600281775526,322.7142857142857,283.2857142857143
234,2,2,1,160.0,530.0,1,1,6584.0,85.88828390655236,9.555929632989407,122.75,407.25
235,0,2,4,310.0,830.0,0,1,1264260.0,99.97697786954768,9.99557212854924,101.98126463700234,728.0187353629976
235,0,2,4,310.0,830.0,0,2,1067799.0,99.44434751212728,9.987463502954926,99.70632911392406,730.2936708860759
235,0,2,4,310.0,830.0,0,3,47171.0,96.90501153369176,9.32440910486016,96.93333333333334,733.0666666666667
235,0,2,4,310.0,830.0,1,1,120521.0,99.92442965893844,9.998809084034876,371.1843971631206,458.8156028368794
235,0,2,4,310.0,830.0,1,2,150706.0,99.64510274782972,9.998204298295711,334.61755485893417,495.38244514106583
235,0,2,4,310.0,830.0,1,3,6747.0,94.76069287698994,9.870607363247958,354.3076923076923,475.6923076923077
235,2,0,3,466.0,606.0,0,1,24401.0,92.76327017398933,9.36806930040113,278.0,328.0
236,0,2,4,310.0,830.0,0,1,58860.0,98.80560051091652,9.28056837403604,503.46666666666664,326.53333333333336
236,0,2,4,310.0,830.0,0,2,47088.0,86.19649286295962,9.225226833410945,678.8333333333334,151.16666666666666
236,0,3,0,248.0,731.0,0,1,924350.0,99.51904841266024,9.922475661075548,83.84179104477612,647.1582089552239
236,0,3,0,248.0,731.0,0,2,1024608.0,99.88523066156932,9.96326606363966,99.2039312039312,631.7960687960688
236,0,3,0,248.0,731.0,0,3,40988.0,96.25409208001044,9.468976651867818,79.5625,651.4375
236,0,3,0,248.0,731.0,1,1,181944.0,99.89601812729155,9.996468448819671,304.20107238605897,426.79892761394103
236,0,3,0,248.0,731.0,1,2,145281.0,99.76047885117345,9.926709727299912,340.3333333333333,390.6666666666667
236,0,3,0,248.0,731.0,1,3,5020.0,88.15298724553871,9.48324370745138,277.75,453.25
237,0,3,0,248.0,731.0,0,1,43395.0,95.48582834213208,9.667222268247505,130.66666666666666,600.3333333333334
237,0,3,0,248.0,731.0,0,2,8679.0,91.28516505051148,5.503238873335516,263.0,468.0
237,1,2,6,377.0,866.0,0,1,1142676.0,99.98528356560988,9.986724908114294,97.14004914004914,768.8599508599509
237,1,2,6,377.0,866.0,0,2,1092521.0,99.9716870694766,9.995363505759652,112.75324675324676,753.2467532467532
237,1,2,6,377.0,866.0,0,3,38963.0,97.45084209187984,9.754750365989466,97.23076923076923,768.7692307692307
237,1,2,6,377.0,866.0,1,1,132808.0,99.70293559796514,9.985948671895542,370.10333333333335,495.89666666666665
237,1,2,6,377.0,866.0,1,2,167565.0,99.82191283941604,9.932476862611182,315.8803680981595,550.1196319018405
237,1,2,6,377.0,866.0,1,3,8957.0,88.23379526255282,8.92241442451457,319.6,546.4
238,0,0,4,476.0,854.0,0,1,1092120.0,99.60286295911015,9.96194897826052,105.59948320413437,748.4005167958657
238,0,0,4,476.0,854.0,0,2,1072376.0,99.95782455566903,9.982415618004271,95.93005181347151,758.0699481865284
238,0,0,4,476.0,854.0,0,3,42736.0,96.75625135713092,9.660708419016109,92.05882352941177,761.9411764705883
238,0,0,4,476.0,854.0,1,1,203330.0,99.99441903979182,9.978941453659289,358.2090909090909,495.7909090909091
238,0,0,4,476.0,854.0,1,2,193229.0,99.92882923790182,9.963033186911074,344.9571865443425,509.0428134556575
238,0,0,4,476.0,854.0,1,3,6865.0,98.5629867691701,8.438793688394224,334.6363636363636,519.3636363636364
238,1,2,6,377.0,866.0,1,1,2595.0,92.93625301479666,9.83802572892296,309.3333333333333,556.6666666666666
239,0,0,4,476.0,854.0,1,1,7227.0,79.39010490735325,8.4850792573868,708.3333333333334,145.66666666666666
239,0,0,9,265.0,627.0,0,1,722402.0,99.2781458712081,9.997774778152973,75.8267716535433,551.1732283464567
239,0,0,9,265.0,627.0,0,2,681996.0,99.60001306968694,9.992478328850044,86.96969696969697,540.030303030303
239,0,0,9,265.0,627.0,0,3,21437.0,92.2275522640203,9.049569598134008,56.285714285714285,570.7142857142857
239,0,0,9,265.0,627.0,1,1,268804.0,99.96741496022216,9.98573096317103,371.4192139737991,255.58078602620088
239,0,0,9,265.0,627.0,1,2,273205.0,99.99650175571824,9.931815553208764,377.47119341563786,249.52880658436214
239,0,0,9,265.0,627.0,1,3,10974.0,96.8874123086965,9.761320878721838,395.0952380952381,231.9047619047619
240,0,0,9,265.0,627.0,1,1,1545.0,93.02185514431471,9.972074240512388,683.4,-56.4
240,0,0,9,265.0,627.0,1,2,1339.0,98.28184879050914,9.438596018037105,842.0769230769231,-215.07692307692307
240,3,3,1,347.0,641.0,0,1,693674.0,99.74978040594424,9.983712991290124,84.32692307692308,556.6730769230769
240,3,3,1,347.0,641.0,0,2,687346.0,99.82871304618531,9.80068702435537,83.6468085106383,557.3531914893617
240,3,3,1,347.0,641.0,0,3,27186.0,98.7808778787736,9.1166969878908,62.9,578.1
240,3,3,1,347.0,641.0,1,1,255810.0,99.89246396406502,9.99715276130509,404.67040358744396,236.32959641255604
240,3,3,1,347.0,641.0,1,2,262948.0,99.34734314107136,9.995377445227335,394.88436830835116,246.11563169164882
240,3,3,1,347.0,641.0,1,3,11804.0,98.0203653295362,9.842499610658782,456.94444444444446,184.05555555555554
241,3,2,7,155.0,583.0,0,1,824674.0,99.5105758263899,9.908314750195132,78.87188612099644,504.12811387900354
241,3,2,7,155.0,583.0,0,2,878437.0,99.92961885821748,9.991273045841623,85.4113712374582,497.5886287625418
241,3,2,7,155.0,583.0,0,3,16992.0,89.00338194648052,7.996696472146818,63.0,520.0
241,3,2,7,155.0,583.0,1,1,221572.0,99.8609253963956,9.962511581127076,349.42117647058825,233.57882352941178
241,3,2,7,155.0,583.0,1,2,234866.0,99.93726239187738,9.978440403147474,332.2105263157895,250.78947368421052
241,3,2,7,155.0,583.0,1,3,12305.0,95.4114437640666,9.211022552605764,328.6363636363636,254.36363636363637
241,3,3,1,347.0,641.0,1,1,13740.0,94.00480125999076,9.91736853163436,699.7333333333333,-58.733333333333334
242,1,1,2,372.0,663.0,0,1,970119.0,99.9663368172766,9.985314741080703,119.60989010989012,543.3901098901099
242,1,1,2,372.0,663.0,0,2,781099.0,99.84962726010733,9.85801982210934,87.47402597402598,575.525974025974
242,1,1,2,372.0,663.0,0,3,34720.0,96.47270531465904,9.98840547495248,81.42857142857143,581.5714285714286
242,1,1,2,372.0,663.0,1,1,198862.0,99.96203088106104,9.984823241223598,335.82748538011697,327.17251461988303
242,1,1,2,372.0,663.0,1,2,229365.0,99.88941837952268,9.985846078733106,372.6987341772152,290.3012658227848
242,1,1,2,372.0,663.0,1,3,8976.0,96.34483307220792,8.277122150460059,476.2857142857143,186.71428571428572
242,3,2,7,155.0,583.0,0,1,31080.0,98.02943659899948,9.747685536486726,458.8,124.2
242,3,2,7,155.0,583.0,0,2,20720.0,96.47288671239087,9.860890157295204,621.0,-38.0
243,1,1,2,372.0,663.0,1,1,6090.0,98.20438297131476,9.643517534006978,744.8,-81.8
243,1,1,8,196.0,887.0,0,1,1162400.0,99.94012374426023,9.985927455358985,123.35883905013192,763.6411609498681
243,1,1,8,196.0,887.0,0,2,1235061.0,99.9851301543286,9.992069342997675,112.4486215538847,774.5513784461153
243,1,1,8,196.0,887.0,0,3,57080.0,84.48423215958563,9.248845166171744,146.16666666666666,740.8333333333334
243,1,1,8,196.0,887.0,1,1,204879.0,99.92601711346326,9.956373956749754,301.5565749235474,585.4434250764526
243,1,1,8,196.0,887.0,1,2,178722.0,99.89891161775154,9.890893202655931,319.94267515923565,567.0573248407643
243,1,1,8,196.0,887.0,1,3,5726.0,85.50438433767822,7.867229977144454,308.7,578.3
244,1,1,8,196.0,887.0,0,1,12120.0,80.9764604138787,9.042631781237208,121.25,765.75
244,1,2,3,352.0,521.0,0,1,924562.0,99.86619355260268,9.990931250014858,65.16184971098266,455.83815028901734
244,1,2,3,352.0,521.0,0,2,844790.0,99.6898285135102,9.988359636103215,80.25356125356126,440.74643874643874
244,1,2,3,352.0,521.0,0,3,35712.0,98.09306004811276,9.735428960009418,64.1875,456.8125
244,1,2,3,352.0,521.0,1,1,185723.0,99.7016654231322,9.978583101626056,272.0190735694823,248.9809264305177
244,1,2,3,352.0,521.0,1,2,180681.0,99.9949209484829,9.985922091010902,248.6346153846154,272.36538461538464
244,1,2,3,352.0,521.0,1,3,6502.0,91.95675698083836,8.850820620626546,283.8333333333333,237.16666666666666
245,0,2,6,435.0,721.0,0,1,740715.0,99.57115768584576,9.870130235543746,85.8171206225681,635.182879377432
245,0,2,6,435.0,721.0,0,2,681272.0,99.38338477742352,9.910684918564511,75.225,645.775
245,0,2,6,435.0,721.0,0,3,21210.0,99.31944282385386,9.831704372065156,86.125,634.875
245,0,2,6,435.0,721.0,1,1,274343.0,99.87527100072458,9.97981833832869,373.61968680089484,347.38031319910516
245,0,2,6,435.0,721.0,1,2,255900.0,99.775627506884,9.99427693078504,357.2761904761905,363.7238095238095
245,0,2,6,435.0,721.0,1,3,10896.0,99.72295614748536,9.980249190454996,363.10526315789474,357.89473684210526
245,1,2,3,352.0,521.0,0,1,13760.0,94.55604079593782,9.448191758047772,337.1875,183.8125
245,1,2,3,352.0,521.0,0,2,12900.0,96.34958821221468,9.870027810555872,519.2,1.8
245,1,2,3,352.0,521.0,0,3,860.0,96.83562337001212,4.1318233769996215,633.0,-112.0
246,0,2,6,435.0,721.0,0,1,15510.0,99.30340911607756,9.645727225354625,366.73333333333335,354.26666666666665
246,0,2,6,435.0,721.0,0,2,9306.0,98.73253554533473,9.592521718696558,519.1111111111111,201.88888888888889
246,1,1,0,488.0,671.0,0,1,914581.0,99.18991181827822,9.982359402721828,107.79251700680273,563.2074829931972
246,1,1,0,488.0,671.0,0,2,1026548.0,99.90631298109732,9.977024835801751,70.96187683284458,600.0381231671554
246,1,1,0,488.0,671.0,0,3,49230.0,95.0014556166389,9.668319082765176,82.93333333333334,588.0666666666667
246,1,1,0,488.0,671.0,1,1,224429.0,99.75732055468649,9.997456820053994,289.8567961165049,381.1432038834951
246,1,1,0,488.0,671.0,1,2,196124.0,99.76862706749552,9.990969256275754,288.4713896457766,382.5286103542234
246,1,1,0,488.0,671.0,1,3,7307.0,85.5166740862941,8.91080299975187,247.15384615384616,423.84615384615387
247,1,0,7,442.0,811.0,0,1,894897.0,99.74216194456508,9.986453361529286,95.48433048433048,715.5156695156695
247,1,0,7,442.0,811.0,0,2,771688.0,99.77464719971796,9.999580005475764,110.27134146341463,700.7286585365854
247,1,0,7,442.0,811.0,0,3,26111.0,99.77887979924006,9.895557085813367,45.76923076923077,765.2307692307693
247,1,0,7,442.0,811.0,1,1,235110.0,99.7957143324494,9.930043383065064,332.5422343324251,478.4577656675749
247,1,0,7,442.0,811.0,1,2,240813.0,99.9648057303118,9.998043485113772,327.1033591731266,483.8966408268734
247,1,0,7,442.0,811.0,1,3,9448.0,99.9696626464646,9.633379406536244,373.2,437.8
247,1,1,0,488.0,671.0,0,1,4314.0,93.4089429148528,8.758207981061291,216.33333333333334,454.6666666666667
248,1,0,7,442.0,811.0,0,1,8855.0,88.97143707730619,9.428311157269391,38.2,772.8
248,2,1,1,293.0,795.0,0,1,978882.0,99.77382150705888,9.990997387299815,113.0515759312321,681.948424068768
248,2,1,1,293.0,795.0,0,2,1169472.0,99.58789451094732,9.983738554801084,122.3697270471464,672.6302729528536
248,2,1,1,293.0,795.0,0,3,43848.0,98.40973111065664,9.984023362807568,177.35714285714286,617.6428571428571
248,2,1,1,293.0,795.0,1,1,184923.0,99.98410621649876,9.957300583058991,415.73770491803276,379.26229508196724
248,2,1,1,293.0,795.0,1,2,148711.0,99.8378512478377,9.998809718100109,454.49679487179486,340.50320512820514
248,2,1,1,293.0,795.0,1,3,6271.0,84.04757191905448,9.603386178089416,400.2857142857143,394.7142857142857
249,0,0,8,389.0,566.0,0,1,794906.0,99.96531371265412,9.995767630575042,82.78846153846153,483.21153846153845
249,0,0,8,389.0,566.0,0,2,957079.0,99.8048070457436,9.995877158318084,76.60509554140127,489.3949044585987
249,0,0,8,389.0,566.0,0,3,38264.0,98.16830430266305,8.499852820841657,93.0,473.0
249,0,0,8,389.0,566.0,1,1,207535.0,99.8289038540667,9.974488604196472,348.273127753304,217.72687224669605
249,0,0,8,389.0,566.0,1,2,208737.0,99.83533890900902,9.975539659273128,342.5775,223.4225
249,0,0,8,389.0,566.0,1,3,6076.0,97.81095428924982,9.301014395449764,359.3333333333333,206.66666666666666
249,2,1,1,293.0,795.0,1,1,4193.0,94.346921314882,8.0200796863149,471.0,324.0
250,3,3,8,181.0,650.0,0,1,887114.0,99.88476828220742,9.986242235360663,96.7703081232493,553.2296918767507
250,3,3,8,181.0,650.0,0,2,852228.0,99.62939032521666,9.951275826459716,80.81626506024097,569.183734939759
250,3,3,8,181.0,650.0,0,3,31106.0,93.08234237821524,9.65052690708328,84.0,566.0
250,3,3,8,181.0,650.0,1,1,197357.0,99.9151667829944,9.965795232822613,319.2978142076503,330.7021857923497
250,3,3,8,181.0,650.0,1,2,200046.0,99.74941853268034,9.999920572569737,325.1364829396326,324.8635170603674
250,3,3,8,181.0,650.0,1,3,7206.0,98.9221386162666,9.270976553416808,339.3333333333333,310.6666666666667
251,1,3,4,52.0,530.0,0,1,879768.0,99.80252186924028,9.977308389228565,98.35106382978724,431.6489361702128
251,1,3,4,52.0,530.0,0,2,752810.0,99.93223753608083,9.999965358462257,64.44061302681992,465.5593869731801
251,1,3,4,52.0,530.0,0,3,29563.0,90.69192495901702,9.925148444997916,74.81818181818181,455.1818181818182
251,1,3,4,52.0,530.0,1,1,225267.0,99.95637399607762,9.993157897114182,358.0117924528302,171.98820754716982
251,1,3,4,52.0,530.0,1,2,227589.0,99.97729614554844,9.993202603799546,340.2953020134228,189.70469798657717
251,1,3,4,52.0,530.0,1,3,9699.0,98.1560806137834,9.193866807482694,391.5882352941176,138.41176470588235
251,3,3,8,181.0,650.0,1,1,3480.0,86.09050997183571,9.973186900175874,613.0666666666667,36.93333333333333
251,3,3,8,181.0,650.0,1,2,1392.0,96.51370411462146,9.97990189066786,743.3333333333334,-93.33333333333333
252,1,3,4,52.0,530.0,0,1,12180.0,88.98586999319608,8.860139148927406,181.0,349.0
252,1,3,4,52.0,530.0,0,2,8932.0,98.69676387642082,9.32518119614851,336.90909090909093,193.0909090909091
252,3,2,9,467.0,726.0,0,1,1020214.0,99.81496408612932,9.983283773641276,101.44225352112676,624.5577464788732
252,3,2,9,467.0,726.0,0,2,978725.0,99.8091605989962,9.99765111916436,83.62941176470588,642.3705882352941
252,3,2,9,467.0,726.0,0,3,43909.0,93.7889632209741,8.441141026624926,98.23529411764706,627.7647058823529
252,3,2,9,467.0,726.0,1,1,201908.0,99.9478079577636,9.9912275876668,288.6619318181818,437.3380681818182
252,3,2,9,467.0,726.0,1,2,210605.0,99.7712345738149,9.902199759559569,306.3884297520661,419.6115702479339
252,3,2,9,467.0,726.0,1,3,6450.0,88.56527516852059,9.816395744822511,328.6363636363636,397.3636363636364
253,2,1,2,471.0,736.0,0,1,840973.0,99.8110931764589,9.946428054882317,91.43312101910828,644.5668789808917
253,2,1,2,471.0,736.0,0,2,431854.0,99.16546539222033,9.98584884360569,83.8135593220339,652.1864406779661
253,2,1,2,471.0,736.0,0,3,37295.0,97.96980312156248,8.95303821426882,67.6923076923077,668.3076923076923
253,2,1,2,471.0,736.0,1,1,192618.0,99.91051524440276,9.9848341829292,456.94102564102565,279.05897435897435
253,2,1,2,471.0,736.0,1,2,268512.0,99.9070306759108,9.973752173509352,427.07088122605364,308.92911877394636
253,2,1,2,471.0,736.0,1,3,6399.0,96.22556597557244,9.732528980898053,415.85714285714283,320.14285714285717
253,3,2,9,467.0,726.0,0,1,27880.0,92.21162969968618,8.90164422791159,321.6470588235294,404.3529411764706
253,3,2,9,467.0,726.0,0,2,24600.0,98.27602438106425,9.777709354433457,457.0,269.0
253,3,2,9,467.0,726.0,0,3,1640.0,64.40658607480594,3.0642386339900654,571.0,155.0
254,2,1,2,471.0,736.0,0,1,44574.0,98.65437580386732,8.845370136753406,705.5263157894736,30.473684210526315
254,2,1,2,471.0,736.0,0,2,35190.0,97.72358651708812,9.371117571779628,815.2,-79.2
254,2,1,2,471.0,736.0,0,3,2346.0,24.763194618062883,1.139902951516859,904.0,-168.0
254,3,3,6,62.0,782.0,0,1,1091827.0,99.84748052288202,9.992433624346951,117.45303867403315,664.5469613259669
254,3,3,6,62.0,782.0,0,2,1109407.0,99.54123632302526,9.934367429398463,97.56698564593302,684.433014354067
254,3,3,6,62.0,782.0,0,3,34102.0,83.80851796876141,8.524939577649484,117.84615384615384,664.1538461538462
254,3,3,6,62.0,782.0,1,1,186790.0,99.18795550077336,9.990209274293486,315.75588235294117,466.24411764705883
254,3,3,6,62.0,782.0,1,2,153596.0,98.7017322798578,9.986634835326294,304.3285714285714,477.6714285714286
254,3,3,6,62.0,782.0,1,3,7939.0,95.31896431596314,9.899314568442964,278.2142857142857,503.7857142857143
255,3,2,2,122.0,898.0,0,1,1117027.0,99.8493023970906,9.992901699462802,117.02267002518892,780.977329974811
255,3,2,2,122.0,898.0,0,2,1009503.0,99.80618109047822,9.969293505386537,140.63055555555556,757.3694444444444
255,3,2,2,122.0,898.0,0,3,45759.0,90.08524879599798,7.586031345813807,184.4375,713.5625
255,3,2,2,122.0,898.0,1,1,157808.0,99.93327982659748,9.950873443872446,414.60747663551405,483.39252336448595
255,3,2,2,122.0,898.0,1,2,196647.0,99.56409258685431,9.945952136143417,428.819209039548,469.180790960452
255,3,2,2,122.0,898.0,1,3,7180.0,94.27752717513884,7.980585459448109,511.75,386.25
255,3,3,6,62.0,782.0,0,1,3604.0,83.90668343584942,9.224097780348458,519.5,262.5
256,1,3,2,53.0,726.0,0,1,763654.0,99.87886174086556,9.996721380613746,103.0418118466899,622.9581881533101
256,1,3,2,53.0,726.0,0,2,962141.0,99.94897624403428,9.995048172803418,81.57843137254902,644.4215686274509
256,1,3,2,53.0,726.0,0,3,35093.0,79.33211047205442,9.2604050149696,139.26666666666668,586.7333333333333
256,1,3,2,53.0,726.0,1,1,199963.0,99.97849735492544,9.996087475214082,359.1333333333333,366.8666666666667
256,1,3,2,53.0,726.0,1,2,145551.0,99.34233428622066,9.997761160778069,421.43464052287584,304.56535947712416
256,1,3,2,53.0,726.0,1,3,5802.0,96.76348916967464,9.620041992665918,393.0,333.0
256,3,2,2,122.0,898.0,1,1,3720.0,90.1743791813452,9.85708290918416,366.6666666666667,531.3333333333334
257,1,3,2,53.0,726.0,1,1,13680.0,89.1334130700922,9.44010249971676,591.8,134.2
257,2,3,1,468.0,612.0,0,1,840597.0,99.95099523410975,9.999209084387845,79.41867469879519,532.5813253012049
257,2,3,1,468.0,612.0,0,2,680792.0,99.94121624880728,9.99468465476011,87.85760517799353,524.1423948220065
257,2,3,1,468.0,612.0,0,3,29080.0,87.79767754869336,7.562818018301154,88.0,524.0
257,2,3,1,468.0,612.0,1,1,207434.0,99.95187250376308,9.982067981453826,270.18518518518516,341.81481481481484
257,2,3,1,468.0,612.0,1,2,212761.0,99.93744139537662,9.989163152107444,276.45320197044333,335.54679802955667
257,2,3,1,468.0,612.0,1,3,8856.0,94.56745617212688,9.913019044352165,322.4375,289.5625
258,1,0,1,466.0,656.0,0,1,841848.0,99.55396818202776,9.99292569210084,86.50803858520901,569.491961414791
258,1,0,1,466.0,656.0,0,2,762533.0,99.58840098926284,9.999647622281614,122.27333333333333,533.7266666666667
258,1,0,1,466.0,656.0,0,3,13877.0,99.8672980404967,8.937501656554138,112.83333333333333,543.1666666666666
258,1,0,1,466.0,656.0,1,1,248839.0,99.77746664431328,9.999329683613896,370.14179104477614,285.85820895522386
258,1,0,1,466.0,656.0,1,2,229903.0,99.8218995265442,9.970576153070942,370.6246973365617,285.3753026634383
258,1,0,1,466.0,656.0,1,3,12574.0,97.66216025356708,9.40990969981897,375.3181818181818,280.6818181818182
258,2,3,1,468.0,612.0,1,1,6405.0,83.68522096579656,8.548388717206215,592.4285714285714,19.571428571428573
259,0,1,0,323.0,870.0,0,1,1142196.0,99.88286736739596,9.998147602130382,120.27098321342926,749.7290167865707
259,0,1,0,323.0,870.0,0,2,1067568.0,99.93271011853967,9.992549082126152,128.41951219512194,741.5804878048781
259,0,1,0,323.0,870.0,0,3,37070.0,99.34179599162158,9.151586134097112,141.2,728.8
259,0,1,0,323.0,870.0,1,1,155413.0,99.97975145185812,9.993821954892764,332.0655172413793,537.9344827586207
259,0,1,0,323.0,870.0,1,2,153753.0,99.49901717629388,9.998127797114616,338.16611295681065,531.8338870431894
259,0,1,0,323.0,870.0,1,3,7036.0,99.11123397996394,9.937890491363143,334.53846153846155,535.4615384615385
259,1,0,1,466.0,656.0,1,1,4695.0,98.41214332930056,9.55001127879616,478.6,177.4
259,1,0,1,466.0,656.0,1,2,1252.0,92.94882026325996,9.481926522952069,583.75,72.25
260,0,1,0,323.0,870.0,0,1,5025.0,54.08801879319131,8.674578581081143,255.33333333333334,614.6666666666666
260,0,1,2,270.0,714.0,0,1,1037081.0,99.97584184646512,9.933532862542284,88.58575197889182,625.4142480211082
260,0,1,2,270.0,714.0,0,2,969214.0,99.73187891285332,9.99687664640104,94.9009900990099,619.0990099009902
260,0,1,2,270.0,714.0,0,3,39944.0,99.03792768200302,9.920822351442222,79.0,635.0
260,0,1,2,270.0,714.0,1,1,199717.0,99.91629965712082,9.97376142275008,345.2823529411765,368.7176470588235
260,0,1,2,270.0,714.0,1,2,178873.0,99.6400826787046,9.94819250930384,325.0129449838188,388.9870550161812
260,0,1,2,270.0,714.0,1,3,6964.0,86.40211999380713,9.483208493547188,237.0,477.0
261,0,1,2,270.0,714.0,0,1,71043.0,96.3817864419275,9.605282137373331,727.2380952380952,-13.238095238095237
261,0,1,2,270.0,714.0,0,2,50745.0,97.0088985215193,8.902208849065028,841.7333333333333,-127.73333333333333
261,0,1,2,270.0,714.0,0,3,3383.0,89.59880479107063,3.7135460364961737,944.0,-230.0
261,2,1,7,280.0,993.0,0,1,1120524.0,99.90119546382029,9.988957411917497,94.23762376237623,898.7623762376238
261,2,1,7,280.0,993.0,0,2,1217395.0,99.73996001757617,9.990171471740974,97.48309178743962,895.5169082125603
261,2,1,7,280.0,993.0,0,3,32142.0,99.64702655032652,9.487519201289048,99.5,893.5
261,2,1,7,280.0,993.0,1,1,182269.0,99.98501944952476,9.96038383221692,348.6744966442953,644.3255033557047
261,2,1,7,280.0,993.0,1,2,171132.0,99.72287558567668,9.987218316843482,349.29824561403507,643.7017543859649
261,2,1,7,280.0,993.0,1,3,7996.0,96.00803685564654,9.218419870785706,283.61538461538464,709.3846153846154
262,1,3,0,479.0,962.0,0,1,1044776.0,99.91922021336948,9.997640918403764,135.31117021276594,826.688829787234
262,1,3,0,479.0,962.0,0,2,1268834.0,99.99926270597706,9.97233340075334,109.12938596491227,852.8706140350877
262,1,3,0,479.0,962.0,0,3,46119.0,99.6403994983994,9.02686786283014,106.4,855.6
262,1,3,0,479.0,962.0,1,1,173880.0,99.6206797063552,9.972500491167835,351.8085106382979,610.1914893617021
262,1,3,0,479.0,962.0,1,2,122132.0,99.73304730761777,9.93497842429871,371.508,590.492
262,1,3,0,479.0,962.0,1,3,5192.0,98.42084832055014,9.860778881569091,401.2307692307692,560.7692307692307
262,2,1,7,280.0,993.0,1,1,6075.0,99.71287727690664,8.818926686264637,788.4666666666667,204.53333333333333
262,2,1,7,280.0,993.0,1,2,2835.0,94.50962234558824,6.351526285736247,892.4285714285714,100.57142857142857
263,1,3,0,479.0,962.0,0,1,18270.0,91.60864390011255,8.898257989662625,346.06666666666666,615.9333333333333
263,1,3,0,479.0,962.0,0,2,6090.0,90.79517994932289,6.535880133181306,476.8,485.2
263,3,3,4,102.0,770.0,0,1,840552.0,99.8616025390222,9.971382584219889,104.06774193548387,665.9322580645161
263,3,3,4,102.0,770.0,0,2,1021202.0,99.6854891155453,9.937815317015223,90.16020671834626,679.8397932816538
263,3,3,4,102.0,770.0,0,3,29874.0,83.85856287166834,7.842147942683515,118.76923076923077,651.2307692307693
263,3,3,4,102.0,770.0,1,1,236979.0,99.96069648376309,9.942827000428382,341.2286432160804,428.7713567839196
263,3,3,4,102.0,770.0,1,2,183842.0,99.6293055645247,9.930887776403614,339.4890965732087,430.5109034267913
263,3,3,4,102.0,770.0,1,3,9297.0,91.5917459162666,9.774332760561425,353.6,416.4
264,0,2,8,69.0,713.0,0,1,1016320.0,99.89216390253227,9.975590497724298,90.71857923497268,622.2814207650273
264,0,2,8,69.0,713.0,0,2,800539.0,99.10124587292616,9.997376204205752,105.41197183098592,607.5880281690141
264,0,2,8,69.0,713.0,0,3,33977.0,97.96204877054105,9.33558325731682,129.16666666666666,583.8333333333334
264,0,2,8,69.0,713.0,1,1,229263.0,99.99150857587388,9.948463447824166,432.2934472934473,280.7065527065527
264,0,2,8,69.0,713.0,1,2,269555.0,99.73793318056792,9.98754507553979,357.90719257540604,355.09280742459396
264,0,2,8,69.0,713.0,1,3,10108.0,99.135659339501,8.886689268822497,387.75,325.25
264,3,3,4,102.0,770.0,0,1,7890.0,63.51847158772743,3.366688809678907,599.6666666666666,170.33333333333334
265,0,2,8,69.0,713.0,1,1,14115.0,98.34829015900408,9.907512899322402,388.6,324.4
265,0,2,8,69.0,713.0,1,2,3764.0,97.18210124336017,4.33894059169468,528.5,184.5
265,3,0,5,82.0,843.0,0,1,1259695.0,99.94364409705793,9.980719881131108,100.13959390862944,742.8604060913706
265,3,0,5,82.0,843.0,0,2,1154711.0,99.62042003994029,9.986564017024255,85.76280323450135,757.2371967654987
265,3,0,5,82.0,843.0,0,3,59603.0,97.85137235895552,8.984077135188723,79.83333333333333,763.1666666666666
265,3,0,5,82.0,843.0,1,1,150137.0,99.8865797899725,9.97834299276084,319.06752411575565,523.9324758842444
265,3,0,5,82.0,843.0,1,2,166990.0,99.99663897948383,9.997274464321764,331.68934911242604,511.31065088757396
265,3,0,5,82.0,843.0,1,3,5466.0,97.33129852032889,8.665150759118232,324.6,518.4
266,1,2,5,325.0,746.0,0,1,884692.0,99.38559170695116,9.977575028847758,99.2701754385965,646.7298245614035
266,1,2,5,325.0,746.0,0,2,965585.0,99.57950198956752,9.996146998962974,111.09872611464968,634.9012738853503
266,1,2,5,325.0,746.0,0,3,47388.0,98.01490880854548,9.943610545673971,134.42857142857142,611.5714285714286
266,1,2,5,325.0,746.0,1,1,232126.0,99.90909871986786,9.997876166292851,354.1843971631206,391.8156028368794
266,1,2,5,325.0,746.0,1,2,216641.0,99.57384073514169,9.942562151896544,371.6234413965087,374.3765586034913
266,1,2,5,325.0,746.0,1,3,6366.0,99.3556309879424,8.299990924629789,360.7142857142857,385.2857142857143
266,3,0,5,82.0,843.0,0,1,45123.0,97.55662565312342,8.959227298142643,452.15384615384613,390.84615384615387
267,1,2,5,325.0,746.0,1,1,1072.0,99.5497160086697,2.913929831721269,328.0,418.0
267,3,1,8,323.0,912.0,0,1,1036581.0,99.99573985241295,9.994485277451783,115.99257425742574,796.0074257425742
267,3,1,8,323.0,912.0,0,2,1316266.0,99.82935049677428,9.993397312596825,106.73995771670191,805.260042283298
267,3,1,8,323.0,912.0,0,3,44190.0,99.97916020532344,9.62352436262605,119.66666666666667,792.3333333333334
267,3,1,8,323.0,912.0,1,1,172603.0,99.97783725628209,9.942063265421154,420.40384615384613,491.59615384615387
267,3,1,8,323.0,912.0,1,2,140561.0,99.1579100984063,9.994593933446668,428.6942148760331,483.3057851239669
267,3,1,8,323.0,912.0,1,3,7323.0,92.04231553756388,9.76209534179741,396.46153846153845,515.5384615384615
268,3,1,8,323.0,912.0,0,1,77775.0,97.86677563215956,9.95034055465383,237.8,674.2
268,3,1,8,323.0,912.0,0,2,46665.0,98.55540310712816,9.857260641496111,293.8,618.2
268,3,1,8,323.0,912.0,0,3,3111.0,56.92307867982674,1.046344699577063,385.0,527.0
268,3,1,8,465.0,891.0,0,1,1215032.0,99.93270726484867,9.951973358687331,92.75970873786407,798.2402912621359
268,3,1,8,465.0,891.0,0,2,1151620.0,99.96721384739386,9.976594354596095,119.0,772.0
268,3,1,8,465.0,891.0,0,3,39856.0,97.54295806627132,9.267316229419947,78.3076923076923,812.6923076923077
268,3,1,8,465.0,891.0,1,1,179973.0,99.81091482949373,9.829060529630947,361.41342756183747,529.5865724381625
268,3,1,8,465.0,891.0,1,2,198909.0,99.94960525499312,9.966389636367772,376.5440729483283,514.4559270516718
268,3,1,8,465.0,891.0,1,3,9362.0,94.41284682366005,9.85215444124082,399.57142857142856,491.42857142857144
269,2,3,6,137.0,514.0,0,1,802022.0,99.8116096216423,9.962549898930227,64.91428571428571,449.0857142857143
269,2,3,6,137.0,514.0,0,2,829446.0,99.737496742666,9.989945792913517,73.72161172161172,440.27838827838826
269,2,3,6,137.0,514.0,0,3,33383.0,98.88731788748608,9.012951605999849,91.45454545454545,422.54545454545456
269,2,3,6,137.0,514.0,1,1,234256.0,99.96439607240012,9.94728710275753,303.8919540229885,210.1080459770115
269,2,3,6,137.0,514.0,1,2,237857.0,99.78909296640562,9.999062861914831,316.3477272727273,197.65227272727273
269,2,3,6,137.0,514.0,1,3,9186.0,99.26461206718048,9.511629447127538,316.05882352941177,197.94117647058823
269,3,1,8,465.0,891.0,0,1,5800.0,90.58612416487443,9.89822921635831,161.25,729.75
270,1,1,0,228.0,559.0,0,1,983755.0,99.86904765289265,9.995114008040536,78.32919254658385,480.67080745341616
270,1,1,0,228.0,559.0,0,2,859729.0,99.93301717574263,9.942284428405223,72.65814696485623,486.34185303514374
270,1,1,0,228.0,559.0,0,3,44408.0,87.48692535412404,9.580571619056215,75.57142857142857,483.42857142857144
270,1,1,0,228.0,559.0,1,1,213105.0,99.61422947430896,9.952383472451247,342.09819121447026,216.9018087855297
270,1,1,0,228.0,559.0,1,2,235430.0,99.87252491628878,9.956360033026916,325.0872817955112,233.91271820448878
270,1,1,0,228.0,559.0,1,3,7661.0,94.07369208284445,9.63150287131233,305.7857142857143,253.21428571428572
270,2,3,6,137.0,514.0,0,1,46464.0,99.22566254548524,9.606112372157495,564.8333333333334,-50.833333333333336
271,1,1,0,228.0,559.0,0,1,59895.0,98.9966523579777,9.737426358932268,599.8666666666667,-40.86666666666667
271,1,1,0,228.0,559.0,0,2,23958.0,84.45495566086709,9.46154994976651,745.0,-186.0
271,1,3,7,491.0,799.0,0,1,962386.0,99.80122175390596,9.973032229584849,111.51052631578948,687.4894736842106
271,1,3,7,491.0,799.0,0,2,1017046.0,99.87970918256498,9.995385928990045,118.58247422680412,680.4175257731958
271,1,3,7,491.0,799.0,0,3,39855.0,99.73163912358396,9.59582979102822,139.75,659.25
271,1,3,7,491.0,799.0,1,1,197043.0,99.89589878176942,9.983740924982705,375.13761467889907,423.86238532110093
271,1,3,7,491.0,799.0,1,2,183394.0,99.37413167365688,9.987842320148053,332.44099378881987,466.55900621118013
271,1,3,7,491.0,799.0,1,3,7737.0,86.88254006533384,9.95802260559386,356.0,443.0
272,1,0,3,130.0,648.0,0,1,696540.0,99.8557738009046,9.985507743358408,72.97265625,575.02734375
272,1,0,3,130.0,648.0,0,2,812011.0,99.90724740405854,9.985507439969831,84.7719298245614,563.2280701754386
272,1,0,3,130.0,648.0,0,3,19491.0,91.48483765073884,8.987976884502702,82.0,566.0
272,1,0,3,130.0,648.0,1,1,249483.0,99.90069280240994,9.998384119576375,374.4773218142549,273.5226781857451
272,1,0,3,130.0,648.0,1,2,225933.0,99.58619963624923,9.985504768732506,348.95813953488374,299.04186046511626
272,1,0,3,130.0,648.0,1,3,13157.0,99.00124597460584,9.361903111815652,371.3809523809524,276.6190476190476
272,1,3,7,491.0,799.0,0,1,11034.0,58.65768685681746,8.052795966418543,686.3333333333334,112.66666666666667
273,1,0,3,130.0,648.0,1,1,9890.0,80.87212470303893,7.899963603856794,486.7,161.3
273,3,0,1,173.0,897.0,0,1,1098388.0,99.94515010788156,9.948392245686504,131.04176334106728,765.9582366589327
273,3,0,1,173.0,897.0,0,2,1156972.0,99.90497729011474,9.96812618985601,123.75586854460094,773.244131455399
273,3,0,1,173.0,897.0,0,3,43562.0,97.73983681840625,9.928714537153624,119.83333333333333,777.1666666666666
273,3,0,1,173.0,897.0,1,1,160439.0,99.88566756325844,9.998380046415791,385.60357142857146,511.39642857142854
273,3,0,1,173.0,897.0,1,2,176435.0,99.69132643690828,9.985544561494082,395.4791666666667,501.5208333333333
273,3,0,1,173.0,897.0,1,3,4825.0,94.80648646760189,9.872956669885246,429.8,467.2
274,3,0,1,173.0,897.0,1,1,4350.0,94.11096817346544,8.899580133285202,497.3333333333333,399.6666666666667
274,3,0,1,173.0,897.0,1,2,4350.0,93.48718949341222,9.76051949081221,669.2666666666667,227.73333333333332
274,3,2,1,478.0,736.0,0,1,895737.0,99.68316194825854,9.968230230335164,80.37820512820512,655.6217948717949
274,3,2,1,478.0,736.0,0,2,871933.0,99.73894468128272,9.953517928331133,96.8252427184466,639.1747572815534
274,3,2,1,478.0,736.0,0,3,32408.0,98.36484997312124,9.623214924210586,78.54545454545455,657.4545454545455
274,3,2,1,478.0,736.0,1,1,252523.0,99.7555882399293,9.887531621352869,384.48091603053433,351.51908396946567
274,3,2,1,478.0,736.0,1,2,249413.0,99.77923596313528,9.9990983096485,333.7358974358974,402.2641025641026
274,3,2,1,478.0,736.0,1,3,11111.0,97.77092455392214,9.787689751420428,300.11764705882354,435.88235294117646
275,3,2,1,478.0,736.0,1,1,10897.0,97.31586084281508,8.686450282516486,231.11764705882354,504.88235294117646
275,3,2,1,478.0,736.0,1,2,9615.0,96.21000288292208,8.179963182392724,375.6666666666667,360.3333333333333
275,3,2,1,478.0,736.0,1,3,641.0,56.99349527114913,7.793188635111807,453.0,283.0
275,3,3,3,133.0,732.0,0,1,1144263.0,99.91466991065109,9.990735320386234,93.1452784503632,638.8547215496368
275,3,3,3,133.0,732.0,0,2,1039626.0,99.65879348582904,9.92344303292837,92.57180851063829,639.4281914893617
275,3,3,3,133.0,732.0,0,3,39306.0,97.67621974950596,8.856784964227291,86.66666666666667,645.3333333333334
275,3,3,3,133.0,732.0,1,1,141241.0,99.05971197388328,9.995382729086089,289.0549828178694,442.9450171821306
275,3,3,3,133.0,732.0,1,2,162548.0,99.97442870680791,9.90344879661844,279.8173374613003,452.1826625386997
275,3,3,3,133.0,732.0,1,3,6998.0,95.6551734023134,9.373854204371268,297.6,434.4
276,1,2,5,177.0,717.0,0,1,722640.0,99.84378397095276,9.989682508861716,118.64831804281346,598.3516819571865
276,1,2,5,177.0,717.0,0,2,762163.0,99.82002142842911,9.985838966091034,94.29032258064517,622.7096774193549
276,1,2,5,177.0,717.0,0,3,27838.0,95.31699034738786,9.88155344052612,126.91666666666667,590.0833333333334
276,1,2,5,177.0,717.0,1,1,215140.0,99.82606626562652,9.970794874169163,408.48010610079575,308.51989389920425
276,1,2,5,177.0,717.0,1,2,221355.0,99.97141883700831,9.998665195412933,402.5953608247423,314.4046391752577
276,1,2,5,177.0,717.0,1,3,9376.0,96.86088125142317,8.187599257804978,397.4,319.6
276,3,3,3,133.0,732.0,1,1,11441.0,98.36782901880154,9.6956737391809,843.4117647058823,-111.41176470588235
276,3,3,3,133.0,732.0,1,2,10095.0,96.46557675873726,9.979387617984369,989.3333333333334,-257.3333333333333
276,3,3,3,133.0,732.0,1,3,673.0,25.13223008518749,6.262735593281038,1071.0,-339.0
277,1,2,5,177.0,717.0,0,1,42390.0,99.84687768124272,9.862815899227048,177.6,539.4
277,1,2,5,177.0,717.0,0,2,25434.0,74.29591674908387,8.57974524499172,332.6666666666667,384.3333333333333
277,2,2,8,113.0,751.0,0,1,1037197.0,99.99537552826078,9.954502780537798,102.46153846153847,648.5384615384615
277,2,2,8,113.0,751.0,0,2,894868.0,99.82717172921386,9.99487549825064,103.72360248447205,647.276397515528
277,2,2,8,113.0,751.0,0,3,31867.0,98.25757982782456,9.94329802346061,61.333333333333336,689.6666666666666
277,2,2,8,113.0,751.0,1,1,191400.0,99.9577914501492,9.993808266607592,306.1003039513678,444.8996960486322
277,2,2,8,113.0,751.0,1,2,250001.0,99.9339574917649,9.991015485746557,346.2421875,404.7578125
277,2,2,8,113.0,751.0,1,3,8911.0,93.71903489566968,9.72044378427811,354.125,396.875
278,1,3,2,141.0,997.0,0,1,1055269.0,99.94560403214598,9.9755192994335,142.50835322195704,854.491646778043
278,1,3,2,141.0,997.0,0,2,1185622.0,99.99702809371011,9.951160329205644,127.16515837104072,869.8348416289592
278,1,3,2,141.0,997.0,0,3,38316.0,91.92587035514802,9.472085579307164,164.73333333333332,832.2666666666667
278,1,3,2,141.0,997.0,1,1,156681.0,99.73384977599356,9.989143733415847,401.35766423357666,595.6423357664233
278,1,3,2,141.0,997.0,1,2,152957.0,99.9807439249397,9.996506702681971,387.6589147286822,609.3410852713179
278,1,3,2,141.0,997.0,1,3,7177.0,96.78138972589882,9.717504764055024,360.5833333333333,636.4166666666666
278,2,2,8,113.0,751.0,1,1,4131.0,96.54038687365406,9.304154049455502,326.6666666666667,424.3333333333333
278,2,2,8,113.0,751.0,1,2,2295.0,88.15169091179173,9.834006974948611,346.53333333333336,404.46666666666664
278,2,2,8,113.0,751.0,1,3,153.0,26.60706360305705,5.625918508585496,445.0,306.0
279,1,1,6,371.0,539.0,0,1,904724.0,99.99017719764038,9.990791068086908,90.51097178683385,448.48902821316614
279,1,1,6,371.0,539.0,0,2,1014552.0,99.20835133883648,9.968789326594568,73.52785923753666,465.47214076246337
279,1,1,6,371.0,539.0,0,3,35346.0,90.9413435959629,9.511617654916453,87.63636363636364,451.3636363636364
279,1,1,6,371.0,539.0,1,1,222833.0,99.41130527840434,9.973133864101197,264.4638403990025,274.5361596009975
279,1,1,6,371.0,539.0,1,2,222780.0,99.9731356675465,9.963277526905369,236.12332439678283,302.87667560321717
279,1,1,6,371.0,539.0,1,3,10341.0,87.42057679437617,9.278791639360463,186.76470588235293,352.2352941176471
279,1,3,2,141.0,997.0,1,1,3348.0,77.27764638261033,8.945702599418718,532.1666666666666,464.8333333333333
280,1,0,7,119.0,588.0,0,1,925619.0,99.73734278768003,9.982648560072317,88.07479224376732,499.9252077562327
280,1,0,7,119.0,588.0,0,2,937110.0,99.83302310369896,9.99152306464927,100.35694050991502,487.64305949008497
280,1,0,7,119.0,588.0,0,3,40643.0,99.73282405689488,9.618434761138529,100.0,488.0
280,1,0,7,119.0,588.0,1,1,225416.0,99.96072344116452,9.99588596359824,383.6218487394958,204.3781512605042
280,1,0,7,119.0,588.0,1,2,242302.0,99.55781259554198,9.940208189726306,375.38950276243094,212.61049723756906
280,1,0,7,119.0,588.0,1,3,7462.0,96.7032052352763,9.855504992457696,457.4166666666667,130.58333333333334
280,1,1,6,371.0,539.0,1,1,702.0,60.558249417168966,3.1395580446388403,171.5,367.5
281,1,0,7,119.0,588.0,0,1,31440.0,99.82031223321552,9.718248531732389,710.75,-122.75
281,1,3,5,472.0,697.0,0,1,841906.0,99.88427575173586,9.942025884912804,80.77272727272727,616.2272727272727
281,1,3,5,472.0,697.0,0,2,923974.0,99.70999931665992,9.91642663011914,90.985559566787,606.0144404332129
281,1,3,5,472.0,697.0,0,3,34720.0,98.36882200964013,9.035888247346485,73.81818181818181,623.1818181818181
281,1,3,5,472.0,697.0,1,1,205037.0,99.53282372266072,9.98160853586419,421.2575,275.7425
281,1,3,5,472.0,697.0,1,2,239677.0,99.79935405333237,9.968950653808948,361.13990825688074,335.86009174311926
281,1,3,5,472.0,697.0,1,3,8042.0,90.14988162402751,9.985810235186468,408.88235294117646,288.11764705882354
282,1,3,5,472.0,697.0,1,1,1630.0,92.42678578495617,5.6725922326441856,704.0,-7.0
282,3,3,5,249.0,628.0,0,1,987126.0,99.99528693439896,9.945673192665788,96.38643067846607,531.6135693215339
282,3,3,5,249.0,628.0,0,2,680024.0,99.87654957931856,9.991775044535366,89.8021978021978,538.1978021978022
282,3,3,5,249.0,628.0,0,3,23873.0,94.99164561511726,8.871119179225316,110.54545454545455,517.4545454545455
282,3,3,5,249.0,628.0,1,1,218865.0,99.89872303822052,9.983133944623765,391.34656084656086,236.65343915343917
282,3,3,5,249.0,628.0,1,2,258171.0,99.84118904670444,9.983065519797714,383.48072562358277,244.51927437641723
282,3,3,5,249.0,628.0,1,3,10773.0,90.73576490215156,9.595526668039426,436.94117647058823,191.05882352941177
283,3,3,5,249.0,628.0,0,1,29183.0,96.91181012493404,9.49346156343042,255.71428571428572,372.2857142857143
283,3,3,5,338.0,807.0,0,1,1021142.0,99.6542079689078,9.985267094080806,113.9696132596685,693.0303867403314
283,3,3,5,338.0,807.0,0,2,1173346.0,99.99482924626072,9.99532802286482,118.86600496277916,688.1339950372209
283,3,3,5,338.0,807.0,0,3,51808.0,97.77371994216426,9.883494269952743,119.125,687.875
283,3,3,5,338.0,807.0,1,1,196790.0,99.73544282963508,9.983031670302632,377.90340909090907,429.09659090909093
283,3,3,5,338.0,807.0,1,2,181407.0,99.94183063003372,9.997969959110405,415.5,391.5
283,3,3,5,338.0,807.0,1,3,7250.0,91.19868919277,9.600982496808276,397.5,409.5
284,2,3,0,351.0,857.0,0,1,1115994.0,99.97716848358712,9.98398922937038,117.73024523160763,739.2697547683923
284,2,3,0,351.0,857.0,0,2,1191619.0,99.9272022695086,9.98651216486185,103.1597374179431,753.8402625820569
284,2,3,0,351.0,857.0,0,3,44571.0,93.8921833829674,9.900835901266715,93.23529411764706,763.7647058823529
284,2,3,0,351.0,857.0,1,1,200740.0,99.97024962931384,9.935522384909858,332.52507374631267,524.4749262536873
284,2,3,0,351.0,857.0,1,2,158488.0,99.84182760057487,9.976744960350208,334.3359375,522.6640625
284,2,3,0,351.0,857.0,1,3,5903.0,93.49806726394344,8.660849564790388,249.0,608.0
284,3,3,5,338.0,807.0,1,1,6030.0,84.96651626170026,9.652280906349349,576.2666666666667,230.73333333333332
285,2,3,0,351.0,857.0,1,1,9765.0,97.483339791185,9.22202533509316,437.06666666666666,419.93333333333334
285,3,0,3,178.0,935.0,0,1,999940.0,99.91033501451192,9.994311103995123,118.38274932614556,816.6172506738544
285,3,0,3,178.0,935.0,0,2,931334.0,99.78645729424296,9.9548162369111,107.45876288659794,827.5412371134021
285,3,0,3,178.0,935.0,0,3,41706.0,80.6512222177885,9.962564685924802,112.23529411764706,822.7647058823529
285,3,0,3,178.0,935.0,1,1,211369.0,99.98369950210696,9.86659102539406,479.36607142857144,455.63392857142856
285,3,0,3,178.0,935.0,1,2,186087.0,99.91939943079448,9.988405429341574,509.33435582822085,425.66564417177915
285,3,0,3,178.0,935.0,1,3,6042.0,94.72119888904238,9.29041309915007,449.90909090909093,485.09090909090907
286,0,2,4,256.0,605.0,0,1,789569.0,99.98492986691043,9.929136662332564,83.93979933110369,521.0602006688963
286,0,2,4,256.0,605.0,0,2,760702.0,99.99189381338178,9.9935887837981,82.38831615120274,522.6116838487973
286,0,2,4,256.0,605.0,0,3,30407.0,99.8901379936395,9.063006136884244,95.33333333333333,509.6666666666667
286,0,2,4,256.0,605.0,1,1,225951.0,99.87996003342766,9.985785289561797,315.4474327628362,289.5525672371638
286,0,2,4,256.0,605.0,1,2,242487.0,99.4973496270924,9.977141371949552,308.45083932853714,296.54916067146286
286,0,2,4,256.0,605.0,1,3,7330.0,95.21703279302388,9.273177608154862,312.4375,292.5625
286,3,0,3,178.0,935.0,0,1,71445.0,82.80781489436418,9.478040251736145,311.4,623.6
286,3,0,3,178.0,935.0,0,2,28578.0,92.39577441111068,7.215774159384124,456.1666666666667,478.8333333333333
287,0,2,4,256.0,605.0,1,1,1500.0,96.77715504499892,9.559589199702458,300.6666666666667,304.3333333333333
287,0,2,4,256.0,605.0,1,2,1100.0,99.64347156924876,9.579780843073689,478.8181818181818,126.18181818181819
287,1,3,9,358.0,605.0,0,1,818120.0,99.7380794102498,9.942698786967483,77.05460750853243,527.9453924914676
287,1,3,9,358.0,605.0,0,2,763680.0,99.97231456707698,9.973262911930066,72.62773722627738,532.3722627737226
287,1,3,9,358.0,605.0,0,3,33149.0,92.87366537729568,8.317687693390832,66.1,538.9
287,1,3,9,358.0,605.0,1,1,228372.0,99.67591400635568,9.980164317788756,307.0823244552058,297.9176755447942
287,1,3,9,358.0,605.0,1,2,222404.0,99.88208912129627,9.99478094248908,304.42289719626166,300.57710280373834
287,1,3,9,358.0,605.0,1,3,9916.0,95.61240559447,9.969010930700158,317.77777777777777,287.22222222222223
288,1,3,9,358.0,605.0,1,1,2024.0,98.42811992905789,9.917821865838494,433.27272727272725,171.72727272727272
288,2,2,2,151.0,628.0,0,1,1030775.0,99.98744399319855,9.997495063856118,100.06811145510837,527.9318885448916
288,2,2,2,151.0,628.0,0,2,983062.0,99.98512529194188,9.985454251157629,83.40184049079754,544.5981595092024
288,2,2,2,151.0,628.0,0,3,35574.0,99.16706234949052,9.520273120575284,115.66666666666667,512.3333333333334
288,2,2,2,151.0,628.0,1,1,178350.0,99.5390465579238,9.981955185224264,291.9896907216495,336.0103092783505
288,2,2,2,151.0,628.0,1,2,189726.0,99.86245712156804,9.986345687634133,331.680412371134,296.319587628866
288,2,2,2,151.0,628.0,1,3,7798.0,95.69123620175456,8.810401981150257,315.3125,312.6875
289,1,1,3,387.0,588.0,0,1,728568.0,98.62797813170624,9.98873148291038,80.49812734082397,507.50187265917606
289,1,1,3,387.0,588.0,0,2,728950.0,99.7075606932396,9.975118773423263,94.57854406130268,493.4214559386973
289,1,1,3,387.0,588.0,0,3,29945.0,75.50847128687536,3.671863552192369,99.77777777777777,488.22222222222223
289,1,1,3,387.0,588.0,1,1,216271.0,99.91244770431074,9.951804503819424,377.5568181818182,210.4431818181818
289,1,1,3,387.0,588.0,1,2,227120.0,99.96696654418894,9.986514042248473,371.58810572687224,216.41189427312776
289,1,1,3,387.0,588.0,1,3,9260.0,99.31552902278608,9.762194699435888,399.6842105263158,188.31578947368422
289,2,2,2,151.0,628.0,1,1,6594.0,99.78013444413376,9.473112585721104,293.2857142857143,334.7142857142857
290,1,1,3,387.0,588.0,1,1,7364.0,96.2560508413158,9.812080106221856,365.57142857142856,222.42857142857142
290,1,1,3,387.0,588.0,1,2,3945.0,88.5440147624524,9.624399025367746,382.26666666666665,205.73333333333332
290,1,1,3,387.0,588.0,1,3,263.0,54.57125798915808,6.079253030632213,483.0,105.0
290,2,1,7,122.0,899.0,0,1,898509.0,99.52325650040711,9.965301170373428,134.12034383954153,764.8796561604585
290,2,1,7,122.0,899.0,0,2,887647.0,99.64767878657037,9.993352858220293,126.38505747126437,772.6149425287356
290,2,1,7,122.0,899.0,0,3,34681.0,92.59762770925326,8.855876045141406,117.07692307692308,781.9230769230769
290,2,1,7,122.0,899.0,1,1,166603.0,99.71358901792324,9.966831124124422,504.5406976744186,394.4593023255814
290,2,1,7,122.0,899.0,1,2,164481.0,99.22446762336946,9.987922162597188,486.01714285714286,412.98285714285714
290,2,1,7,122.0,899.0,1,3,7294.0,95.49788797304132,9.117969969637516,587.2857142857143,311.7142857142857
291,0,3,6,166.0,846.0,0,1,968743.0,99.97895782774538,9.983108888636554,122.12853470437018,723.8714652956298
291,0,3,6,166.0,846.0,0,2,988483.0,99.9316339183442,9.9579281999671,91.92761394101876,754.0723860589812
291,0,3,6,166.0,846.0,0,3,49856.0,82.34951156701474,9.85437414091706,125.17647058823529,720.8235294117648
291,0,3,6,166.0,846.0,1,1,180495.0,99.61918045447976,9.93753061968874,413.84355828220856,432.15644171779144
291,0,3,6,166.0,846.0,1,2,185826.0,99.77618700647383,9.970413458473573,391.8768328445748,454.1231671554252
291,0,3,6,166.0,846.0,1,3,5573.0,97.71635924738963,9.806361803621272,403.8181818181818,442.1818181818182
291,2,1,7,122.0,899.0,1,1,5257.0,94.6310140111128,8.721444521194977,646.1428571428571,252.85714285714286
292,0,1,1,85.0,645.0,0,1,968636.0,99.46919194791737,9.998244415203189,88.63434903047091,556.365650969529
292,0,1,1,85.0,645.0,0,2,1132517.0,99.88297812872406,9.983965084545424,87.69436997319035,557.3056300268097
292,0,1,1,85.0,645.0,0,3,47266.0,89.48331260858825,9.911247115641542,102.4,542.6
292,0,1,1,85.0,645.0,1,1,201997.0,99.38412328304598,9.959319001904396,356.5316091954023,288.4683908045977
292,0,1,1,85.0,645.0,1,2,192918.0,99.58140865494664,9.976747861876431,352.3929618768328,292.6070381231672
292,0,1,1,85.0,645.0,1,3,7761.0,88.48915938838738,9.348850296620132,346.9230769230769,298.0769230769231
292,0,3,6,166.0,846.0,1,1,2585.0,99.56510488606835,9.348024099907184,530.2727272727273,315.72727272727275
293,0,1,1,85.0,645.0,0,1,69825.0,98.2940622957214,9.199085036219817,243.33333333333334,401.6666666666667
293,0,1,1,85.0,645.0,0,2,69825.0,94.94703072271436,9.019475880828724,452.93333333333334,192.06666666666666
293,2,3,8,252.0,916.0,0,1,1203874.0,99.99770337768872,9.975996935654754,114.50231481481481,801.4976851851852
293,2,3,8,252.0,916.0,0,2,1148910.0,99.8197058810382,9.992149760280196,106.95550351288057,809.0444964871194
293,2,3,8,252.0,916.0,0,3,52339.0,97.94920728110296,9.779975633360316,110.58823529411765,805.4117647058823
293,2,3,8,252.0,916.0,1,1,152870.0,99.93138841596031,9.9745395845036,336.99636363636364,579.0036363636364
293,2,3,8,252.0,916.0,1,2,141664.0,99.5360040162144,9.959685851606864,321.9485294117647,594.0514705882352
293,2,3,8,252.0,916.0,1,3,6235.0,95.96533607959763,7.654827394641038,315.72727272727275,600.2727272727273
294,0,3,1,443.0,768.0,0,1,1144328.0,99.90121299311453,9.970310631211758,101.6020942408377,666.3979057591623
294,0,3,1,443.0,768.0,0,2,1093345.0,99.84686869432076,9.994623936701457,116.91232876712328,651.0876712328767
294,0,3,1,443.0,768.0,0,3,46567.0,94.47020186553743,9.82858895447874,135.66666666666666,632.3333333333334
294,0,3,1,443.0,768.0,1,1,188170.0,99.70128365099272,9.950516926659605,405.36728395061726,362.63271604938274
294,0,3,1,443.0,768.0,1,2,186169.0,99.9267896800274,9.991415429037463,420.2189349112426,347.7810650887574
294,0,3,1,443.0,768.0,1,3,7831.0,93.84709512159218,9.15648011374843,474.46153846153845,293.53846153846155
294,2,3,8,252.0,916.0,1,1,13470.0,96.90816640224264,9.990056998929116,141.8,774.2
294,2,3,8,252.0,916.0,1,2,11674.0,86.62756623944182,9.765921097889532,314.3076923076923,601.6923076923077
295,0,3,1,443.0,768.0,1,1,2385.0,94.08109062267332,7.54479224270105,238.11111111111111,529.8888888888889
295,3,2,0,316.0,792.0,0,1,966594.0,99.89734758339738,9.998551158264268,117.23823529411764,674.7617647058823
295,3,2,0,316.0,792.0,0,2,1009468.0,99.8406081300822,9.954811760014293,100.93817204301075,691.0618279569892
295,3,2,0,316.0,792.0,0,3,39162.0,98.89807271853066,8.952637635502134,103.5,688.5
295,3,2,0,316.0,792.0,1,1,232482.0,99.99216737055438,9.97718247790946,392.9597855227882,399.0402144772118
295,3,2,0,316.0,792.0,1,2,213848.0,99.98960459893983,9.94674296711987,379.43695014662757,412.56304985337243
295,3,2,0,316.0,792.0,1,3,9265.0,95.95257423140043,9.581802239814612,319.2,472.8
296,0,0,2,472.0,601.0,0,1,821578.0,99.54778485161644,9.87586335556883,110.22996515679442,490.77003484320556
296,0,0,2,472.0,601.0,0,2,913592.0,99.8697192838744,9.98463283864139,83.13544668587896,517.864553314121
296,0,0,2,472.0,601.0,0,3,37153.0,94.87209721729567,9.514070829356625,92.07142857142857,508.92857142857144
296,0,0,2,472.0,601.0,1,1,213943.0,99.92421171909984,9.978382318847002,336.74821852731594,264.25178147268406
296,0,0,2,472.0,601.0,1,2,218733.0,99.81989853245794,9.97290072727449,341.6849315068493,259.3150684931507
296,0,0,2,472.0,601.0,1,3,9414.0,95.67295444162818,9.900386529561828,373.6666666666667,227.33333333333334
296,3,2,0,316.0,792.0,0,1,70680.0,98.82336001320309,8.730630779662112,217.4,574.6
296,3,2,0,316.0,792.0,0,2,28272.0,98.46290774573724,9.730919998265971,367.3333333333333,424.6666666666667
297,0,0,2,472.0,601.0,0,1,74171.0,99.97486128207552,9.887146218351424,369.05882352941177,231.94117647058823
297,0,0,2,472.0,601.0,0,2,65445.0,91.44227405476164,9.225707159454831,519.5333333333333,81.46666666666667
297,0,0,2,472.0,601.0,0,3,4363.0,44.18474776127468,6.521610633533982,598.0,3.0
297,0,0,3,402.0,968.0,0,1,917509.0,99.99497421825366,9.987217699069314,78.36676217765043,889.6332378223495
297,0,0,3,402.0,968.0,0,2,917468.0,99.90295391015142,9.964142333061403,97.15584415584415,870.8441558441558
297,0,0,3,402.0,968.0,0,3,31669.0,98.64791243608396,9.813110275344348,75.41666666666667,892.5833333333334
297,0,0,3,402.0,968.0,1,1,202171.0,99.98015748597408,9.99665093242091,485.0394366197183,482.9605633802817
297,0,0,3,402.0,968.0,1,2,216986.0,99.9982086419732,9.97673106774245,474.05641025641023,493.94358974358977
297,0,0,3,402.0,968.0,1,3,8762.0,98.9146100671518,9.792086788273028,574.4,393.6
298,0,0,3,402.0,968.0,1,1,5295.0,99.3867759438269,9.295900354276954,244.0,724.0
298,0,0,3,402.0,968.0,1,2,2824.0,93.72050305009488,9.121219524802209,415.625,552.375
298,1,1,9,58.0,716.0,0,1,980152.0,99.69197918742846,9.981179503419837,95.00589970501476,620.9941002949853
298,1,1,9,58.0,716.0,0,2,936774.0,99.89067206181944,9.955669076757657,105.05507246376811,610.9449275362318
298,1,1,9,58.0,716.0,0,3,30115.0,84.40250124034884,9.3168537143257,78.0909090909091,637.9090909090909
298,1,1,9,58.0,716.0,1,1,209954.0,99.7981043312684,9.983820648083716,373.566757493188,342.433242506812
298,1,1,9,58.0,716.0,1,2,211218.0,99.84174028826214,9.961247010496644,403.77777777777777,312.22222222222223
298,1,1,9,58.0,716.0,1,3,8524.0,97.91715450040732,9.859465549395544,400.0,316.0
299,1,1,9,58.0,716.0,1,1,1500.0,96.78474367610958,9.649247527813973,546.6,169.4
299,1,1,9,58.0,716.0,1,2,400.0,95.09956747641988,8.915226876070735,664.75,51.25
299,2,1,8,494.0,842.0,0,1,746637.0,99.9969877079783,9.997419351263863,116.5635838150289,725.4364161849711
299,2,1,8,494.0,842.0,0,2,995797.0,99.94262402953024,9.961170698101554,104.00493827160494,737.9950617283951
299,2,1,8,494.0,842.0,0,3,26518.0,97.17152446092652,9.987464832069817,119.5,722.5
299,2,1,8,494.0,842.0,1,1,203835.0,99.7965911832027,9.941193595210589,324.3756906077348,517.6243093922652
299,2,1,8,494.0,842.0,1,2,173808.0,99.95390316978514,9.945186423548474,302.68954248366015,539.3104575163399
299,2,1,8,494.0,842.0,1,3,8956.0,89.60428538042186,9.81046656165828,255.75,586.25
300,1,2,0,369.0,568.0,0,1,668071.0,99.79148655123872,9.987243407366082,90.26829268292683,477.7317073170732
300,1,2,0,369.0,568.0,0,2,878548.0,99.3875892363146,9.999147846147068,76.99683544303798,491.003164556962
300,1,2,0,369.0,568.0,0,3,37272.0,96.20349033920184,8.994901045618237,88.46153846153847,479.53846153846155
300,1,2,0,369.0,568.0,1,1,264784.0,99.98922884799974,9.963187001814234,308.96086956521737,259.03913043478263
300,1,2,0,369.0,568.0,1,2,232542.0,99.88133290105056,9.991031455531235,312.29545454545456,255.70454545454547
300,1,2,0,369.0,568.0,1,3,8135.0,91.74186539113803,9.296491927364508,307.6,260.4
300,2,1,8,494.0,842.0,0,1,66750.0,97.85805077992065,9.894360426656243,705.4,136.6
300,2,1,8,494.0,842.0,0,2,8900.0,54.92347277932688,9.896648208671897,787.5,54.5
301,1,2,0,369.0,568.0,0,1,63720.0,97.3490775144666,9.380451917878837,768.3333333333334,-200.33333333333334
301,1,2,0,369.0,568.0,0,2,46728.0,87.19965137449032,9.909458677351829,925.0,-357.0
301,2,1,3,270.0,991.0,0,1,1001296.0,99.54787586289017,9.958514054178549,93.66852367688023,897.3314763231198
301,2,1,3,270.0,991.0,0,2,1022133.0,99.69962656915304,9.97970028586697,89.3170731707317,901.6829268292682
301,2,1,3,270.0,991.0,0,3,42718.0,98.0236330725634,9.059215995607278,100.5,890.5
301,2,1,3,270.0,991.0,1,1,169382.0,99.6584056998536,9.97480467922458,402.9025787965616,588.0974212034384
301,2,1,3,270.0,991.0,1,2,172361.0,99.77476171637151,9.978169223481146,386.1946107784431,604.8053892215569
301,2,1,3,270.0,991.0,1,3,6591.0,82.69291335884904,8.489392805088727,408.5,582.5
302,1,2,9,115.0,691.0,0,1,863099.0,99.89307053404896,9.993840774047882,87.43543543543544,603.5645645645645
302,1,2,9,115.0,691.0,0,2,1025966.0,99.8684899956382,9.97616172356264,108.99065420560747,582.0093457943925
302,1,2,9,115.0,691.0,0,3,42739.0,99.94170980985037,9.64529304484418,124.3529411764706,566.6470588235294
302,1,2,9,115.0,691.0,1,1,228415.0,99.83139268950752,9.997841883636536,340.4188481675393,350.5811518324607
302,1,2,9,115.0,691.0,1,2,172210.0,99.91265198236331,9.922835360551698,380.5263157894737,310.4736842105263
302,1,2,9,115.0,691.0,1,3,6048.0,98.24707524639253,9.414692854455142,328.27272727272725,362.72727272727275
302,2,1,3,270.0,991.0,0,1,6080.0,88.89689540043318,7.448621888137151,549.8,441.2
303,1,2,9,115.0,691.0,0,1,10335.0,93.45433141011156,9.84773012892376,812.8666666666667,-121.86666666666666
303,1,2,9,115.0,691.0,0,2,4134.0,92.7137008056112,9.81485459653426,956.1666666666666,-265.1666666666667
303,2,1,6,185.0,700.0,0,1,848396.0,99.82834881264216,9.976494835769532,116.21974522292993,583.78025477707
303,2,1,6,185.0,700.0,0,2,934250.0,99.85299186581094,9.975400738696514,96.70977917981072,603.2902208201892
303,2,1,6,185.0,700.0,0,3,37088.0,98.02857359858082,8.108214994797823,83.41666666666667,616.5833333333334
303,2,1,6,185.0,700.0,1,1,215096.0,99.95520249699308,9.989828342666549,361.01790281329926,338.98209718670074
303,2,1,6,185.0,700.0,1,2,220633.0,99.88680824489548,9.978528194163603,354.4347826086956,345.5652173913044
303,2,1,6,185.0,700.0,1,3,8594.0,97.16017725300676,9.603582650811004,228.4375,471.5625
304,2,1,6,185.0,700.0,1,1,1755.0,58.85023741136901,8.690789568896685,134.0,566.0
304,3,2,3,425.0,511.0,0,1,943806.0,99.98685526663787,9.934225731475806,79.13333333333334,431.8666666666667
304,3,2,3,425.0,511.0,0,2,844030.0,99.9822774991702,9.999584938412523,82.4968152866242,428.5031847133758
304,3,2,3,425.0,511.0,0,3,44478.0,92.9028782935855,8.634323561411122,75.6923076923077,435.3076923076923
304,3,2,3,425.0,511.0,1,1,192799.0,99.96802180770428,9.9671811881865,292.6524064171123,218.3475935828877
304,3,2,3,425.0,511.0,1,2,202520.0,99.90683117644602,9.959848404489994,297.96268656716416,213.03731343283582
304,3,2,3,425.0,511.0,1,3,7240.0,96.31319308572355,9.62064097437204,318.6666666666667,192.33333333333334
305,3,2,3,425.0,511.0,0,1,11040.0,88.93880825918097,7.758873535644968,227.5,283.5
305,3,3,2,340.0,619.0,0,1,1075757.0,99.81918768704028,9.92757781145596,94.04189944134079,524.9581005586592
305,3,3,2,340.0,619.0,0,2,1036304.0,99.84579998643514,9.990734062574475,87.21951219512195,531.780487804878
305,3,3,2,340.0,619.0,0,3,32815.0,99.52077696942068,9.143930536173372,80.45454545454545,538.5454545454545
305,3,3,2,340.0,619.0,1,1,189759.0,99.54423478541254,9.991854732768452,297.97478991596637,321.02521008403363
305,3,3,2,340.0,619.0,1,2,199612.0,99.86451880793624,9.982059585275833,292.78034682080926,326.21965317919074
305,3,3,2,340.0,619.0,1,3,10765.0,99.49984366154084,8.746765946640624,297.05882352941177,321.94117647058823
306,1,0,2,130.0,523.0,0,1,941821.0,99.73406252193143,9.997169877986153,74.10601719197707,448.89398280802294
306,1,0,2,130.0,523.0,0,2,798175.0,99.85150838610636,9.961731445835264,88.63694267515923,434.3630573248408
306,1,0,2,130.0,523.0,0,3,42090.0,98.00245133114748,9.839314683174049,74.42857142857143,448.57142857142856
306,1,0,2,130.0,523.0,1,1,211365.0,99.349990076449,9.980139990591503,281.3296398891967,241.67036011080333
306,1,0,2,130.0,523.0,1,2,210790.0,99.9701296396909,9.941951693795628,297.57934508816123,225.4206549118388
306,1,0,2,130.0,523.0,1,3,6639.0,85.0713920946197,9.79186331401336,290.57142857142856,232.42857142857142
306,3,3,2,340.0,619.0,1,1,11970.0,99.94788460203404,9.578439803807443,704.6666666666666,-85.66666666666667
306,3,3,2,340.0,619.0,1,2,2394.0,61.977343759694,6.474532743032064,810.0,-191.0
307,1,0,2,130.0,523.0,1,1,300.0,90.41253787938098,9.444430878141748,55.333333333333336,467.6666666666667
307,3,1,9,171.0,652.0,0,1,864058.0,99.76351270836815,9.948448556981674,91.1282894736842,560.8717105263158
307,3,1,9,171.0,652.0,0,2,775018.0,99.66371783679249,9.996182442956687,78.31313131313131,573.6868686868687
307,3,1,9,171.0,652.0,0,3,40969.0,99.73592860851372,9.795163076877586,76.38461538461539,575.6153846153846
307,3,1,9,171.0,652.0,1,1,228714.0,99.7987452410885,9.998964061435553,310.29397590361447,341.70602409638553
307,3,1,9,171.0,652.0,1,2,230284.0,99.56079468150348,9.939979916395211,302.1682692307692,349.8317307692308
307,3,1,9,171.0,652.0,1,3,8455.0,97.63199653831676,9.804063142529094,316.26666666666665,335.73333333333335
308,0,0,8,318.0,691.0,0,1,1100327.0,99.99080946822356,9.997151937312037,100.35251798561151,590.6474820143885
308,0,0,8,318.0,691.0,0,2,997009.0,99.94854727432798,9.964129442050982,91.23033707865169,599.7696629213483
308,0,0,8,318.0,691.0,0,3,38119.0,98.95154298522634,9.420780251697462,123.92307692307692,567.0769230769231
308,0,0,8,318.0,691.0,1,1,154107.0,98.61832832314546,9.966589760678191,311.7003367003367,379.2996632996633
308,0,0,8,318.0,691.0,1,2,182246.0,99.8382415623943,9.994965734417578,279.218487394958,411.781512605042
308,0,0,8,318.0,691.0,1,3,7634.0,93.79856951224497,9.84420615472555,244.4,446.6
308,3,1,9,171.0,652.0,1,1,714.0,90.19536096749933,9.212931117018648,341.0,311.0
309,0,0,8,318.0,691.0,0,1,27062.0,76.20942050779229,7.740447328297943,618.5714285714286,72.42857142857143
309,0,3,6,69.0,952.0,0,1,1146704.0,99.80896006307118,9.964679615877412,121.67120181405896,830.3287981859411
309,0,3,6,69.0,952.0,0,2,1142464.0,99.98563764067352,9.99349723177972,119.40481927710843,832.5951807228915
309,0,3,6,69.0,952.0,0,3,51655.0,92.54187386329014,9.985895831485744,99.22222222222223,852.7777777777778
309,0,3,6,69.0,952.0,1,1,157578.0,99.8530196148887,9.98363101205107,308.5845588235294,643.4154411764706
309,0,3,6,69.0,952.0,1,2,148413.0,99.85788808830654,9.996113504952891,317.6308724832215,634.3691275167786
309,0,3,6,69.0,952.0,1,3,5614.0,98.3896819031614,9.886106834474344,320.0,632.0
310,0,1,3,365.0,794.0,0,1,806624.0,99.49087968513518,9.996946104950773,88.82389937106919,705.1761006289308
310,0,1,3,365.0,794.0,0,2,804549.0,99.9796683529062,9.990623855252885,96.08150470219435,697.9184952978056
310,0,1,3,365.0,794.0,0,3,17569.0,94.03526850592677,7.890076670252099,72.5,721.5
310,0,1,3,365.0,794.0,1,1,261985.0,99.56744041974014,9.96099565746986,361.25187032418955,432.74812967581045
310,0,1,3,365.0,794.0,1,2,269975.0,99.9995380902592,9.980671343105085,375.41057934508814,418.58942065491186
310,0,1,3,365.0,794.0,1,3,13093.0,94.30308674713206,9.729627605753354,342.7,451.3
310,0,3,6,69.0,952.0,1,1,307.0,89.09858197647105,1.5015640875075464,693.0,259.0
311,0,1,3,365.0,794.0,1,1,12675.0,92.7771824413111,9.958204938093536,787.2,6.8
311,0,1,3,365.0,794.0,1,2,5915.0,92.78953946824964,9.156868924839658,903.7142857142857,-109.71428571428571
311,1,2,2,83.0,609.0,0,1,934543.0,99.87040215922524,9.972716139954834,87.5,521.5
311,1,2,2,83.0,609.0,0,2,828132.0,99.75791156821408,9.9827262746888,101.76845637583892,507.2315436241611
311,1,2,2,83.0,609.0,0,3,28988.0,97.9226114474973,7.339697738449976,70.63636363636364,538.3636363636364
311,1,2,2,83.0,609.0,1,1,220032.0,99.99774614163174,9.976457625383649,373.02139037433153,235.97860962566844
311,1,2,2,83.0,609.0,1,2,228010.0,99.8471174069151,9.911533304207287,346.5833333333333,262.4166666666667
311,1,2,2,83.0,609.0,1,3,8417.0,92.18940089124352,9.881242441175637,352.7647058823529,256.2352941176471
312,1,2,2,83.0,609.0,1,1,12420.0,99.51264100244212,9.801704321065031,314.26666666666665,294.73333333333335
312,1,2,2,83.0,609.0,1,2,12420.0,97.21158033891624,9.805425645757898,503.73333333333335,105.26666666666667
312,2,2,3,479.0,655.0,0,1,939522.0,99.99191123808804,9.983105264347024,88.26315789473684,566.7368421052631
312,2,2,3,479.0,655.0,0,2,879277.0,99.9623080171396,9.987740156688202,109.52830188679245,545.4716981132076
312,2,2,3,479.0,655.0,0,3,19474.0,92.61975623681434,8.831862235497304,103.8,551.2
312,2,2,3,479.0,655.0,1,1,222991.0,99.71556022946608,9.97313826936721,321.6887052341598,333.3112947658402
312,2,2,3,479.0,655.0,1,2,233775.0,99.7294564127487,9.999383585912067,312.1544502617801,342.8455497382199
312,2,2,3,479.0,655.0,1,3,10009.0,95.63828618433472,9.800647413451738,293.1111111111111,361.8888888888889
313,2,0,0,335.0,792.0,0,1,842806.0,98.89408076203496,9.929888655812908,124.9746835443038,667.0253164556962
313,2,0,0,335.0,792.0,0,2,756194.0,99.68274087006829,9.993219428145183,85.63028169014085,706.3697183098592
313,2,0,0,335.0,792.0,0,3,30020.0,91.94438723795751,9.485991171180784,107.91666666666667,684.0833333333334
313,2,0,0,335.0,792.0,1,1,234566.0,99.79366141649643,9.991496295997688,437.874358974359,354.125641025641
313,2,0,0,335.0,792.0,1,2,246594.0,99.79261800278208,9.98935752705968,399.25526932084307,392.74473067915693
313,2,0,0,335.0,792.0,1,3,10776.0,96.8826099373784,9.795992430843278,503.0625,288.9375
313,2,2,3,479.0,655.0,1,1,2940.0,88.92899600554291,9.432617295025114,404.46666666666664,250.53333333333333
313,2,2,3,479.0,655.0,1,2,392.0,88.92467973605399,6.568251191852595,519.5,135.5
314,1,3,1,401.0,860.0,0,1,1098106.0,99.98352453345386,9.991578494530476,96.86138613861387,763.1386138613861
314,1,3,1,401.0,860.0,0,2,978769.0,99.99207909919537,9.961312418266928,113.35326086956522,746.6467391304348
314,1,3,1,401.0,860.0,0,3,47514.0,93.01934348778836,9.41567521125655,120.0,740.0
314,1,3,1,401.0,860.0,1,1,170201.0,99.99120741519437,9.989128919085193,414.42492012779553,445.57507987220447
314,1,3,1,401.0,860.0,1,2,178822.0,99.99889370153656,9.99985277404355,384.4115942028985,475.5884057971015
314,1,3,1,401.0,860.0,1,3,5837.0,96.81487041142596,8.738670283876846,337.8181818181818,522.1818181818181
314,2,0,0,335.0,792.0,1,1,1578.0,64.18700309347952,6.4447556231319965,377.3333333333333,414.6666666666667
315,0,0,7,190.0,848.0,0,1,869693.0,99.99550723735408,9.93944536801626,104.9047619047619,743.0952380952381
315,0,0,7,190.0,848.0,0,2,889833.0,99.54261732754205,9.991844560358116,109.85151515151514,738.1484848484848
315,0,0,7,190.0,848.0,0,3,32210.0,99.40827043195912,8.816432785800384,111.18181818181819,736.8181818181819
315,0,0,7,190.0,848.0,1,1,183463.0,99.66834777023412,9.986845193946078,490.0189189189189,357.9810810810811
315,0,0,7,190.0,848.0,1,2,197739.0,99.99886141324464,9.993545820600591,442.00267379679144,405.99732620320856
315,0,0,7,190.0,848.0,1,3,7884.0,97.53192066439306,9.3917584309361,433.11764705882354,414.88235294117646
315,1,3,1,401.0,860.0,0,1,29445.0,80.95310051582175,9.30538767939908,423.8666666666667,436.1333333333333
315,1,3,1,401.0,860.0,0,2,21593.0,85.60972637880302,9.91087223738072,602.0909090909091,257.90909090909093
316,0,0,7,190.0,848.0,0,1,1152.0,53.3944518326833,7.512608215967146,664.0,184.0
316,3,1,7,92.0,785.0,0,1,1052503.0,99.95340041621527,9.972408106442211,105.71625344352617,679.2837465564738
316,3,1,7,92.0,785.0,0,2,911506.0,99.70615235405629,9.989400297278102,86.31360946745562,698.6863905325444
316,3,1,7,92.0,785.0,0,3,41930.0,98.95421187186264,9.94033607291967,127.5625,657.4375
316,3,1,7,92.0,785.0,1,1,202194.0,98.87458815113231,9.97739354219238,362.0056338028169,422.9943661971831
316,3,1,7,92.0,785.0,1,2,208783.0,99.97245087324092,9.95949850385762,365.0585106382979,419.9414893617021
316,3,1,7,92.0,785.0,1,3,8235.0,83.64596026189159,9.772465032351828,430.4166666666667,354.5833333333333
317,3,1,7,92.0,785.0,0,1,6039.0,96.44563972284486,9.559390334706912,446.8888888888889,338.1111111111111
317,3,2,2,151.0,549.0,0,1,619813.0,99.14153856618616,9.99269526260848,70.71238938053098,478.28761061946904
317,3,2,2,151.0,549.0,0,2,681633.0,99.95149655887587,9.962083537128532,70.73191489361702,478.26808510638296
317,3,2,2,151.0,549.0,0,3,31339.0,95.4107223364992,9.509419571916574,97.08333333333333,451.9166666666667
317,3,2,2,151.0,549.0,1,1,261712.0,99.9096571058274,9.979377342231505,310.4077868852459,238.5922131147541
317,3,2,2,151.0,549.0,1,2,249617.0,99.64302825348672,9.993397962314736,355.32708333333335,193.67291666666668
317,3,2,2,151.0,549.0,1,3,8264.0,94.14403358959494,8.652628957183676,363.0,186.0
318,2,3,7,153.0,824.0,0,1,1088745.0,99.1990197445351,9.99849231089515,119.21666666666667,704.7833333333333
318,2,3,7,153.0,824.0,0,2,990471.0,99.61890646208936,9.999469658756766,87.01449275362319,736.9855072463768
318,2,3,7,153.0,824.0,0,3,47930.0,93.73510290878002,8.207222630848669,90.0625,733.9375
318,2,3,7,153.0,824.0,1,1,188041.0,99.9586510627985,9.965903251122734,380.37142857142857,443.62857142857143
318,2,3,7,153.0,824.0,1,2,200510.0,99.82715204478096,9.996593356584505,390.07277628032347,433.92722371967653
318,2,3,7,153.0,824.0,1,3,5290.0,97.73013087937186,8.239203921971669,323.0,501.0
318,3,2,2,151.0,549.0,1,1,10164.0,93.48735303879477,7.417618478268362,346.1818181818182,202.8181818181818
319,2,3,7,153.0,824.0,0,1,27810.0,96.09500647764426,9.943494926318204,584.7,239.3
319,3,2,3,309.0,573.0,0,1,776759.0,99.73254449053964,9.98198282265461,82.86941580756013,490.13058419243987
319,3,2,3,309.0,573.0,0,2,776979.0,99.81714153563382,9.992195094097667,74.67636363636363,498.32363636363635
319,3,2,3,309.0,573.0,0,3,32084.0,95.0868298807784,8.005541659738904,62.083333333333336,510.9166666666667
319,3,2,3,309.0,573.0,1,1,263710.0,99.7336935925714,9.960890606585044,362.6437054631829,210.3562945368171
319,3,2,3,309.0,573.0,1,2,270143.0,99.52835817074364,9.993291799579865,370.92727272727274,202.07272727272726
319,3,2,3,309.0,573.0,1,3,11291.0,96.06039427975472,9.810792960414895,383.8235294117647,189.1764705882353
320,3,0,9,430.0,608.0,0,1,846408.0,99.8824932431864,9.988598595607472,70.12956810631229,537.8704318936877
320,3,0,9,430.0,608.0,0,2,956604.0,99.80562942999346,9.994807898228393,91.70170454545455,516.2982954545455
320,3,0,9,430.0,608.0,0,3,29476.0,98.60990399645252,6.759358412399622,107.66666666666667,500.3333333333333
320,3,0,9,430.0,608.0,1,1,246609.0,99.9198278289186,9.954492783656672,328.05185185185184,279.94814814814816
320,3,0,9,430.0,608.0,1,2,205466.0,99.97083679073286,9.8524040673471,316.32954545454544,291.67045454545456
320,3,0,9,430.0,608.0,1,3,10786.0,92.24159248158024,8.446006744694607,318.875,289.125
320,3,2,3,309.0,573.0,0,1,47520.0,90.38328584993806,9.088077092164168,464.53333333333336,108.46666666666667
320,3,2,3,309.0,573.0,0,2,31680.0,92.72862641023444,6.228655939363192,626.4,-53.4
321,2,1,0,299.0,929.0,0,1,1324680.0,99.9752235475036,9.986276285900544,110.35336538461539,818.6466346153846
321,2,1,0,299.0,929.0,0,2,1459909.0,99.9401322759351,9.993314896058546,109.0,820.0
321,2,1,0,299.0,929.0,0,3,64364.0,99.42021654425692,9.851460893244363,106.83333333333333,822.1666666666666
321,2,1,0,299.0,929.0,1,1,158446.0,99.2867186366088,9.979848393096749,320.2718120805369,608.728187919463
321,2,1,0,299.0,929.0,1,2,132522.0,99.45473071188306,9.996185269244556,321.1384615384615,607.8615384615384
321,2,1,0,299.0,929.0,1,3,5674.0,97.71427454158308,9.671790642017273,301.2,627.8
321,3,0,9,430.0,608.0,0,1,7104.0,48.76562655264188,7.15199219777738,621.5,-13.5
322,0,3,8,265.0,815.0,0,1,914275.0,99.6637262509528,9.957597319685863,99.64772727272727,715.3522727272727
322,0,3,8,265.0,815.0,0,2,1031117.0,99.79482516579512,9.953373642367785,78.34190231362467,736.6580976863753
322,0,3,8,265.0,815.0,0,3,44440.0,98.14801414093095,9.792232164544824,95.6875,719.3125
322,0,3,8,265.0,815.0,1,1,208391.0,99.57709806223104,9.996030640406392,278.69859154929577,536.3014084507042
322,0,3,8,265.0,815.0,1,2,206739.0,99.68174594688048,9.921427077456288,287.6024464831804,527.3975535168196
322,0,3,8,265.0,815.0,1,3,7687.0,94.6678757835127,8.907883226152913,256.38461538461536,558.6153846153846
322,2,1,0,299.0,929.0,0,1,69000.0,93.84563956684056,9.813853831446664,322.8666666666667,606.1333333333333
323,0,3,8,265.0,815.0,1,1,2968.0,87.56161824496763,6.81104785793554,664.0,151.0
323,3,0,8,153.0,762.0,0,1,879321.0,99.83823643403656,9.982592814501729,109.67076923076922,652.3292307692308
323,3,0,8,153.0,762.0,0,2,1026654.0,99.40871243353884,9.980703435304454,103.47916666666667,658.5208333333334
323,3,0,8,153.0,762.0,0,3,35105.0,96.34539013966064,8.647834342096871,119.92857142857143,642.0714285714286
323,3,0,8,153.0,762.0,1,1,211313.0,99.90556272279116,9.993443397474946,404.53435114503816,357.46564885496184
323,3,0,8,153.0,762.0,1,2,211017.0,99.83559812441104,9.995808426151982,375.86472148541117,386.13527851458883
323,3,0,8,153.0,762.0,1,3,6111.0,65.57294610573967,9.289028469843515,441.2142857142857,320.7857142857143
324,3,0,8,153.0,762.0,0,1,7620.0,86.94724156962215,9.327240000814104,691.1666666666666,70.83333333333333
324,3,3,3,292.0,748.0,0,1,652562.0,99.78315174813412,9.981612463064774,120.4296875,627.5703125
324,3,3,3,292.0,748.0,0,2,789464.0,99.87779935505635,9.93503909528878,85.58024691358025,662.4197530864197
324,3,3,3,292.0,748.0,0,3,33161.0,97.32863726789446,8.498544118503146,93.35714285714286,654.6428571428571
324,3,3,3,292.0,748.0,1,1,259078.0,99.96200792040646,9.962138604983512,400.7013274336283,347.2986725663717
324,3,3,3,292.0,748.0,1,2,209388.0,99.77782173759982,9.989827318926318,457.62307692307695,290.37692307692305
324,3,3,3,292.0,748.0,1,3,8430.0,94.03428327294289,9.601447522418344,484.07142857142856,263.92857142857144
325,1,1,1,95.0,754.0,0,1,857595.0,99.89032928698406,9.955167372053245,124.82058823529412,629.1794117647058
325,1,1,1,95.0,754.0,0,2,911204.0,99.499479718815,9.969718860891865,91.28526645768025,662.7147335423198
325,1,1,1,95.0,754.0,0,3,39629.0,96.28685917674488,9.58263064438952,113.0,641.0
325,1,1,1,95.0,754.0,1,1,169898.0,99.98405884315903,9.946217177216242,428.33684210526314,325.66315789473686
325,1,1,1,95.0,754.0,1,2,176130.0,99.70990607482256,9.967308257175011,473.39086294416245,280.60913705583755
325,1,1,1,95.0,754.0,1,3,4009.0,87.94957757213479,8.904862564845688,524.0,230.0
325,3,3,3,292.0,748.0,0,1,610.0,77.21066593644807,8.107710857231247,704.0,44.0
326,0,3,5,332.0,852.0,0,1,969216.0,99.501952308082,9.994967369659983,98.94099378881988,753.0590062111801
326,0,3,5,332.0,852.0,0,2,1071104.0,99.91335037712392,9.93749454244901,109.29411764705883,742.7058823529412
326,0,3,5,332.0,852.0,0,3,38605.0,83.70776926622506,9.534143768527088,100.25,751.75
326,0,3,5,332.0,852.0,1,1,197913.0,99.83790770962985,9.96929021553892,383.58746736292426,468.41253263707574
326,0,3,5,332.0,852.0,1,2,173670.0,99.90656044093672,9.999590215582154,381.6179775280899,470.3820224719101
326,0,3,5,332.0,852.0,1,3,9238.0,93.4954043804234,8.888974587767537,392.0,460.0
326,1,1,1,95.0,754.0,0,1,34980.0,98.11347133658212,9.223470530513264,350.0,404.0
327,0,0,4,407.0,637.0,0,1,1087274.0,99.929860930638,9.897310904453043,86.936,550.064
327,0,0,4,407.0,637.0,0,2,1094943.0,99.34601028378177,9.969910916421608,107.18559556786704,529.814404432133
327,0,0,4,407.0,637.0,0,3,40109.0,97.16418886570642,9.28313266234659,101.0,536.0
327,0,0,4,407.0,637.0,1,1,194175.0,99.92126980261548,9.92715322973752,282.6300578034682,354.3699421965318
327,0,0,4,407.0,637.0,1,2,165034.0,99.90011469787386,9.946436764320236,324.7926136363636,312.2073863636364
327,0,0,4,407.0,637.0,1,3,6853.0,95.66533780761624,8.320442466574985,323.2142857142857,313.7857142857143
327,0,3,5,332.0,852.0,1,1,1240.0,81.24222001044893,5.51284332484977,381.0,471.0
328,0,0,4,407.0,637.0,0,1,27315.0,97.4038905097058,9.853221105113033,207.22222222222223,429.77777777777777
328,2,2,1,171.0,964.0,0,1,1003844.0,99.94780671530664,9.99545963065652,133.0716049382716,830.9283950617285
328,2,2,1,171.0,964.0,0,2,1097425.0,99.84241905193814,9.974479092399534,140.14705882352942,823.8529411764706
328,2,2,1,171.0,964.0,0,3,46050.0,96.37212747195944,9.112839109786384,142.8235294117647,821.1764705882352
328,2,2,1,171.0,964.0,1,1,150077.0,99.9925218109585,9.931259169679995,358.4,605.6
328,2,2,1,171.0,964.0,1,2,137458.0,99.47125126482626,9.992222798739403,406.8529411764706,557.1470588235294
328,2,2,1,171.0,964.0,1,3,5194.0,95.4217481151102,9.969256976212678,471.8181818181818,492.1818181818182
329,0,0,4,94.0,975.0,0,1,1076766.0,99.91759004421247,9.997898626036555,129.14031180400892,845.8596881959911
329,0,0,4,94.0,975.0,0,2,1082687.0,99.98698918833858,9.981805164864928,123.62559241706161,851.3744075829384
329,0,0,4,94.0,975.0,0,3,49584.0,91.08634640894712,8.894096765676043,94.0,881.0
329,0,0,4,94.0,975.0,1,1,155870.0,99.70763522525736,9.964452333635585,371.7242647058824,603.2757352941177
329,0,0,4,94.0,975.0,1,2,162369.0,99.7510786716114,9.990170886494404,417.63917525773195,557.360824742268
329,0,0,4,94.0,975.0,1,3,4391.0,97.7785446987534,8.69164668397307,398.5,576.5
329,2,2,1,171.0,964.0,0,1,3640.0,82.61340096709087,7.876085172597877,417.0,547.0
330,0,0,4,94.0,975.0,1,1,10635.0,94.21191086726331,9.362984083292163,429.4,545.6
330,0,0,4,94.0,975.0,1,2,9217.0,95.32252791958815,7.444386035718802,632.6923076923077,342.3076923076923
330,1,3,4,191.0,610.0,0,1,1048166.0,99.61507937216174,9.980531704256466,85.97814207650273,524.0218579234972
330,1,3,4,191.0,610.0,0,2,888751.0,99.96303853537296,9.96461140120854,86.01342281879195,523.9865771812081
330,1,3,4,191.0,610.0,0,3,37352.0,97.50790768981828,9.373026637619695,59.90909090909091,550.0909090909091
330,1,3,4,191.0,610.0,1,1,185414.0,99.90212454361831,9.926568519290512,351.0412979351033,258.9587020648967
330,1,3,4,191.0,610.0,1,2,195145.0,99.7575493954146,9.990472044689472,351.4579207920792,258.5420792079208
330,1,3,4,191.0,610.0,1,3,9017.0,86.40984351257573,9.7644007210055,281.52941176470586,328.47058823529414
331,1,2,8,413.0,833.0,0,1,1121406.0,99.97725236286212,9.961378347436709,106.13785046728972,726.8621495327103
331,1,2,8,413.0,833.0,0,2,1213646.0,99.73518801896464,9.996584566283246,108.9385342789598,724.0614657210402
331,1,2,8,413.0,833.0,0,3,44127.0,95.88789335500698,9.006512332818717,65.5625,767.4375
331,1,2,8,413.0,833.0,1,1,169183.0,99.29519240672728,9.941844135875924,298.7864768683274,534.2135231316726
331,1,2,8,413.0,833.0,1,2,187775.0,99.79040128119752,9.917125943995744,310.518771331058,522.481228668942
331,1,2,8,413.0,833.0,1,3,6966.0,96.20813973730556,9.08036666093145,352.5,480.5
331,1,3,4,191.0,610.0,1,1,8052.0,94.74446539544348,7.038837483597892,524.0909090909091,85.9090909090909
332,1,2,8,413.0,833.0,1,1,9504.0,99.89038908053358,8.47554281260114,815.5555555555555,17.444444444444443
332,1,2,8,413.0,833.0,1,2,7920.0,95.79179497793896,9.015647720605308,978.4666666666667,-145.46666666666667
332,1,2,8,413.0,833.0,1,3,528.0,48.10941864802858,6.067132230049065,1089.0,-256.0
332,2,2,8,379.0,800.0,0,1,1071054.0,99.25435829510296,9.968262908857769,120.84073107049609,679.1592689295039
332,2,2,8,379.0,800.0,0,2,991316.0,99.62011194965066,9.991871692735382,110.92546583850931,689.0745341614906
332,2,2,8,379.0,800.0,0,3,49769.0,97.92455545291514,9.74349897206326,86.0,714.0
332,2,2,8,379.0,800.0,1,1,154850.0,99.932632145339,9.95854621695506,399.7805642633229,400.2194357366771
332,2,2,8,379.0,800.0,1,2,209187.0,99.82087410208229,9.99900194030204,399.236074270557,400.763925729443
332,2,2,8,379.0,800.0,1,3,3808.0,94.69995497107432,9.874615197210662,402.6666666666667,397.3333333333333
333,2,2,8,379.0,800.0,0,1,3403.0,63.06508217579291,1.3072027608720005,693.0,107.0
333,3,2,0,258.0,523.0,0,1,758407.0,99.55497709544755,9.9891055054127,81.58823529411765,441.4117647058824
333,3,2,0,258.0,523.0,0,2,775991.0,98.93945761684463,9.982808161086052,80.7098976109215,442.29010238907847
333,3,2,0,258.0,523.0,0,3,35295.0,98.36809327279408,9.354786440135616,59.5625,463.4375
333,3,2,0,258.0,523.0,1,1,242665.0,99.99033077036792,9.990048758761008,321.1041666666667,201.89583333333334
333,3,2,0,258.0,523.0,1,2,220378.0,99.79371446177387,9.945168726043658,336.1738095238095,186.82619047619048
333,3,2,0,258.0,523.0,1,3,5757.0,89.5468039787921,9.622176210805812,378.25,144.75
334,2,2,2,451.0,905.0,0,1,992058.0,99.97427255838316,9.988097569737258,109.59269662921348,795.4073033707865
334,2,2,2,451.0,905.0,0,2,958412.0,99.88662767645094,9.941724053538586,116.60893854748603,788.391061452514
334,2,2,2,451.0,905.0,0,3,24567.0,70.60687480472049,9.672030772797344,86.0,819.0
334,2,2,2,451.0,905.0,1,1,183652.0,99.97550069852306,9.976328251365228,388.9862637362637,516.0137362637363
334,2,2,2,451.0,905.0,1,2,178574.0,99.95380993745056,9.98743076703793,365.80281690140845,539.1971830985915
334,2,2,2,451.0,905.0,1,3,7610.0,84.53520451781885,9.95512966311683,378.9375,526.0625
335,2,1,5,151.0,538.0,0,1,597079.0,99.48480705150398,9.992045733574766,68.70682730923694,469.2931726907631
335,2,1,5,151.0,538.0,0,2,693309.0,99.94282346878256,9.975735551608626,67.50561797752809,470.4943820224719
335,2,1,5,151.0,538.0,0,3,31006.0,94.10136505263776,6.344618024963342,55.18181818181818,482.8181818181818
335,2,1,5,151.0,538.0,1,1,252295.0,99.9919006464697,9.956170607260862,323.0218818380744,214.9781181619256
335,2,1,5,151.0,538.0,1,2,258873.0,99.83747095276806,9.98302826310547,327.70361990950227,210.29638009049773
335,2,1,5,151.0,538.0,1,3,9150.0,98.3088448546335,9.448205125211317,283.6666666666667,254.33333333333334
335,2,2,2,451.0,905.0,0,1,32250.0,98.2572869211346,9.60686136358998,298.46666666666664,606.5333333333333
335,2,2,2,451.0,905.0,0,2,10750.0,73.03259145656997,9.777621664484595,458.2,446.8
336,1,2,9,259.0,517.0,0,1,629793.0,99.6937602701262,9.940869433383302,78.46551724137932,438.5344827586207
336,1,2,9,259.0,517.0,0,2,762260.0,99.83942550345954,9.968242882037384,80.81587301587301,436.184126984127
336,1,2,9,259.0,517.0,0,3,19142.0,89.36541944875503,7.805596877246012,90.81818181818181,426.1818181818182
336,1,2,9,259.0,517.0,1,1,211141.0,99.89333953503105,9.990167836812546,323.95327102803736,193.0467289719626
336,1,2,9,259.0,517.0,1,2,193504.0,99.29805615520443,9.961710585542,303.2344139650873,213.76558603491273
336,1,2,9,259.0,517.0,1,3,7672.0,93.80595716623822,7.656776020988161,312.1764705882353,204.8235294117647
336,2,1,5,151.0,538.0,0,1,11850.0,91.0732733521415,9.444238595096586,269.4,268.6
337,2,1,3,323.0,555.0,0,1,989487.0,99.86326749523714,9.998975959738782,90.63664596273291,464.3633540372671
337,2,1,3,323.0,555.0,0,2,1003405.0,99.50644024588718,9.995487043958486,77.20370370370371,477.7962962962963
337,2,1,3,323.0,555.0,0,3,48327.0,96.65789258811732,9.781623420856858,84.93333333333334,470.06666666666666
337,2,1,3,323.0,555.0,1,1,201187.0,99.71589665802752,9.994840677353707,270.8095238095238,284.1904761904762
337,2,1,3,323.0,555.0,1,2,204582.0,99.86315669855573,9.97144435731769,284.2480818414322,270.7519181585678
337,2,1,3,323.0,555.0,1,3,6626.0,94.62132146207166,9.839162513530724,353.61538461538464,201.3846153846154
338,1,2,0,331.0,628.0,0,1,1018576.0,99.88412051819763,9.986007173605884,79.41230769230769,548.5876923076924
338,1,2,0,331.0,628.0,0,2,982180.0,99.29420054676557,9.933574489966352,98.83174603174604,529.168253968254
338,1,2,0,331.0,628.0,0,3,44161.0,97.33495022956978,9.240002483742416,73.07692307692308,554.9230769230769
338,1,2,0,331.0,628.0,1,1,173559.0,99.93553248373608,9.979402097532237,397.23622047244095,230.76377952755905
338,1,2,0,331.0,628.0,1,2,194858.0,99.9256183976388,9.965964160992838,331.9974358974359,296.0025641025641
338,1,2,0,331.0,628.0,1,3,5540.0,97.6691891992699,9.525672994702957,308.46666666666664,319.53333333333336
338,2,1,3,323.0,555.0,1,1,6555.0,94.38149691759342,9.07867216939948,603.2666666666667,-48.266666666666666
338,2,1,3,323.0,555.0,1,2,3933.0,98.24243930507004,7.411401731153996,752.3333333333334,-197.33333333333334
339,1,2,0,331.0,628.0,0,1,78309.0,99.61874052526149,9.824436942040574,331.2857142857143,296.7142857142857
339,1,2,0,331.0,628.0,0,2,55935.0,97.94052779671044,9.861111907989006,423.26666666666665,204.73333333333332
339,1,2,0,331.0,628.0,0,3,3729.0,48.49191291622742,6.208010921857078,504.0,124.0
339,2,1,2,360.0,792.0,0,1,966563.0,99.6362492709323,9.999031899063429,124.40229885057471,667.5977011494252
339,2,1,2,360.0,792.0,0,2,933573.0,99.89076416981048,9.98782577708562,68.83768115942028,723.1623188405797
339,2,1,2,360.0,792.0,0,3,36292.0,99.62553048320088,7.517232753035973,91.54545454545455,700.4545454545455
339,2,1,2,360.0,792.0,1,1,217116.0,99.83137207108751,9.995389664325575,427.0911680911681,364.9088319088319
339,2,1,2,360.0,792.0,1,2,227129.0,99.87430857724712,9.931013693482262,404.74787535410763,387.25212464589237
339,2,1,2,360.0,792.0,1,3,11109.0,84.85332428795947,9.786101917199248,448.4375,343.5625
340,0,1,7,301.0,603.0,0,1,856241.0,99.93304382266112,9.985607757436702,74.4640522875817,528.5359477124183
340,0,1,7,301.0,603.0,0,2,913911.0,99.6754615802155,9.91997723744314,88.69303797468355,514.3069620253165
340,0,1,7,301.0,603.0,0,3,22287.0,82.95370226887445,9.76195434932685,124.5,478.5
340,0,1,7,301.0,603.0,1,1,191933.0,99.9380015158596,9.972702340566908,404.8671679197995,198.1328320802005
340,0,1,7,301.0,603.0,1,2,189512.0,99.9262638685662,9.995144856214782,333.9616368286445,269.0383631713555
340,0,1,7,301.0,603.0,1,3,10175.0,98.10753257157228,9.822066208778097,320.65,282.35
340,2,1,2,360.0,792.0,0,1,56595.0,87.34037192295798,9.081250986832472,362.2,429.8
340,2,1,2,360.0,792.0,0,2,26411.0,87.87067242523095,9.963997129315542,486.2857142857143,305.7142857142857
341,0,1,7,301.0,603.0,0,1,15210.0,96.90646727897456,8.92346755031274,489.3333333333333,113.66666666666667
341,2,3,1,485.0,847.0,0,1,872923.0,99.95809848760614,9.983975974427713,98.1065830721003,748.8934169278997
341,2,3,1,485.0,847.0,0,2,806231.0,99.61798175847684,9.930158050935296,107.24363636363637,739.7563636363636
341,2,3,1,485.0,847.0,0,3,46248.0,95.51275081481074,9.138823036795811,91.28571428571429,755.7142857142857
341,2,3,1,485.0,847.0,1,1,254212.0,99.8587912470126,9.991185027763942,454.1111111111111,392.8888888888889
341,2,3,1,485.0,847.0,1,2,254130.0,99.87468667652792,9.966782890228057,413.3401826484018,433.6598173515982
341,2,3,1,485.0,847.0,1,3,9105.0,87.03028784167138,9.640392291077726,429.42857142857144,417.57142857142856
342,1,2,6,351.0,729.0,0,1,968376.0,99.591410643989,9.955591909126657,66.38328530259366,662.6167146974063
342,1,2,6,351.0,729.0,0,2,900508.0,99.757309996792,9.99292215554112,102.5249343832021,626.4750656167979
342,1,2,6,351.0,729.0,0,3,28395.0,91.33526672396655,9.17862144615188,35.27272727272727,693.7272727272727
342,1,2,6,351.0,729.0,1,1,186050.0,99.84602107673147,9.996709067951162,331.70350404312666,397.29649595687334
342,1,2,6,351.0,729.0,1,2,167844.0,99.65329689303616,9.999855991011318,385.062874251497,343.937125748503
342,1,2,6,351.0,729.0,1,3,9518.0,94.46606417135833,9.68189374101729,275.5,453.5
342,2,3,1,485.0,847.0,0,1,14505.0,87.61954864966312,8.72996254304432,614.6666666666666,232.33333333333334
343,1,2,6,351.0,729.0,1,1,2505.0,91.51782621184309,3.4878976640553674,95.0,634.0
343,3,2,4,289.0,728.0,0,1,974211.0,99.71466614470911,9.95664539529487,94.28901734104046,633.7109826589596
343,3,2,4,289.0,728.0,0,2,1298637.0,99.48371927983574,9.991261430351656,117.02948402948402,610.970515970516
343,3,2,4,289.0,728.0,0,3,47887.0,98.02852596996868,8.713910425236381,176.15384615384616,551.8461538461538
343,3,2,4,289.0,728.0,1,1,201117.0,99.71679253495358,9.95404771561766,262.40161725067384,465.59838274932616
343,3,2,4,289.0,728.0,1,2,174556.0,99.9041368243479,9.958434943486289,284.58169934640523,443.41830065359477
343,3,2,4,289.0,728.0,1,3,8916.0,92.33802686416126,8.508770785325217,264.26666666666665,463.73333333333335
344,3,3,5,173.0,909.0,0,1,1067118.0,99.99992360124544,9.95459097116827,95.86021505376344,813.1397849462365
344,3,3,5,173.0,909.0,0,2,1045660.0,99.83153498945954,9.988738312586683,117.32124352331606,791.6787564766839
344,3,3,5,173.0,909.0,0,3,44491.0,90.61283769959188,9.910544479751897,135.64705882352942,773.3529411764706
344,3,3,5,173.0,909.0,1,1,162638.0,99.9266657583164,9.992968732090729,361.58620689655174,547.4137931034483
344,3,3,5,173.0,909.0,1,2,168936.0,99.94663677761952,9.999996805376847,397.35258358662617,511.64741641337383
344,3,3,5,173.0,909.0,1,3,5528.0,92.3923785904624,9.072368149013643,349.45454545454544,559.5454545454545
345,1,3,4,398.0,969.0,0,1,877539.0,99.72901910562432,9.985526415664989,113.71830985915493,855.2816901408451
345,1,3,4,398.0,969.0,0,2,1027060.0,99.9045977337166,9.990652290331065,127.2544080604534,841.7455919395466
345,1,3,4,398.0,969.0,0,3,40453.0,94.04589118304727,9.90202834591184,102.25,866.75
345,1,3,4,398.0,969.0,1,1,189746.0,99.8844885423527,9.983750061104018,400.387811634349,568.6121883656509
345,1,3,4,398.0,969.0,1,2,165455.0,99.560786908325,9.981712874971423,348.0473186119874,620.9526813880126
345,1,3,4,398.0,969.0,1,3,7278.0,98.9652151426864,9.314293652243244,458.75,510.25
345,3,3,5,173.0,909.0,0,1,11720.0,89.85508271054303,6.787890442953495,594.75,314.25
346,0,0,9,196.0,514.0,0,1,785103.0,99.72570267191678,9.958236297996606,71.36486486486487,442.63513513513516
346,0,0,9,196.0,514.0,0,2,808635.0,99.94753041606243,9.950269334163425,88.56112852664577,425.43887147335425
346,0,0,9,196.0,514.0,0,3,26619.0,87.14367298011194,9.398516655586054,107.4,406.6
346,0,0,9,196.0,514.0,1,1,251422.0,99.94096579181156,9.986940583831675,367.6219512195122,146.3780487804878
346,0,0,9,196.0,514.0,1,2,232679.0,99.86120576672532,9.98227864297961,348.0971867007673,165.90281329923275
346,0,0,9,196.0,514.0,1,3,10115.0,97.30975251749932,9.775219036129478,317.6666666666667,196.33333333333334
346,1,3,4,398.0,969.0,0,1,49680.0,95.04439322649644,9.461652268876245,175.33333333333334,793.6666666666666
346,1,3,4,398.0,969.0,0,2,16560.0,86.4089951127361,8.317144867443467,276.4,692.6
347,0,0,9,196.0,514.0,1,1,873.0,32.73259033641065,6.018270766527573,329.0,185.0
347,1,1,4,161.0,843.0,0,1,1029109.0,99.3812562798031,9.995025537798266,125.08759124087591,717.9124087591241
347,1,1,4,161.0,843.0,0,2,1181046.0,99.7990213811416,9.983550190067106,121.89164785553048,721.1083521444696
347,1,1,4,161.0,843.0,0,3,43696.0,94.52712211949024,9.00450139220248,111.625,731.375
347,1,1,4,161.0,843.0,1,1,172127.0,99.21889751024644,9.98288041026205,366.3980582524272,476.6019417475728
347,1,1,4,161.0,843.0,1,2,134920.0,99.93099366351396,9.986564036219576,360.8044280442804,482.1955719557196
347,1,1,4,161.0,843.0,1,3,6427.0,90.0091298595762,9.71587127144531,342.1666666666667,500.8333333333333
348,1,1,4,161.0,843.0,0,1,18894.0,83.41390726057057,5.251675642632213,489.6666666666667,353.3333333333333
348,3,1,9,99.0,927.0,0,1,1628256.0,99.93969843355386,9.979899210786092,119.39191919191919,807.6080808080808
348,3,1,9,99.0,927.0,0,2,1600470.0,99.88318496282962,9.96195189701098,120.85909980430529,806.1409001956947
348,3,1,9,99.0,927.0,0,3,66423.0,97.79092205023063,9.741941743299964,119.0909090909091,807.9090909090909
348,3,1,9,99.0,927.0,1,1,112243.0,99.4613037702536,9.9935031264774,347.61990950226243,579.3800904977376
348,3,1,9,99.0,927.0,1,2,113405.0,99.9143140771104,9.872699522315454,317.0,610.0
348,3,1,9,99.0,927.0,1,3,3520.0,75.58262747003198,9.70160362731354,281.0,646.0
349,1,1,3,149.0,731.0,0,1,986922.0,99.9075963263678,9.934833089494116,86.84920634920636,644.1507936507936
349,1,1,3,149.0,731.0,0,2,1029945.0,99.86484232412054,9.99773851903057,99.80048076923077,631.1995192307693
349,1,1,3,149.0,731.0,0,3,37984.0,99.0119849408734,9.695635883973374,136.35294117647058,594.6470588235294
349,1,1,3,149.0,731.0,1,1,189444.0,99.81393027819549,9.993420106546072,327.7029411764706,403.2970588235294
349,1,1,3,149.0,731.0,1,2,159617.0,99.93127918110164,9.954153645204434,396.010101010101,334.989898989899
349,1,1,3,149.0,731.0,1,3,5512.0,94.79964508089468,9.316140422820624,340.27272727272725,390.72727272727275
349,3,1,9,99.0,927.0,0,1,11445.0,85.43192022902373,7.927385680086209,155.8,771.2
350,0,3,1,186.0,519.0,0,1,742164.0,99.85067020933607,9.987656039188838,67.3821138211382,451.6178861788618
350,0,3,1,186.0,519.0,0,2,807640.0,99.85133428745692,9.998156780862182,72.42066420664207,446.5793357933579
350,0,3,1,186.0,519.0,0,3,28052.0,99.13495952977809,9.181789327849328,86.0,433.0
350,0,3,1,186.0,519.0,1,1,266322.0,99.3716731733948,9.991740786680792,287.97684210526313,231.02315789473684
350,0,3,1,186.0,519.0,1,2,232066.0,99.9419885917898,9.98797101710066,294.8465011286682,224.15349887133183
350,0,3,1,186.0,519.0,1,3,10096.0,95.3000356570326,8.955349432897915,256.65,262.35
351,0,3,1,186.0,519.0,1,1,276.0,74.78692783185159,2.829976158278709,339.0,180.0
351,1,3,8,65.0,511.0,0,1,686356.0,99.55380925275858,9.960794474885992,78.40579710144928,432.59420289855075
351,1,3,8,65.0,511.0,0,2,668268.0,99.9596967657724,9.884000644851596,79.42435424354244,431.57564575645756
351,1,3,8,65.0,511.0,0,3,22116.0,80.93790456011662,8.57069978708604,115.22222222222223,395.77777777777777
351,1,3,8,65.0,511.0,1,1,246069.0,99.92518170433485,9.920376613030278,327.46067415730334,183.53932584269663
351,1,3,8,65.0,511.0,1,2,249565.0,99.96594778352085,9.98916525904664,331.463963963964,179.53603603603602
351,1,3,8,65.0,511.0,1,3,10116.0,96.8897637118598,9.860328535257755,311.94736842105266,199.05263157894737
352,0,3,5,129.0,512.0,0,1,591063.0,99.79008939359592,9.986280937354394,80.38325991189427,431.6167400881057
352,0,3,5,129.0,512.0,0,2,575989.0,99.51481797547662,9.926363408185871,62.30316742081448,449.6968325791855
352,0,3,5,129.0,512.0,0,3,26183.0,93.88011449538097,8.768836716305037,78.0,434.0
352,0,3,5,129.0,512.0,1,1,298394.0,99.98210827848558,9.9969761354793,423.9674134419552,88.03258655804481
352,0,3,5,129.0,512.0,1,2,312838.0,99.97748173397795,9.99499862964519,385.8306451612903,126.16935483870968
352,0,3,5,129.0,512.0,1,3,12058.0,96.95898728201732,9.918991879258895,349.42105263157896,162.57894736842104
352,1,3,8,65.0,511.0,0,1,7953.0,81.26935359595461,9.54852920960371,315.6666666666667,195.33333333333334
353,0,3,5,129.0,512.0,0,1,22935.0,96.76344695596248,9.233908850418056,388.53333333333336,123.46666666666667
353,0,3,5,129.0,512.0,0,2,19877.0,96.32849780025134,8.80578486677376,586.1538461538462,-74.15384615384616
353,2,0,9,75.0,861.0,0,1,941708.0,99.20410590196737,9.972907539596656,91.80314960629921,769.1968503937007
353,2,0,9,75.0,861.0,0,2,1036521.0,99.80786653322498,9.975106927158295,118.41483516483517,742.5851648351648
353,2,0,9,75.0,861.0,0,3,43521.0,92.49153566533772,9.680943676443198,88.75,772.25
353,2,0,9,75.0,861.0,1,1,192645.0,99.95701192854506,9.99186806541996,326.56,534.44
353,2,0,9,75.0,861.0,1,2,192671.0,99.85475451374133,9.99165127305865,375.834808259587,485.165191740413
353,2,0,9,75.0,861.0,1,3,6658.0,86.80870593884111,9.867666398110355,429.0,432.0
354,2,0,9,75.0,861.0,0,1,27685.0,94.11475223001932,7.611721252967158,30.142857142857142,830.8571428571429
354,2,1,8,497.0,503.0,0,1,619967.0,99.93477221699152,9.986739410061054,72.36016949152543,430.6398305084746
354,2,1,8,497.0,503.0,0,2,709707.0,99.89265807117287,9.942523972966162,77.46863468634686,425.5313653136531
354,2,1,8,497.0,503.0,0,3,29772.0,90.10017534771376,9.458140450678489,103.36363636363636,399.6363636363636
354,2,1,8,497.0,503.0,1,1,248750.0,99.87294817900433,9.990821806593695,350.60251046025104,152.39748953974896
354,2,1,8,497.0,503.0,1,2,230721.0,99.8751021317135,9.996088746568194,358.8058690744921,144.1941309255079
354,2,1,8,497.0,503.0,1,3,8318.0,97.1960749532717,8.464411360792617,406.8235294117647,96.17647058823529
355,2,1,8,497.0,503.0,1,1,6480.0,95.47724937425714,9.307201176536635,375.3333333333333,127.66666666666667
355,2,1,8,497.0,503.0,1,2,4752.0,99.4686879706232,8.968454857693656,547.0909090909091,-44.09090909090909
355,3,0,8,158.0,570.0,0,1,695387.0,99.83965447436604,9.97281504845238,85.24229074889868,484.75770925110135
355,3,0,8,158.0,570.0,0,2,920795.0,99.81481936459583,9.957307841212112,94.66211604095564,475.33788395904435
355,3,0,8,158.0,570.0,0,3,26428.0,99.4631482118457,9.395574738792217,93.55555555555556,476.44444444444446
355,3,0,8,158.0,570.0,1,1,270161.0,99.57815297120786,9.998461784927258,344.0208768267223,225.97912317327766
355,3,0,8,158.0,570.0,1,2,231573.0,99.94606107241242,9.999167785301305,366.0609756097561,203.9390243902439
355,3,0,8,158.0,570.0,1,3,9934.0,90.3759553911796,9.53095442689346,341.94736842105266,228.05263157894737
356,3,0,8,158.0,570.0,1,1,1452.0,96.59849752572585,9.696870765553998,566.9166666666666,3.0833333333333335
356,3,3,0,426.0,502.0,0,1,886494.0,99.86154762915643,9.984121766614834,77.38993710691824,424.61006289308176
356,3,3,0,426.0,502.0,0,2,791082.0,99.30904167502774,9.983929307451044,73.77022653721683,428.22977346278316
356,3,3,0,426.0,502.0,0,3,34742.0,98.68313730253102,9.358252152761905,73.42857142857143,428.57142857142856
356,3,3,0,426.0,502.0,1,1,201198.0,99.87926309690457,9.96483379584871,295.7102564102564,206.28974358974358
356,3,3,0,426.0,502.0,1,2,210817.0,99.87829712635488,9.988100663516144,288.6839506172839,213.31604938271605
356,3,3,0,426.0,502.0,1,3,7901.0,96.79637463677392,9.792110725768026,394.85714285714283,107.14285714285714
357,3,2,7,330.0,603.0,0,1,661562.0,99.6701586227022,9.945084253113732,93.53846153846153,509.46153846153845
357,3,2,7,330.0,603.0,0,2,800390.0,99.7858610169005,9.988112447036778,85.48829431438126,517.5117056856187
357,3,2,7,330.0,603.0,0,3,23885.0,97.6843350443258,9.96108653599638,106.2,496.8
357,3,2,7,330.0,603.0,1,1,212671.0,99.99348157594986,9.969056766930452,363.7391304347826,239.2608695652174
357,3,2,7,330.0,603.0,1,2,207717.0,99.99067577674006,9.989998862937384,379.719806763285,223.28019323671498
357,3,2,7,330.0,603.0,1,3,9760.0,96.61811549890564,9.368579533804173,300.1666666666667,302.8333333333333
357,3,3,0,426.0,502.0,0,1,33110.0,86.71459539262565,9.209996329553237,754.0909090909091,-252.0909090909091
358,1,1,2,386.0,790.0,0,1,865292.0,99.96618050729198,9.998730122681192,90.07941176470588,699.9205882352941
358,1,1,2,386.0,790.0,0,2,1051489.0,99.59210711122304,9.984216243748884,98.44533333333334,691.5546666666667
358,1,1,2,386.0,790.0,0,3,40984.0,90.24202558038274,8.200846594279584,140.5,649.5
358,1,1,2,386.0,790.0,1,1,228141.0,99.8114117479738,9.97397937336242,325.55526315789473,464.44473684210527
358,1,1,2,386.0,790.0,1,2,198576.0,99.76516858016696,9.94902009112469,357.6755162241888,432.3244837758112
358,1,1,2,386.0,790.0,1,3,8911.0,99.90546100698212,9.874882250405662,252.0,538.0
358,3,2,7,330.0,603.0,1,1,604.0,91.19125204936708,7.651753429082038,252.5,350.5
359,1,1,2,386.0,790.0,1,1,4809.0,97.57219125324328,9.71381683610361,470.14285714285717,319.85714285714283
359,1,1,2,386.0,790.0,1,2,3435.0,99.98409670294096,9.716748591234124,559.4,230.6
359,1,1,2,386.0,790.0,1,3,229.0,89.2248086713124,2.126321679623051,684.0,106.0
359,1,3,8,364.0,857.0,0,1,1108858.0,99.9551482597776,9.933949546282031,120.19047619047619,736.8095238095239
359,1,3,8,364.0,857.0,0,2,967142.0,99.99699668732492,9.917406268122605,111.8,745.2
359,1,3,8,364.0,857.0,0,3,40571.0,99.31519310084894,8.466856186593393,132.3846153846154,724.6153846153846
359,1,3,8,364.0,857.0,1,1,181690.0,99.42656335704854,9.951026712006072,420.75541795665634,436.24458204334366
359,1,3,8,364.0,857.0,1,2,201430.0,99.75638429636548,9.968261335352665,448.62432432432433,408.37567567567567
359,1,3,8,364.0,857.0,1,3,7899.0,96.85770247569047,8.87647247251887,459.2142857142857,397.7857142857143
360,1,1,6,467.0,896.0,0,1,1036651.0,99.9477717163455,9.944457666874882,121.74373259052925,774.2562674094708
360,1,1,6,467.0,896.0,0,2,1109775.0,99.52940795058156,9.98341750016544,109.79695431472081,786.2030456852792
360,1,1,6,467.0,896.0,0,3,50663.0,99.08259468493756,9.353383245533168,131.875,764.125
360,1,1,6,467.0,896.0,1,1,187113.0,99.964473537482,9.957204014328829,440.7060518731989,455.2939481268011
360,1,1,6,467.0,896.0,1,2,168495.0,99.6904234901286,9.99703603729197,473.65822784810126,422.34177215189874
360,1,1,6,467.0,896.0,1,3,5980.0,98.58113816830416,9.514248255386734,467.3333333333333,428.6666666666667
360,1,3,8,364.0,857.0,0,1,15750.0,93.64546939615204,9.880193598737488,243.06666666666666,613.9333333333333
360,1,3,8,364.0,857.0,0,2,3150.0,95.49890806564432,9.62616809705986,340.0,517.0
361,1,1,6,467.0,896.0,1,1,272.0,76.05640032021572,8.229515440086315,728.0,168.0
361,3,3,2,166.0,943.0,0,1,1349237.0,99.67056727381542,9.999199865256008,131.0860655737705,811.9139344262295
361,3,3,2,166.0,943.0,0,2,1284226.0,99.10389902931776,9.946147996469524,115.38729508196721,827.6127049180328
361,3,3,2,166.0,943.0,0,3,42388.0,97.01675764919555,9.204700165299164,159.11111111111111,783.8888888888889
361,3,3,2,166.0,943.0,1,1,117838.0,99.23624536951958,9.94574166796071,337.1965811965812,605.8034188034188
361,3,3,2,166.0,943.0,1,2,118919.0,99.87928467851772,9.959795539383803,329.38495575221236,613.6150442477876
361,3,3,2,166.0,943.0,1,3,5248.0,90.03627544310362,7.9532603258498895,347.6,595.4
362,2,3,8,332.0,867.0,0,1,1088365.0,99.98451277517847,9.992448249675524,91.336,775.664
362,2,3,8,332.0,867.0,0,2,985813.0,99.8818012809446,9.9954614696075,92.74234693877551,774.2576530612245
362,2,3,8,332.0,867.0,0,3,32927.0,97.5509967169864,9.6802061592295,111.28571428571429,755.7142857142857
362,2,3,8,332.0,867.0,1,1,198696.0,98.94749305391296,9.982226190213032,384.93030303030304,482.06969696969696
362,2,3,8,332.0,867.0,1,2,182842.0,99.90247000493471,9.97612179538906,313.0828025477707,553.9171974522293
362,2,3,8,332.0,867.0,1,3,9003.0,98.60302354571854,9.174611883465522,296.64285714285717,570.3571428571429
362,3,3,2,166.0,943.0,1,1,5550.0,99.37862004388457,8.49317886477208,445.8,497.2
362,3,3,2,166.0,943.0,1,2,3330.0,92.22422655900628,9.51175922278104,570.7777777777778,372.22222222222223
363,1,0,9,438.0,588.0,0,1,862095.0,99.56261333652232,9.97956969838073,87.01063829787235,500.98936170212767
363,1,0,9,438.0,588.0,0,2,923784.0,99.6809216588745,9.972568171459432,74.38110749185668,513.6188925081433
363,1,0,9,438.0,588.0,0,3,40997.0,95.66409753123196,9.84298745193779,79.85714285714286,508.14285714285717
363,1,0,9,438.0,588.0,1,1,237529.0,99.99080620821915,9.986862333257642,395.2240184757506,192.77598152424943
363,1,0,9,438.0,588.0,1,2,211045.0,99.93847604403776,9.986009189866715,413.85749385749386,174.14250614250614
363,1,0,9,438.0,588.0,1,3,7688.0,98.1236330755317,9.23295528366272,501.85714285714283,86.14285714285714
363,2,3,8,332.0,867.0,0,1,35181.0,76.59787154972196,9.134013560232384,201.44444444444446,665.5555555555555
364,1,0,9,438.0,588.0,1,1,6675.0,95.4926649138723,9.028489590000916,771.0,-183.0
364,1,0,9,438.0,588.0,1,2,1780.0,86.23010775240685,8.606354995147004,865.0,-277.0
364,3,2,8,423.0,512.0,0,1,933075.0,99.4951123822633,9.94435776075284,89.24842767295597,422.751572327044
364,3,2,8,423.0,512.0,0,2,1009391.0,99.8859034275962,9.940031205039707,66.23839009287926,445.76160990712077
364,3,2,8,423.0,512.0,0,3,32563.0,70.31416782481521,8.802064642725739,51.18181818181818,460.8181818181818
364,3,2,8,423.0,512.0,1,1,213269.0,99.76085541760423,9.985197113819115,294.97429305912596,217.02570694087404
364,3,2,8,423.0,512.0,1,2,243997.0,99.96409455780048,9.97643366741758,306.7300771208226,205.2699228791774
364,3,2,8,423.0,512.0,1,3,9762.0,99.39764940846024,9.993766541698436,251.52941176470588,260.47058823529414
365,2,0,2,332.0,663.0,0,1,884049.0,99.54435618436229,9.953070637019165,80.91216216216216,582.0878378378378
365,2,0,2,332.0,663.0,0,2,634300.0,99.706841485065,9.950702405114969,94.88976377952756,568.1102362204724
365,2,0,2,332.0,663.0,0,3,46392.0,91.65149504560144,9.972735479412416,69.71428571428571,593.2857142857143
365,2,0,2,332.0,663.0,1,1,243499.0,99.63820423431424,9.93910802218186,396.2536231884058,266.7463768115942
365,2,0,2,332.0,663.0,1,2,275305.0,99.91114900330678,9.934176259363184,372.0804347826087,290.9195652173913
365,2,0,2,332.0,663.0,1,3,7837.0,98.96474623301552,9.233860130775527,434.0,229.0
365,3,2,8,423.0,512.0,1,1,7384.0,98.83347382727804,9.962193463772648,179.92307692307693,332.0769230769231
366,1,2,8,358.0,722.0,0,1,957246.0,99.58539854264464,9.891327172665113,86.39887640449439,635.6011235955057
366,1,2,8,358.0,722.0,0,2,938858.0,99.90511855222968,9.930829367300374,86.68067226890756,635.3193277310925
366,1,2,8,358.0,722.0,0,3,36863.0,96.84244533910493,9.959296358862971,90.6923076923077,631.3076923076923
366,1,2,8,358.0,722.0,1,1,208424.0,99.72695996510494,9.989006507723868,379.46438746438747,342.53561253561253
366,1,2,8,358.0,722.0,1,2,212004.0,99.96031144232256,9.996880783305196,314.5581395348837,407.4418604651163
366,1,2,8,358.0,722.0,1,3,7992.0,92.79788859082872,9.693193583331434,327.14285714285717,394.85714285714283
366,2,0,2,332.0,663.0,0,1,30270.0,97.62607028409516,9.072167946934831,436.6,226.4
366,2,0,2,332.0,663.0,0,2,30270.0,98.37753453684192,9.983377800756273,615.0666666666667,47.93333333333333
366,2,0,2,332.0,663.0,0,3,2018.0,43.16530330273636,8.628161522152116,732.0,-69.0
367,1,2,5,264.0,755.0,0,1,967072.0,99.40329197479836,9.992757045646147,97.92537313432835,657.0746268656717
367,1,2,5,264.0,755.0,0,2,991970.0,99.99380446734546,9.916989973992138,108.20365535248042,646.7963446475196
367,1,2,5,264.0,755.0,0,3,29439.0,94.83646503256494,9.476906848922235,85.75,669.25
367,1,2,5,264.0,755.0,1,1,200127.0,99.9206528449442,9.974529464729402,354.6091644204852,400.3908355795148
367,1,2,5,264.0,755.0,1,2,170368.0,99.93230716690395,9.987207097102072,380.34177215189874,374.65822784810126
367,1,2,5,264.0,755.0,1,3,8017.0,95.48236760322408,9.68251781013586,278.93333333333334,476.06666666666666
367,1,2,8,358.0,722.0,0,1,47640.0,99.9119610232107,9.083518070149928,797.6,-75.6
367,1,2,8,358.0,722.0,0,2,47640.0,93.27150002829762,9.1200016568412,989.4,-267.4
367,1,2,8,358.0,722.0,0,3,3176.0,33.645633862745626,7.379923178797238,1064.0,-342.0
368,1,2,5,264.0,755.0,1,1,11265.0,96.36308539032808,8.481045963819193,602.4,152.6
368,1,2,5,264.0,755.0,1,2,8261.0,99.91543504896066,9.266889584580134,748.4545454545455,6.545454545454546
368,2,3,9,371.0,564.0,0,1,973862.0,99.98867718619636,9.807128193166166,88.4327485380117,475.5672514619883
368,2,3,9,371.0,564.0,0,2,843215.0,99.50389204994396,9.996786925164816,79.47058823529412,484.52941176470586
368,2,3,9,371.0,564.0,0,3,31793.0,99.8245218312904,9.1934844386229,81.83333333333333,482.1666666666667
368,2,3,9,371.0,564.0,1,1,196223.0,99.52477832225532,9.923670507530073,300.2967032967033,263.7032967032967
368,2,3,9,371.0,564.0,1,2,198267.0,99.99979393943414,9.99667577636212,277.49759615384613,286.50240384615387
368,2,3,9,371.0,564.0,1,3,7821.0,89.50009729389029,9.85277979174515,311.75,252.25
369,2,1,3,240.0,714.0,0,1,770338.0,99.96192362064576,9.980401805367812,105.73954983922829,608.2604501607717
369,2,1,3,240.0,714.0,0,2,1012721.0,99.88328737467026,9.972812284475092,96.13793103448276,617.8620689655172
369,2,1,3,240.0,714.0,0,3,36975.0,92.20603917117252,9.409983296605152,106.21428571428571,607.7857142857143
369,2,1,3,240.0,714.0,1,1,251930.0,99.3360170868898,9.958536981034896,390.4132029339853,323.5867970660147
369,2,1,3,240.0,714.0,1,2,226904.0,99.63400682040827,9.991288865323,405.5561643835616,308.4438356164384
369,2,1,3,240.0,714.0,1,3,7460.0,96.8109700125011,9.961065538074882,422.42857142857144,291.57142857142856
370,2,1,3,240.0,714.0,1,1,3740.0,96.85653315316242,9.012704981686936,558.7,155.3
370,2,1,3,240.0,714.0,1,2,2805.0,94.0778006889949,9.29751892714696,655.3333333333334,58.666666666666664
370,2,1,3,240.0,714.0,1,3,187.0,90.6574773050019,5.782142927545749,761.0,-47.0
370,3,3,4,75.0,852.0,0,1,1027772.0,99.78304330951968,9.986769615889934,113.41018766756032,738.5898123324397
370,3,3,4,75.0,852.0,0,2,992630.0,99.9037755763133,9.939765569843416,91.57462686567165,760.4253731343283
370,3,3,4,75.0,852.0,0,3,43800.0,99.9394113325224,7.01437296828646,138.94117647058823,713.0588235294117
370,3,3,4,75.0,852.0,1,1,193647.0,99.72061281252604,9.984398478383469,430.359756097561,421.640243902439
370,3,3,4,75.0,852.0,1,2,172500.0,99.97348712390044,9.945811341716572,402.2852348993289,449.7147651006711
370,3,3,4,75.0,852.0,1,3,5672.0,91.94579385351696,8.758036985311259,364.6,487.4
371,1,3,2,183.0,630.0,0,1,794838.0,99.85223341051508,9.993845203540152,90.35135135135135,539.6486486486486
371,1,3,2,183.0,630.0,0,2,859529.0,99.977858364743,9.983173709361113,95.7781350482315,534.2218649517685
371,1,3,2,183.0,630.0,0,3,29039.0,97.83285172509156,7.194335763130097,90.8,539.2
371,1,3,2,183.0,630.0,1,1,236777.0,99.549269929501,9.998896091380796,370.60178970917224,259.39821029082776
371,1,3,2,183.0,630.0,1,2,195550.0,99.54273590822952,9.97109157212284,382.7007481296758,247.29925187032418
371,1,3,2,183.0,630.0,1,3,11136.0,85.00703141605189,9.653651554596488,346.42105263157896,283.57894736842104
371,3,3,4,75.0,852.0,0,1,14250.0,93.27332269163344,9.907200654907456,782.9333333333333,69.06666666666666
371,3,3,4,75.0,852.0,0,2,1900.0,85.67166253347936,8.103487411874926,920.0,-68.0
372,1,3,2,183.0,630.0,1,1,10770.0,95.56906323557416,9.455915297151364,130.0,500.0
372,1,3,2,183.0,630.0,1,2,5744.0,95.6292471587668,7.500317065018019,207.75,422.25
372,3,2,4,327.0,774.0,0,1,859866.0,99.60084258641017,9.979637580452335,101.18412698412699,672.815873015873
372,3,2,4,327.0,774.0,0,2,1039407.0,99.96479397969014,9.97110984942723,90.64601769911505,683.3539823008849
372,3,2,4,327.0,774.0,0,3,36490.0,94.46604433657298,9.077108344172256,99.16666666666667,674.8333333333334
372,3,2,4,327.0,774.0,1,1,233215.0,99.87350666470292,9.942306747707532,378.35038363171356,395.64961636828644
372,3,2,4,327.0,774.0,1,2,210736.0,99.97895011611234,9.937526854762288,376.54742547425474,397.45257452574526
372,3,2,4,327.0,774.0,1,3,8500.0,89.30001793938442,9.904359476593466,408.0,366.0
373,0,0,6,173.0,598.0,0,1,850887.0,99.92214280647885,9.976612612299562,80.91385767790263,517.0861423220974
373,0,0,6,173.0,598.0,0,2,861129.0,99.60725634427456,9.989219953403216,81.91003460207612,516.0899653979238
373,0,0,6,173.0,598.0,0,3,22648.0,97.29225356413905,9.475552099819552,83.55555555555556,514.4444444444445
373,0,0,6,173.0,598.0,1,1,273827.0,99.99519805975932,9.997230993056627,351.6127562642369,246.3872437357631
373,0,0,6,173.0,598.0,1,2,253423.0,99.907001312122,9.9860016880064,383.8042959427208,214.19570405727924
373,0,0,6,173.0,598.0,1,3,11638.0,94.97957093454109,9.561572926478105,299.3157894736842,298.6842105263158
373,3,2,4,327.0,774.0,0,1,63285.0,98.34238806164448,9.508843023514938,776.2666666666667,-2.2666666666666666
373,3,2,4,327.0,774.0,0,2,29533.0,89.02620971414883,9.990399561978297,886.4285714285714,-112.42857142857143
374,0,0,6,173.0,598.0,1,1,612.0,94.13539691711124,8.895390698018264,666.3333333333334,-68.33333333333333
374,2,2,1,146.0,848.0,0,1,1000315.0,99.4715853234909,9.961336572979974,105.0754716981132,742.9245283018868
374,2,2,1,146.0,848.0,0,2,982491.0,99.74653484451532,9.959498162327902,106.93628808864266,741.0637119113574
374,2,2,1,146.0,848.0,0,3,33864.0,87.72669312107985,9.226731534085358,126.16666666666667,721.8333333333334
374,2,2,1,146.0,848.0,1,1,149405.0,99.73531512779044,9.983987189906808,422.2212643678161,425.7787356321839
374,2,2,1,146.0,848.0,1,2,158870.0,99.4288603565773,9.96033544435906,425.90340909090907,422.09659090909093
374,2,2,1,146.0,848.0,1,3,7704.0,93.49056748897328,9.464379974852733,436.5625,411.4375
375,2,1,8,186.0,713.0,0,1,695352.0,99.39083875119438,9.93602389776189,103.28301886792453,609.7169811320755
375,2,1,8,186.0,713.0,0,2,996856.0,99.8813723915304,9.976942483233117,94.34166666666667,618.6583333333333
375,2,1,8,186.0,713.0,0,3,27155.0,99.59672006119452,9.102121489132726,151.0,562.0
375,2,1,8,186.0,713.0,1,1,215238.0,99.70984696247008,9.984800929545166,450.41818181818184,262.58181818181816
375,2,1,8,186.0,713.0,1,2,144406.0,99.48740728687427,9.983081179124266,455.76627218934914,257.23372781065086
375,2,1,8,186.0,713.0,1,3,5305.0,95.18519444033768,9.05368454326436,482.06666666666666,230.93333333333334
375,2,2,1,146.0,848.0,1,1,6640.0,91.30058677946852,8.741827418628885,231.8125,616.1875
375,2,2,1,146.0,848.0,1,2,6225.0,86.0105052655139,9.734946192747008,385.2,462.8
375,2,2,1,146.0,848.0,1,3,415.0,99.87438290440627,8.23479014892458,456.0,392.0
376,2,1,8,186.0,713.0,1,1,2040.0,71.8118517637005,9.530486053708916,428.0,285.0
376,3,1,5,274.0,689.0,0,1,990614.0,99.88236562383432,9.99049072126896,104.05113636363636,584.9488636363636
376,3,1,5,274.0,689.0,0,2,920967.0,99.86026550441711,9.966524844437304,88.52905198776759,600.4709480122324
376,3,1,5,274.0,689.0,0,3,48352.0,82.45006008128254,9.263273163805742,90.2,598.8
376,3,1,5,274.0,689.0,1,1,187416.0,99.92051765614228,9.971680372081956,315.79395604395603,373.20604395604397
376,3,1,5,274.0,689.0,1,2,233195.0,99.77798896763925,9.970353638979583,294.4896373056995,394.5103626943005
376,3,1,5,274.0,689.0,1,3,6325.0,98.10821639208194,9.623866857488707,360.0769230769231,328.9230769230769
377,1,3,5,142.0,633.0,0,1,953978.0,99.96558625958912,9.967579237305667,83.9726443768997,549.0273556231003
377,1,3,5,142.0,633.0,0,2,892172.0,99.926972958015,9.977012500558493,88.16938110749186,544.8306188925081
377,1,3,5,142.0,633.0,0,3,33617.0,90.8800565135714,9.019282615422329,112.0,521.0
377,1,3,5,142.0,633.0,1,1,200452.0,99.78733062619112,9.976703587637171,356.66057441253264,276.33942558746736
377,1,3,5,142.0,633.0,1,2,209798.0,99.6511278094086,9.999243011446287,372.982800982801,260.017199017199
377,1,3,5,142.0,633.0,1,3,8111.0,93.4325232307065,9.90035216339357,353.06666666666666,279.93333333333334
377,3,1,5,274.0,689.0,1,1,6100.0,92.00353317026632,9.380540581101023,347.0,342.0
378,1,3,5,142.0,633.0,1,1,947.0,87.21692850062274,6.138642791405658,353.0,280.0
378,2,0,5,310.0,978.0,0,1,1272847.0,99.64192235930076,9.965921470033896,116.21258134490239,861.7874186550977
378,2,0,5,310.0,978.0,0,2,1055971.0,99.62662227279463,9.9961740769878,108.95203836930456,869.0479616306955
378,2,0,5,310.0,978.0,0,3,43146.0,99.71959263818914,9.939622480462251,134.2,843.8
378,2,0,5,310.0,978.0,1,1,140197.0,99.52738921432578,9.9701443693021,311.019305019305,666.980694980695
378,2,0,5,310.0,978.0,1,2,153750.0,99.16189028213628,9.984118105653431,321.5771812080537,656.4228187919463
378,2,0,5,310.0,978.0,1,3,6971.0,99.0474172951856,9.736061183613632,279.7692307692308,698.2307692307693
379,0,2,3,176.0,674.0,0,1,694347.0,99.95802282545284,9.87774265062384,89.61302681992338,584.3869731800767
379,0,2,3,176.0,674.0,0,2,708488.0,99.90323022654324,9.992372152910674,110.8377358490566,563.1622641509434
379,0,2,3,176.0,674.0,0,3,18492.0,67.31789181740167,7.163428023552092,119.83333333333333,554.1666666666666
379,0,2,3,176.0,674.0,1,1,264540.0,99.89686322539151,9.987691719921896,376.685393258427,297.314606741573
379,0,2,3,176.0,674.0,1,2,250643.0,99.9804339337272,9.99600275091306,404.04357798165137,269.95642201834863
379,0,2,3,176.0,674.0,1,3,12857.0,96.1353321882013,8.981906422733871,337.3181818181818,336.6818181818182
379,2,0,5,310.0,978.0,0,1,63375.0,92.21919248270804,9.752548452900273,498.0,480.0
379,2,0,5,310.0,978.0,0,2,50700.0,99.06646731409197,8.977342823096308,622.8333333333334,355.1666666666667
380,0,3,2,451.0,839.0,0,1,899438.0,99.77613851950856,9.9943926593031,83.25068870523415,755.7493112947658
380,0,3,2,451.0,839.0,0,2,825766.0,99.89330116522702,9.940258479846866,90.26347305389221,748.7365269461078
380,0,3,2,451.0,839.0,0,3,33349.0,99.17006201242545,9.113131563057276,85.26666666666667,753.7333333333333
380,0,3,2,451.0,839.0,1,1,175951.0,99.94351406330864,9.969318307399616,377.16201117318434,461.83798882681566
380,0,3,2,451.0,839.0,1,2,184187.0,99.8821469314493,9.989840547177188,312.44063324538257,526.5593667546174
380,0,3,2,451.0,839.0,1,3,5978.0,99.42380669945904,9.91063470976094,298.7692307692308,540.2307692307693
381,0,3,1,209.0,597.0,0,1,692668.0,99.75075160386535,9.970664207025266,102.11934156378601,494.880658436214
381,0,3,1,209.0,597.0,0,2,670645.0,99.53190906435388,9.981002135442008,62.73893805309734,534.2610619469026
381,0,3,1,209.0,597.0,0,3,38193.0,98.3015780016201,9.422360342731768,72.72727272727273,524.2727272727273
381,0,3,1,209.0,597.0,1,1,276774.0,99.85511780044568,9.98741149376845,350.14285714285717,246.85714285714286
381,0,3,1,209.0,597.0,1,2,267011.0,99.85390007500806,9.932201672082115,365.89748953974896,231.10251046025104
381,0,3,1,209.0,597.0,1,3,9233.0,91.19143703274518,9.80413475650096,326.11764705882354,270.88235294117646
381,0,3,2,451.0,839.0,1,1,3930.0,98.89924202306032,7.0608959085466205,122.53333333333333,716.4666666666667
381,0,3,2,451.0,839.0,1,2,3144.0,94.45934082348346,9.090010953761038,255.83333333333334,583.1666666666666
382,0,3,1,209.0,597.0,1,1,2325.0,89.7685301617123,9.480056665900934,279.3333333333333,317.6666666666667
382,3,3,7,344.0,839.0,0,1,1034432.0,99.62559282440574,9.90848254687489,134.23383084577114,704.7661691542288
382,3,3,7,344.0,839.0,0,2,954604.0,99.79453726637392,9.98240329957953,136.27371273712737,702.7262872628726
382,3,3,7,344.0,839.0,0,3,23723.0,83.10006583545629,9.43653971304836,120.83333333333333,718.1666666666666
382,3,3,7,344.0,839.0,1,1,175195.0,99.84624836057334,9.98079370649554,476.8607594936709,362.1392405063291
382,3,3,7,344.0,839.0,1,2,191600.0,99.85553867487111,9.971203039750684,445.2994186046512,393.7005813953488
382,3,3,7,344.0,839.0,1,3,8057.0,99.86978885863552,9.908479143624785,485.4375,353.5625
383,2,1,2,179.0,977.0,0,1,1276749.0,99.79188091297485,9.998823580142073,104.87901234567902,872.120987654321
383,2,1,2,179.0,977.0,0,2,1172936.0,99.9671965149195,9.953491481245631,122.52173913043478,854.4782608695652
383,2,1,2,179.0,977.0,0,3,52067.0,91.9705557639803,9.682668541063329,166.94117647058823,810.0588235294117
383,2,1,2,179.0,977.0,1,1,192070.0,99.9740024191892,9.950968135977275,319.936877076412,657.063122923588
383,2,1,2,179.0,977.0,1,2,197449.0,99.9048901033451,9.994554774827645,316.8105590062112,660.1894409937888
383,2,1,2,179.0,977.0,1,3,6822.0,98.62392670393072,9.527573236529523,368.0,609.0
383,3,3,7,344.0,839.0,1,1,12040.0,97.25712289672695,9.863367999082786,234.28571428571428,604.7142857142857
384,2,1,2,179.0,977.0,1,1,16813.0,98.97677738005495,9.005919809888685,540.2608695652174,436.7391304347826
384,2,1,2,179.0,977.0,1,2,10965.0,96.50596286758312,7.404932123839206,603.7333333333333,373.26666666666665
384,2,1,2,179.0,977.0,1,3,731.0,75.09078520549993,6.991830330385211,707.0,270.0
384,3,0,8,192.0,958.0,0,1,1265016.0,99.89046956711516,9.96612734377673,101.73423423423424,856.2657657657658
384,3,0,8,192.0,958.0,0,2,1200614.0,99.9958054697976,9.982550172118822,114.72453703703704,843.2754629629629
384,3,0,8,192.0,958.0,0,3,41028.0,80.44733443845853,8.530738226241802,88.8,869.2
384,3,0,8,192.0,958.0,1,1,142277.0,99.39188369447264,9.97646797540319,349.74015748031496,608.2598425196851
384,3,0,8,192.0,958.0,1,2,159311.0,99.9140815008961,9.95380352342341,324.5,633.5
384,3,0,8,192.0,958.0,1,3,6712.0,98.09050731260656,9.464261184930107,322.3333333333333,635.6666666666666
385,0,2,6,216.0,541.0,0,1,990882.0,99.95355582215878,9.998402043346694,82.89968652037618,458.1003134796238
385,0,2,6,216.0,541.0,0,2,970802.0,99.99731064783484,9.993523324774628,89.23028391167192,451.7697160883281
385,0,2,6,216.0,541.0,0,3,34257.0,94.97807962088945,8.618968556076428,79.16666666666667,461.8333333333333
385,0,2,6,216.0,541.0,1,1,212994.0,99.4533671980546,9.991988583346023,374.1530612244898,166.8469387755102
385,0,2,6,216.0,541.0,1,2,221150.0,99.8238463334776,9.932057683992769,366.3894472361809,174.6105527638191
385,0,2,6,216.0,541.0,1,3,8612.0,97.5506045289926,9.808417422208077,299.25,241.75
385,3,0,8,192.0,958.0,0,1,9765.0,92.7398916505891,9.76138201103758,401.55555555555554,556.4444444444445
386,0,2,6,216.0,541.0,0,1,21219.0,99.77716693985884,9.32240186364576,106.72727272727273,434.27272727272725
386,2,2,5,214.0,799.0,0,1,1079153.0,99.73732450285684,9.977185247666666,118.89731051344744,680.1026894865525
386,2,2,5,214.0,799.0,0,2,1159554.0,99.9600354362922,9.988091312863114,106.6710816777042,692.3289183222957
386,2,2,5,214.0,799.0,0,3,44778.0,97.05729061900884,9.974409609256886,113.76470588235294,685.2352941176471
386,2,2,5,214.0,799.0,1,1,186678.0,99.6379275695557,9.979286159836526,314.9039735099338,484.0960264900662
386,2,2,5,214.0,799.0,1,2,161008.0,99.974853599776,9.978745354933872,326.0269230769231,472.9730769230769
386,2,2,5,214.0,799.0,1,3,6436.0,83.89079860885161,9.2083810632756,309.72727272727275,489.27272727272725
387,2,0,0,229.0,898.0,0,1,1084141.0,99.88786868867928,9.993314783757397,107.30922693266832,790.6907730673316
387,2,0,0,229.0,898.0,0,2,995258.0,99.57113599637646,9.978566272427262,100.35632183908046,797.6436781609195
387,2,0,0,229.0,898.0,0,3,35367.0,96.61232383352954,9.886216285538472,66.0,832.0
387,2,0,0,229.0,898.0,1,1,160118.0,99.89411237377408,9.957093508109669,346.9145569620253,551.0854430379746
387,2,0,0,229.0,898.0,1,2,197729.0,99.82692296812404,9.990752084489328,340.58743169398906,557.4125683060109
387,2,0,0,229.0,898.0,1,3,7108.0,86.58863148666698,9.581236451448977,313.38461538461536,584.6153846153846
387,2,2,5,214.0,799.0,1,1,4255.0,94.53712590621228,9.898015559387538,601.4,197.6
388,2,0,0,229.0,898.0,0,1,12135.0,98.33677696172116,9.93367726765516,425.73333333333335,472.26666666666665
388,2,0,8,69.0,524.0,0,1,855494.0,99.82486039717078,9.978525698660285,78.68078175895765,445.31921824104234
388,2,0,8,69.0,524.0,0,2,703853.0,98.44377274019826,9.98240165466308,76.55597014925372,447.4440298507463
388,2,0,8,69.0,524.0,0,3,20422.0,91.34186034417772,5.542821205361016,83.625,440.375
388,2,0,8,69.0,524.0,1,1,237012.0,99.9629827678518,9.97445044158462,290.1356783919598,233.8643216080402
388,2,0,8,69.0,524.0,1,2,250375.0,99.63621040430846,9.985286843400557,305.95749440715883,218.04250559284117
388,2,0,8,69.0,524.0,1,3,12092.0,97.58834023057209,9.530618110065795,327.7,196.3
389,2,0,8,69.0,524.0,1,1,837.0,24.793918204762186,4.703907346756566,166.0,358.0
389,2,1,4,187.0,701.0,0,1,803862.0,99.75941466806051,9.947456225746455,69.88888888888889,631.1111111111111
389,2,1,4,187.0,701.0,0,2,830966.0,99.93147005619764,9.96026731795837,115.26688102893891,585.7331189710611
389,2,1,4,187.0,701.0,0,3,30824.0,88.7255941706688,9.292028336882405,60.4,640.6
389,2,1,4,187.0,701.0,1,1,238498.0,99.38295474132411,9.979067377277492,392.1461716937355,308.8538283062645
389,2,1,4,187.0,701.0,1,2,225559.0,99.5929654195013,9.975984691640615,402.35980148883374,298.64019851116626
389,2,1,4,187.0,701.0,1,3,10959.0,99.70243222300934,9.22462389529003,317.8421052631579,383.1578947368421
390,1,0,8,370.0,717.0,0,1,780143.0,99.58450971722807,9.98169898879502,97.95890410958904,619.0410958904109
390,1,0,8,370.0,717.0,0,2,1084589.0,99.66465338129017,9.966442914319977,106.42131979695432,610.5786802030457
390,1,0,8,370.0,717.0,0,3,32511.0,95.7407730125288,8.479894561980139,144.1818181818182,572.8181818181819
390,1,0,8,370.0,717.0,1,1,226760.0,99.83764397916222,9.882353284933416,326.4423076923077,390.5576923076923
390,1,0,8,370.0,717.0,1,2,176189.0,99.998081359023,9.964785232175506,369.14285714285717,347.85714285714283
390,1,0,8,370.0,717.0,1,3,7771.0,91.74776277927508,9.374037411265574,274.8235294117647,442.1764705882353
390,2,1,4,187.0,701.0,1,1,8676.0,95.27283738045168,9.618370364552815,474.0833333333333,226.91666666666666
391,1,0,8,370.0,717.0,1,1,3840.0,99.3583423966092,9.58083972173137,734.8666666666667,-17.866666666666667
391,1,0,8,370.0,717.0,1,2,3840.0,99.53957218783852,7.398139943861387,941.5333333333333,-224.53333333333333
391,1,0,8,370.0,717.0,1,3,256.0,80.46390800785886,9.065189454179418,1036.0,-319.0
391,3,1,2,167.0,631.0,0,1,1123397.0,99.83845043252092,9.974371928854762,100.69028871391076,530.3097112860893
391,3,1,2,167.0,631.0,0,2,862953.0,99.92010593695582,9.986806823462564,82.28859060402685,548.7114093959732
391,3,1,2,167.0,631.0,0,3,39408.0,96.94356380744108,8.0523498870396,79.66666666666667,551.3333333333334
391,3,1,2,167.0,631.0,1,1,191814.0,99.64108171610012,9.99600331488866,359.75384615384615,271.24615384615385
391,3,1,2,167.0,631.0,1,2,241813.0,99.83013167542272,9.957386156427292,334.80397022332505,296.19602977667495
391,3,1,2,167.0,631.0,1,3,8253.0,97.14401561799524,9.909635108680384,372.0,259.0
392,1,2,7,190.0,868.0,0,1,1011642.0,99.97120792561992,9.945295312499404,90.4390243902439,777.560975609756
392,1,2,7,190.0,868.0,0,2,924310.0,99.99422647666536,9.917381003355588,116.29320987654322,751.7067901234568
392,1,2,7,190.0,868.0,0,3,35966.0,97.49832247909512,8.339886460212242,90.84615384615384,777.1538461538462
392,1,2,7,190.0,868.0,1,1,215907.0,99.8453796697448,9.982009311418752,340.7827380952381,527.2172619047619
392,1,2,7,190.0,868.0,1,2,255164.0,99.91810070078868,9.97309190388029,323.2506666666667,544.7493333333333
392,1,2,7,190.0,868.0,1,3,10183.0,91.37852490362842,9.863498355185737,391.14285714285717,476.85714285714283
392,3,1,2,167.0,631.0,1,1,9808.0,98.6517793095352,9.781231501708458,844.625,-213.625
392,3,1,2,167.0,631.0,1,2,9195.0,96.14455703088912,8.951455778147631,1054.6666666666667,-423.6666666666667
392,3,1,2,167.0,631.0,1,3,613.0,62.8117478599078,2.8870752243381026,1180.0,-549.0
393,1,2,7,190.0,868.0,0,1,44460.0,96.78030804207825,9.477799911459549,382.6666666666667,485.3333333333333
393,1,2,7,190.0,868.0,0,2,38532.0,90.84837800047929,8.95525893575592,538.8461538461538,329.15384615384613
393,3,1,8,438.0,805.0,0,1,1340968.0,99.93321390513046,9.9794656677552,112.55609756097562,692.4439024390244
393,3,1,8,438.0,805.0,0,2,1500192.0,99.99367112667784,9.98895361778705,107.88773388773389,697.1122661122661
393,3,1,8,438.0,805.0,0,3,53368.0,98.417691085464,9.930766935342769,123.77777777777777,681.2222222222222
393,3,1,8,438.0,805.0,1,1,191427.0,99.99785611898184,9.975362665490168,324.27027027027026,480.72972972972974
393,3,1,8,438.0,805.0,1,2,132492.0,99.8773083058186,9.879252864625023,327.986301369863,477.013698630137
393,3,1,8,438.0,805.0,1,3,6521.0,99.61006371623998,9.603945809208996,314.9,490.1
394,3,1,8,438.0,805.0,0,1,33592.0,94.8302938280916,6.872839564908544,85.125,719.875
394,3,3,7,292.0,653.0,0,1,822570.0,99.97365317232683,9.922811023475113,80.59872611464968,572.4012738853503
394,3,3,7,292.0,653.0,0,2,691496.0,99.64852486105016,9.996614641477104,81.31921824104235,571.6807817589577
394,3,3,7,292.0,653.0,0,3,31712.0,83.16635289430424,7.810045136508666,69.3,583.7
394,3,3,7,292.0,653.0,1,1,234447.0,99.86937820226854,9.95887358615078,361.2781954887218,291.7218045112782
394,3,3,7,292.0,653.0,1,2,271259.0,99.89423932054522,9.974845410461675,349.3112745098039,303.6887254901961
394,3,3,7,292.0,653.0,1,3,11201.0,99.26610928861768,9.713300424589598,336.77777777777777,316.22222222222223
395,1,1,0,262.0,873.0,0,1,1075538.0,99.99944591206317,9.940847638049974,107.96666666666667,765.0333333333333
395,1,1,0,262.0,873.0,0,2,1002942.0,99.57104984505972,9.951823863507231,103.56818181818181,769.4318181818181
395,1,1,0,262.0,873.0,0,3,35400.0,85.82838170116317,8.62384567750169,73.38461538461539,799.6153846153846
395,1,1,0,262.0,873.0,1,1,164134.0,99.95387818231922,9.98116103399628,423.24444444444447,449.75555555555553
395,1,1,0,262.0,873.0,1,2,189683.0,99.91760304485722,9.997193318517386,406.85633802816903,466.14366197183097
395,1,1,0,262.0,873.0,1,3,6231.0,98.32246180398548,9.37644657382647,432.53333333333336,440.46666666666664
395,3,3,7,292.0,653.0,0,1,44445.0,98.06018005424758,9.387831116184364,452.53333333333336,200.46666666666667
395,3,3,7,292.0,653.0,0,2,17778.0,96.44939062606868,9.950747701330569,576.3333333333334,76.66666666666667
396,1,1,0,262.0,873.0,0,1,3944.0,47.55683636503137,0.1625293927004478,437.0,436.0
396,1,2,5,116.0,778.0,0,1,918009.0,99.65687709455226,9.977998594168303,122.63775510204081,655.3622448979592
396,1,2,5,116.0,778.0,0,2,851381.0,99.97760301994415,9.994348049316011,118.54891304347827,659.4510869565217
396,1,2,5,116.0,778.0,0,3,34833.0,98.4006255115716,9.261519607521215,106.71428571428571,671.2857142857143
396,1,2,5,116.0,778.0,1,1,184185.0,99.92571100577358,9.95647419814065,328.42121212121214,449.57878787878786
396,1,2,5,116.0,778.0,1,2,181779.0,99.97572683759428,9.988932343828562,323.57101449275365,454.42898550724635
396,1,2,5,116.0,778.0,1,3,7920.0,97.18030719943653,9.605819903601626,301.0,477.0
397,1,2,5,116.0,778.0,1,1,6408.0,75.19982058053151,9.258823307250326,716.375,61.625
397,3,0,8,199.0,586.0,0,1,1146998.0,99.98554286499504,9.98378391007486,93.66577540106952,492.33422459893046
397,3,0,8,199.0,586.0,0,2,987304.0,99.9248517633242,9.935589670210552,71.9945652173913,514.0054347826087
397,3,0,8,199.0,586.0,0,3,46938.0,97.27650903329553,9.566071668876807,110.0,476.0
397,3,0,8,199.0,586.0,1,1,181294.0,99.93479205160872,9.994767252400925,240.75366568914956,345.24633431085044
397,3,0,8,199.0,586.0,1,2,200448.0,99.901813952078,9.999453904883904,261.67052023121386,324.32947976878614
397,3,0,8,199.0,586.0,1,3,7920.0,99.4724188503792,8.490291373101972,243.16666666666666,342.8333333333333
398,3,0,8,199.0,586.0,0,1,6466.0,57.50503131840321,3.911456293044979,266.5,319.5
398,3,1,5,169.0,501.0,0,1,655364.0,99.90744138129816,9.95529106889891,78.32075471698113,422.6792452830189
398,3,1,5,169.0,501.0,0,2,763143.0,99.8599082309333,9.98022032367319,77.50993377483444,423.49006622516555
398,3,1,5,169.0,501.0,0,3,23509.0,70.94772443314316,8.205939738781268,72.375,428.625
398,3,1,5,169.0,501.0,1,1,242633.0,99.64641893733985,9.991011610791364,337.8615384615385,163.13846153846154
398,3,1,5,169.0,501.0,1,2,206166.0,99.96246555210284,9.936667160023685,356.30825242718447,144.69174757281553
398,3,1,5,169.0,501.0,1,3,8721.0,98.84674643236195,8.758972474174616,400.45,100.55
399,3,1,5,169.0,501.0,1,1,500.0,66.72423206234022,9.368466950060746,279.25,221.75
399,3,1,9,251.0,895.0,0,1,725644.0,99.98410699006364,9.982419893287206,102.40636042402826,792.5936395759717
399,3,1,9,251.0,895.0,0,2,820225.0,99.92999946144572,9.964866815978104,95.51070336391437,799.4892966360857
399,3,1,9,251.0,895.0,0,3,27912.0,95.70985032034515,9.8759318556258,128.84615384615384,766.1538461538462
399,3,1,9,251.0,895.0,1,1,222886.0,99.94646709649162,9.999320823745451,358.85219399538107,536.1478060046189
399,3,1,9,251.0,895.0,1,2,193307.0,99.97349399064456,9.986827388177952,350.5784061696658,544.4215938303342
399,3,1,9,251.0,895.0,1,3,7176.0,91.15352643264563,9.693110600741411,268.4375,626.5625
400,0,2,4,52.0,739.0,0,1,1076703.0,99.7910600689086,9.887284731152953,103.61421319796955,635.3857868020305
400,0,2,4,52.0,739.0,0,2,932249.0,99.8923622088745,9.927870618825985,124.43854748603351,614.5614525139665
400,0,2,4,52.0,739.0,0,3,27365.0,96.77431580986448,8.532383222614149,90.3,648.7
400,0,2,4,52.0,739.0,1,1,189246.0,99.93876089668836,9.984743820754874,442.2201257861635,296.7798742138365
400,0,2,4,52.0,739.0,1,2,202151.0,99.97689299929785,9.95712083458605,424.39154929577467,314.60845070422533
400,0,2,4,52.0,739.0,1,3,9343.0,99.86720425769536,9.609561378717002,459.77777777777777,279.22222222222223
400,3,1,9,251.0,895.0,0,1,22761.0,88.43672156608676,7.826975244591004,622.2222222222222,272.77777777777777
401,0,2,4,52.0,739.0,1,1,5250.0,98.77847966943634,9.770553694448171,288.26666666666665,450.73333333333335
401,0,2,4,52.0,739.0,1,2,3850.0,98.91200087229136,9.846964221224631,454.1818181818182,284.8181818181818
401,3,1,9,305.0,726.0,0,1,889515.0,99.65330950768764,9.989370418059274,106.93354430379746,619.0664556962025
401,3,1,9,305.0,726.0,0,2,684471.0,99.85564705036326,9.995771767565172,94.33333333333333,631.6666666666666
401,3,1,9,305.0,726.0,0,3,33018.0,88.7065124283288,9.433959141321576,101.45454545454545,624.5454545454545
401,3,1,9,305.0,726.0,1,1,174586.0,99.8412873290768,9.995918224520889,440.5166240409207,285.4833759590793
401,3,1,9,305.0,726.0,1,2,199223.0,99.90785590226017,9.971431368756877,387.56053811659194,338.43946188340806
401,3,1,9,305.0,726.0,1,3,6988.0,90.82173404972902,9.98480769264646,440.52941176470586,285.47058823529414
402,2,2,1,152.0,855.0,0,1,1057148.0,99.8107550738605,9.97969363123574,116.87671232876713,738.1232876712329
402,2,2,1,152.0,855.0,0,2,837786.0,99.95726310360766,9.954899070809615,121.96428571428571,733.0357142857143
402,2,2,1,152.0,855.0,0,3,42597.0,99.12715570444752,9.816732904078332,117.21428571428571,737.7857142857143
402,2,2,1,152.0,855.0,1,1,151052.0,99.9204965361731,9.926107068543637,454.2219020172911,400.7780979827089
402,2,2,1,152.0,855.0,1,2,195764.0,99.8795264662802,9.94662712894484,415.92383292383295,439.07616707616705
402,2,2,1,152.0,855.0,1,3,5573.0,91.90973378300453,8.961744935628927,496.0,359.0
402,3,1,9,305.0,726.0,1,1,1206.0,91.5830436046674,9.429222969199158,119.77777777777777,606.2222222222222
403,2,2,1,152.0,855.0,0,1,42705.0,92.44934370983304,9.881144934054396,432.46666666666664,422.53333333333336
403,2,2,1,152.0,855.0,0,2,19929.0,97.85111840763687,9.840726626493929,570.4285714285714,284.57142857142856
403,2,3,1,436.0,574.0,0,1,877431.0,99.32193237343412,9.9899008776548,74.96440129449839,499.0355987055016
403,2,3,1,436.0,574.0,0,2,847509.0,99.75399595361456,9.962315639134417,73.88571428571429,500.1142857142857
403,2,3,1,436.0,574.0,0,3,30396.0,94.4998051116832,8.716401567777071,54.90909090909091,519.0909090909091
403,2,3,1,436.0,574.0,1,1,237659.0,99.98039227049108,9.999334064182182,345.25125628140705,228.74874371859298
403,2,3,1,436.0,574.0,1,2,236924.0,99.61494391490928,9.993674014107226,341.1297709923664,232.87022900763358
403,2,3,1,436.0,574.0,1,3,10724.0,98.3850395183498,7.595631770978986,379.4117647058824,194.58823529411765
404,2,3,1,436.0,574.0,1,1,5805.0,91.26137411525416,9.89336414470539,497.46666666666664,76.53333333333333
404,2,3,1,436.0,574.0,1,2,3870.0,87.97515713966034,9.897882692892,636.4,-62.4
404,3,0,9,395.0,545.0,0,1,666977.0,99.51790110792844,9.998235561529745,74.5719696969697,470.4280303030303
404,3,0,9,395.0,545.0,0,2,915478.0,99.990982713749,9.992588155999494,76.07716049382717,468.92283950617286
404,3,0,9,395.0,545.0,0,3,33150.0,98.71301521583976,9.05687168569499,98.41666666666667,446.5833333333333
404,3,0,9,395.0,545.0,1,1,216994.0,99.60450341384582,9.967830194180676,316.4875283446712,228.5124716553288
404,3,0,9,395.0,545.0,1,2,208541.0,99.2887470613988,9.974424097736426,321.1842105263158,223.81578947368422
404,3,0,9,395.0,545.0,1,3,9122.0,91.00720362018647,8.763489489871464,331.4375,213.5625
405,2,2,0,369.0,605.0,0,1,759810.0,99.88916282365582,9.945059995075669,69.44202898550725,535.5579710144928
405,2,2,0,369.0,605.0,0,2,881576.0,99.99585706091896,9.859172110361298,96.67326732673267,508.3267326732673
405,2,2,0,369.0,605.0,0,3,39940.0,92.43583307100172,9.170523616326186,110.78571428571429,494.2142857142857
405,2,2,0,369.0,605.0,1,1,194954.0,99.98019116398916,9.993330130449197,369.6055684454756,235.39443155452437
405,2,2,0,369.0,605.0,1,2,195059.0,99.85889220092704,9.997781898221392,323.2776412776413,281.7223587223587
405,2,2,0,369.0,605.0,1,3,6310.0,99.7838673636695,8.004419469599597,425.07142857142856,179.92857142857142
405,3,0,9,395.0,545.0,1,1,11640.0,94.0421934179008,8.172237830036849,759.2666666666667,-214.26666666666668
405,3,0,9,395.0,545.0,1,2,4656.0,92.6832324759069,9.811984064821594,845.6666666666666,-300.6666666666667
406,1,2,9,160.0,858.0,0,1,1220471.0,99.74912007891376,9.973355464996658,109.61686746987952,748.3831325301205
406,1,2,9,160.0,858.0,0,2,1133743.0,99.5181068387937,9.944835550519649,107.73458445040214,750.2654155495978
406,1,2,9,160.0,858.0,0,3,65320.0,95.20130960746052,9.823495201924205,95.0,763.0
406,1,2,9,160.0,858.0,1,1,167243.0,99.29087696740532,9.951023544039206,450.679180887372,407.320819112628
406,1,2,9,160.0,858.0,1,2,211633.0,99.79003058974682,9.948963794531586,473.0850439882698,384.9149560117302
406,1,2,9,160.0,858.0,1,3,4560.0,91.16531994245572,9.664599313679114,527.4,330.6
406,2,2,0,369.0,605.0,0,1,55404.0,99.67655481624048,9.365134964701792,606.8333333333334,-1.8333333333333333
407,1,0,8,136.0,813.0,0,1,1107940.0,99.63894140177,9.99971365928974,109.39954337899543,703.6004566210046
407,1,0,8,136.0,813.0,0,2,1327756.0,99.98950012315788,9.970118421544624,115.51914893617021,697.4808510638297
407,1,0,8,136.0,813.0,0,3,47823.0,86.0443757639642,8.549013546471073,144.7058823529412,668.2941176470588
407,1,0,8,136.0,813.0,1,1,141897.0,99.98295560278,9.984451557365798,371.1654676258993,441.8345323741007
407,1,0,8,136.0,813.0,1,2,132492.0,99.33245255227946,9.982657002398966,396.69135802469134,416.30864197530866
407,1,0,8,136.0,813.0,1,3,6393.0,89.96458597681449,9.154387475573854,391.3636363636364,421.6363636363636
407,1,2,9,160.0,858.0,0,1,23785.0,73.41017337021242,6.995992499064246,176.6,681.4
408,1,0,8,136.0,813.0,0,1,54870.0,94.15953557469314,8.62096660640135,510.93333333333334,302.06666666666666
408,1,1,7,142.0,718.0,0,1,886250.0,99.95358243983694,9.951982214972912,95.16451612903226,622.8354838709678
408,1,1,7,142.0,718.0,0,2,1141607.0,99.98782724615226,9.98319686283572,87.44059405940594,630.559405940594
408,1,1,7,142.0,718.0,0,3,41229.0,97.2177616527176,9.258759365323638,108.16666666666667,609.8333333333334
408,1,1,7,142.0,718.0,1,1,218438.0,99.9449727500312,9.970534105629469,275.3425692695214,442.6574307304786
408,1,1,7,142.0,718.0,1,2,165651.0,99.99654333632758,9.956865990646316,282.89389067524115,435.10610932475885
408,1,1,7,142.0,718.0,1,3,7906.0,98.67459979238922,9.531492592084184,215.9375,502.0625
409,1,1,7,142.0,718.0,1,1,8165.0,98.35456806490596,9.849717338562234,479.2173913043478,238.7826086956522
409,1,1,7,142.0,718.0,1,2,5325.0,98.00544076618422,9.665551903057366,554.9333333333333,163.06666666666666
409,1,1,7,142.0,718.0,1,3,355.0,85.88318008068838,9.616186718023268,628.0,90.0
409,2,2,6,401.0,804.0,0,1,964121.0,99.970577338529,9.943756781995528,92.45810055865921,711.5418994413408
409,2,2,6,401.0,804.0,0,2,744043.0,99.9856385241261,9.974199790665518,86.88013698630137,717.1198630136986
409,2,2,6,401.0,804.0,0,3,35332.0,95.16805558333832,9.118867037858724,79.45454545454545,724.5454545454545
409,2,2,6,401.0,804.0,1,1,185157.0,99.81577768553058,9.988858063238752,367.4193548387097,436.5806451612903
409,2,2,6,401.0,804.0,1,2,221805.0,99.60863711096334,9.99331480953608,352.9219512195122,451.0780487804878
409,2,2,6,401.0,804.0,1,3,8663.0,99.70869803946012,9.97540466141938,356.375,447.625
410,2,0,9,389.0,842.0,0,1,1152179.0,99.93250035760002,9.98921208495601,133.98072289156627,708.0192771084337
410,2,0,9,389.0,842.0,0,2,1318950.0,99.8282217231688,9.936719024051945,108.44849785407726,733.5515021459228
410,2,0,9,389.0,842.0,0,3,39858.0,94.52130930664534,8.918550818523336,138.57142857142858,703.4285714285714
410,2,0,9,389.0,842.0,1,1,169247.0,99.96281354366576,9.99862644264828,338.30584192439864,503.69415807560136
410,2,0,9,389.0,842.0,1,2,134018.0,99.92849647294986,9.898680654542584,347.2056451612903,494.7943548387097
410,2,0,9,389.0,842.0,1,3,7900.0,96.90684993290704,9.841856604409651,240.71428571428572,601.2857142857143
410,2,2,6,401.0,804.0,0,1,31248.0,98.93969912123563,9.35900970886997,113.35714285714286,690.6428571428571
411,1,2,9,196.0,572.0,0,1,901972.0,99.53815363688668,9.990856638897958,88.68600682593856,483.3139931740614
411,1,2,9,196.0,572.0,0,2,712943.0,99.31702337039874,9.977975412643495,80.0078125,491.9921875
411,1,2,9,196.0,572.0,0,3,31432.0,98.927105911337,9.963648873050309,86.72727272727273,485.27272727272725
411,1,2,9,196.0,572.0,1,1,216380.0,99.96281156799714,9.908958220107088,362.135593220339,209.864406779661
411,1,2,9,196.0,572.0,1,2,236637.0,99.9215997749289,9.977105757718435,360.4521158129176,211.54788418708242
411,1,2,9,196.0,572.0,1,3,10355.0,88.18187720806256,9.727470222984486,389.94117647058823,182.05882352941177
411,2,0,9,389.0,842.0,1,1,7905.0,99.78997081492216,9.982717815187948,530.1333333333333,311.8666666666667
411,2,0,9,389.0,842.0,1,2,4743.0,93.46124779924756,9.451049358614211,650.4444444444445,191.55555555555554
412,0,1,2,466.0,545.0,0,1,849611.0,99.93800420160824,9.98387586667781,79.30674846625767,465.69325153374234
412,0,1,2,466.0,545.0,0,2,668995.0,99.92329556769845,9.974333577424485,66.45220588235294,478.5477941176471
412,0,1,2,466.0,545.0,0,3,18872.0,96.90189926623913,8.93999461345732,54.42857142857143,490.57142857142856
412,0,1,2,466.0,545.0,1,1,216483.0,99.96858377649193,9.92912624894675,305.67792207792206,239.3220779220779
412,0,1,2,466.0,545.0,1,2,255740.0,99.79731814199802,9.979150219296391,289.0702947845805,255.9297052154195
412,0,1,2,466.0,545.0,1,3,12222.0,99.06617211465272,9.76851451892563,309.6666666666667,235.33333333333334
412,1,2,9,196.0,572.0,0,1,14680.0,98.9715883669482,9.868431930522698,252.5,319.5
413,0,1,2,466.0,545.0,1,1,1210.0,82.84961425124196,7.65388342005337,617.5,-72.5
413,3,1,1,238.0,862.0,0,1,1112940.0,99.99993438683406,9.99417603777999,93.99512195121952,768.0048780487805
413,3,1,1,238.0,862.0,0,2,998042.0,99.90484622493726,9.988357800419724,103.18100890207715,758.8189910979229
413,3,1,1,238.0,862.0,0,3,43016.0,96.19861856039736,8.690364304754992,95.35714285714286,766.6428571428571
413,3,1,1,238.0,862.0,1,1,169677.0,99.8937222390562,9.918017456477088,363.7096774193548,498.2903225806452
413,3,1,1,238.0,862.0,1,2,198334.0,99.90301793931772,9.96569798474532,336.8351063829787,525.1648936170212
413,3,1,1,238.0,862.0,1,3,7678.0,98.94667044487224,9.28379174336498,347.57142857142856,514.4285714285714
414,0,1,4,103.0,776.0,0,1,1003222.0,99.76463545896756,9.955308067867222,90.60677083333333,685.3932291666666
414,0,1,4,103.0,776.0,0,2,1048576.0,99.99834528280871,9.97568968431913,110.2431693989071,665.7568306010929
414,0,1,4,103.0,776.0,0,3,36444.0,98.97547460022491,9.866585915530742,79.53846153846153,696.4615384615385
414,0,1,4,103.0,776.0,1,1,172735.0,99.94747308607091,9.962604408265712,435.1646706586826,340.8353293413174
414,0,1,4,103.0,776.0,1,2,188177.0,99.97504506415996,9.999187563308066,420.9655172413793,355.0344827586207
414,0,1,4,103.0,776.0,1,3,8626.0,97.5410060791796,9.96131236313876,498.26666666666665,277.73333333333335
414,3,1,1,238.0,862.0,1,1,294.0,52.27916425527096,5.088580183210031,66.5,795.5
415,0,1,4,103.0,776.0,1,1,491.0,65.85123889842026,5.8682821997880446,204.0,572.0
415,2,2,7,188.0,944.0,0,1,1151935.0,99.85744900585895,9.95620512666916,126.33707865168539,817.6629213483146
415,2,2,7,188.0,944.0,0,2,1122148.0,99.8650636487113,9.99307141664338,115.67447306791568,828.3255269320844
415,2,2,7,188.0,944.0,0,3,36993.0,99.24014732502084,9.14546875365206,103.625,840.375
415,2,2,7,188.0,944.0,1,1,133181.0,99.89973124782904,9.990858218759662,322.16,621.84
415,2,2,7,188.0,944.0,1,2,155089.0,99.77117204562602,9.990425992920173,293.9160839160839,650.083916083916
415,2,2,7,188.0,944.0,1,3,5060.0,95.96742096954117,9.479370282537705,288.0833333333333,655.9166666666666
416,3,3,4,229.0,615.0,0,1,809004.0,99.5225513547422,9.994304672691731,95.62745098039215,519.3725490196078
416,3,3,4,229.0,615.0,0,2,833525.0,99.67685088955878,9.872462250936454,90.34666666666666,524.6533333333333
416,3,3,4,229.0,615.0,0,3,17614.0,84.65161342405767,9.5006089694289,106.9090909090909,508.09090909090907
416,3,3,4,229.0,615.0,1,1,234488.0,99.80976575897316,9.982713138129125,334.311004784689,280.688995215311
416,3,3,4,229.0,615.0,1,2,232551.0,99.63305892058008,9.991340187663928,337.89830508474574,277.10169491525426
416,3,3,4,229.0,615.0,1,3,10215.0,96.28827634851012,9.924781275135114,370.52941176470586,244.47058823529412
417,0,1,9,151.0,844.0,0,1,723185.0,99.92307965574196,9.933888752825172,112.371875,731.628125
417,0,1,9,151.0,844.0,0,2,769181.0,99.93215941617495,9.965667518758902,119.88079470198676,724.1192052980133
417,0,1,9,151.0,844.0,0,3,25738.0,94.79432338428214,7.956195713998068,124.0909090909091,719.9090909090909
417,0,1,9,151.0,844.0,1,1,226814.0,99.79910480263084,9.97114312676749,459.4883116883117,384.5116883116883
417,0,1,9,151.0,844.0,1,2,249324.0,99.83927649355354,9.915413764554614,428.76528117359413,415.23471882640587
417,0,1,9,151.0,844.0,1,3,10085.0,83.2071572455126,9.486415792864388,469.8235294117647,374.1764705882353
417,3,3,4,229.0,615.0,0,1,8280.0,97.26677582876908,9.880460319356484,311.73333333333335,303.26666666666665
417,3,3,4,229.0,615.0,0,2,1104.0,81.8753823658692,9.336527871611178,410.5,204.5
418,0,1,0,169.0,958.0,0,1,1115184.0,99.53073571181936,9.994583631610794,111.69948186528498,846.300518134715
418,0,1,0,169.0,958.0,0,2,1150054.0,99.6353752733504,9.949916216586614,113.05326876513317,844.9467312348668
418,0,1,0,169.0,958.0,0,3,48193.0,93.86947779280042,8.978792725062036,98.95,859.05
418,0,1,0,169.0,958.0,1,1,175965.0,99.63866947817858,9.98956153018329,343.9967320261438,614.0032679738562
418,0,1,0,169.0,958.0,1,2,183461.0,98.31136008564162,9.985437464743828,363.96853146853147,594.0314685314685
418,0,1,0,169.0,958.0,1,3,3738.0,96.32846065422046,8.297787174876706,304.2857142857143,653.7142857142857
418,0,1,9,151.0,844.0,0,1,67900.0,97.19179304506112,9.691299141451069,578.3571428571429,265.64285714285717
418,0,1,9,151.0,844.0,0,2,36375.0,91.49133288710844,9.912780578539522,564.8,279.2
418,0,1,9,151.0,844.0,0,3,2425.0,23.543758228195586,0.7009016209220353,647.0,197.0
419,0,1,0,169.0,958.0,0,1,2548.0,49.55891718908137,9.78038162299983,319.75,638.25
419,0,2,1,113.0,681.0,0,1,1173890.0,99.82144286224964,9.94932734229528,109.54143646408839,571.4585635359116
419,0,2,1,113.0,681.0,0,2,1175825.0,99.6773573372475,9.986097654169336,82.92931937172774,598.0706806282723
419,0,2,1,113.0,681.0,0,3,47531.0,96.26632187439954,9.84291184149714,72.625,608.375
419,0,2,1,113.0,681.0,1,1,193929.0,99.92180816143768,9.919696009749186,337.53521126760563,343.46478873239437
419,0,2,1,113.0,681.0,1,2,178116.0,99.59177209465336,9.9699848470006,369.6265060240964,311.3734939759036
419,0,2,1,113.0,681.0,1,3,5877.0,94.40187109145856,9.945533651895438,388.9166666666667,292.0833333333333
420,0,2,1,113.0,681.0,1,1,2898.0,99.80124910645628,8.19041252102841,661.6666666666666,19.333333333333332
420,1,1,4,206.0,597.0,0,1,1098481.0,99.97192398139283,9.982064949192608,95.5814606741573,501.4185393258427
420,1,1,4,206.0,597.0,0,2,746222.0,99.96804386040436,9.918199561187556,85.93822393822394,511.0617760617761
420,1,1,4,206.0,597.0,0,3,43023.0,98.5355051426878,8.84028442464478,57.142857142857146,539.8571428571429
420,1,1,4,206.0,597.0,1,1,201547.0,98.90164334042908,9.98450481290271,309.8021978021978,287.1978021978022
420,1,1,4,206.0,597.0,1,2,261737.0,99.99932840623134,9.936814169762872,304.6498905908096,292.3501094091904
420,1,1,4,206.0,597.0,1,3,8489.0,97.83954869825044,9.306813014587682,327.92857142857144,269.07142857142856
421,1,1,4,206.0,597.0,1,1,9495.0,91.63276971192283,8.138446318058003,543.2666666666667,53.733333333333334
421,1,1,4,206.0,597.0,1,2,5064.0,98.0512861216694,6.609093622640564,703.875,-106.875
421,3,3,8,227.0,679.0,0,1,849465.0,99.4146978930455,9.980960785277151,98.94771241830065,580.0522875816994
421,3,3,8,227.0,679.0,0,2,897794.0,99.4591195058385,9.99791910087738,84.11627906976744,594.8837209302326
421,3,3,8,227.0,679.0,0,3,40216.0,95.66846328000008,9.08661624942489,98.07692307692308,580.9230769230769
421,3,3,8,227.0,679.0,1,1,214502.0,99.84129473276562,9.995842203247664,345.90225563909775,333.09774436090225
421,3,3,8,227.0,679.0,1,2,187356.0,99.91365051975392,9.896015510592989,351.22160664819944,327.77839335180056
421,3,3,8,227.0,679.0,1,3,7622.0,99.00486876087596,9.20739255794338,411.26666666666665,267.73333333333335
422,2,3,6,126.0,653.0,0,1,870283.0,99.99097691391444,9.949377736395824,93.20454545454545,559.7954545454545
422,2,3,6,126.0,653.0,0,2,998842.0,99.97058432093252,9.987770027913204,98.26735218508998,554.73264781491
422,2,3,6,126.0,653.0,0,3,36414.0,90.6441514932444,9.204091425911535,107.8125,545.1875
422,2,3,6,126.0,653.0,1,1,192049.0,99.90932619865193,9.940939066318474,319.8546365914787,333.1453634085213
422,2,3,6,126.0,653.0,1,2,150045.0,99.98695980214757,9.997065320739708,345.1254019292605,307.8745980707395
422,2,3,6,126.0,653.0,1,3,6142.0,89.40936961447453,9.678683052044068,283.0,370.0
422,3,3,8,227.0,679.0,0,1,49485.0,98.02142235475996,9.987377841957114,471.6,207.4
422,3,3,8,227.0,679.0,0,2,46186.0,91.33233246867792,8.839118572589047,635.3571428571429,43.642857142857146
423,2,1,6,133.0,877.0,0,1,888238.0,99.71465464552008,9.98799567057924,110.14243323442136,766.8575667655787
423,2,1,6,133.0,877.0,0,2,769431.0,99.84784625272356,9.977680965790356,111.90996784565917,765.0900321543409
423,2,1,6,133.0,877.0,0,3,31366.0,83.39387180787446,9.93165598312338,146.15384615384616,730.8461538461538
423,2,1,6,133.0,877.0,1,1,199005.0,99.74133167355552,9.954417173800037,487.40314136125653,389.59685863874347
423,2,1,6,133.0,877.0,1,2,203479.0,99.85074399740672,9.899924188903862,467.0843672456576,409.9156327543424
423,2,1,6,133.0,877.0,1,3,8032.0,95.56859634582663,8.127362419733739,506.6,370.4
423,2,3,6,126.0,653.0,0,1,4090.0,97.718160908807,8.333453769543208,284.5,368.5
424,2,1,6,133.0,877.0,0,1,58338.0,96.31833515680113,9.673107558990738,633.7857142857143,243.21428571428572
424,2,3,3,374.0,692.0,0,1,827882.0,99.9965554249035,9.97247801020296,87.95454545454545,604.0454545454545
424,2,3,3,374.0,692.0,0,2,1032306.0,99.15469058643208,9.925284316772789,104.03835616438356,587.9616438356164
424,2,3,3,374.0,692.0,0,3,35552.0,99.58314785912084,9.7504551960555,98.92307692307692,593.0769230769231
424,2,3,3,374.0,692.0,1,1,215338.0,99.98659531179676,9.998096528266323,370.9074492099323,321.0925507900677
424,2,3,3,374.0,692.0,1,2,173238.0,99.97335138449876,9.9648785295349,441.14367816091954,250.85632183908046
424,2,3,3,374.0,692.0,1,3,7055.0,94.10655968426822,9.584826104516718,444.53333333333336,247.46666666666667
425,2,1,5,101.0,549.0,0,1,841532.0,99.87121804577168,9.98174256713652,73.93464052287581,475.06535947712416
425,2,1,5,101.0,549.0,0,2,933919.0,99.86549059405452,9.998732933250412,84.82508250825083,464.17491749174917
425,2,1,5,101.0,549.0,0,3,33337.0,99.72743139756818,9.703587368934988,90.0,459.0
425,2,1,5,101.0,549.0,1,1,234911.0,99.76112736667912,9.990377207163782,327.27027027027026,221.72972972972974
425,2,1,5,101.0,549.0,1,2,222701.0,99.60847692810545,9.99416875783503,328.3829268292683,220.61707317073171
425,2,1,5,101.0,549.0,1,3,8658.0,99.60593286298295,9.823067613986474,272.6470588235294,276.3529411764706
425,2,3,3,374.0,692.0,1,1,5232.0,99.14830594370532,9.043309683674298,761.0833333333334,-69.08333333333333
426,0,0,8,303.0,826.0,0,1,1098871.0,99.90213342793729,9.981154741705524,119.41813602015114,706.5818639798489
426,0,0,8,303.0,826.0,0,2,1047317.0,99.96908629274328,9.997141567586226,127.5603448275862,698.4396551724138
426,0,0,8,303.0,826.0,0,3,51785.0,96.51766641834983,9.795428114917224,131.16666666666666,694.8333333333334
426,0,0,8,303.0,826.0,1,1,147482.0,99.9445493389272,9.869939528560996,370.3907284768212,455.6092715231788
426,0,0,8,303.0,826.0,1,2,181107.0,99.94549222663304,9.984483721632964,412.7542857142857,413.2457142857143
426,0,0,8,303.0,826.0,1,3,5525.0,93.19188798451064,9.683556955698858,395.6,430.4
426,2,1,5,101.0,549.0,0,1,73260.0,95.97415515817605,8.607907436964767,752.7272727272727,-203.72727272727272
426,2,1,5,101.0,549.0,0,2,49950.0,99.2334030546401,8.909465520249345,825.2,-276.2
426,2,1,5,101.0,549.0,0,3,3330.0,52.551024495161954,2.36191945457888,927.0,-378.0
427,0,0,8,303.0,826.0,1,1,1726.0,57.872626340930864,8.666940944148623,78.0,748.0
427,3,0,4,311.0,749.0,0,1,1046947.0,99.54195572734356,9.99488616911063,106.04899135446686,642.9510086455332
427,3,0,4,311.0,749.0,0,2,1138638.0,99.76960244663807,9.996693730417189,92.02144772117963,656.9785522788204
427,3,0,4,311.0,749.0,0,3,59232.0,98.67888737081564,9.807293942034178,98.5,650.5
427,3,0,4,311.0,749.0,1,1,184096.0,99.78533540543263,9.99677106854136,317.61394101876675,431.38605898123325
427,3,0,4,311.0,749.0,1,2,159341.0,99.55728197536848,9.993634840503576,389.2434017595308,359.7565982404692
427,3,0,4,311.0,749.0,1,3,4601.0,98.6823583449562,8.032480049167845,495.25,253.75
428,1,2,8,309.0,521.0,0,1,814763.0,99.90960680999572,9.97932113119994,75.42087542087542,445.5791245791246
428,1,2,8,309.0,521.0,0,2,897322.0,99.69195789173556,9.947672128265744,76.8273381294964,444.1726618705036
428,1,2,8,309.0,521.0,0,3,33653.0,87.96740759249128,9.884314818302904,85.27272727272727,435.72727272727275
428,1,2,8,309.0,521.0,1,1,225275.0,99.9120061268505,9.986059437523265,311.17619047619047,209.82380952380953
428,1,2,8,309.0,521.0,1,2,240868.0,99.773471070504,9.995525972111158,313.40919540229885,207.59080459770115
428,1,2,8,309.0,521.0,1,3,8230.0,98.961657793659,8.349103225402297,307.5882352941176,213.41176470588235
428,3,0,4,311.0,749.0,0,1,6510.0,85.33903798086575,8.777106990444686,165.8,583.2
429,1,2,8,309.0,521.0,0,1,56775.0,99.87776540515762,9.729462218910273,280.73333333333335,240.26666666666668
429,1,2,8,309.0,521.0,0,2,18925.0,72.68117739148163,6.9867068009812,374.6,146.4
429,3,0,5,200.0,501.0,0,1,727175.0,99.79371158848438,9.99320647275207,71.431718061674,429.568281938326
429,3,0,5,200.0,501.0,0,2,780939.0,99.52404448772448,9.896261671334356,79.80363636363636,421.1963636363636
429,3,0,5,200.0,501.0,0,3,28167.0,80.27491071224775,9.49717823042078,81.75,419.25
429,3,0,5,200.0,501.0,1,1,245423.0,99.65065582132684,9.972511430745698,331.9604166666667,169.03958333333333
429,3,0,5,200.0,501.0,1,2,182919.0,99.5041933808286,9.921841609704304,337.2834101382488,163.71658986175115
429,3,0,5,200.0,501.0,1,3,9749.0,97.73168208036566,9.771120711217083,274.05,226.95
430,2,0,5,287.0,922.0,0,1,1128713.0,99.95877553583318,9.9870867469063,101.63118811881188,820.3688118811881
430,2,0,5,287.0,922.0,0,2,1167702.0,98.68914555180676,9.993556585300452,118.77922077922078,803.2207792207793
430,2,0,5,287.0,922.0,0,3,41661.0,98.69040454226516,9.33992155869563,86.57142857142857,835.4285714285714
430,2,0,5,287.0,922.0,1,1,173098.0,99.92161949543568,9.989300736087172,366.42333333333335,555.5766666666667
430,2,0,5,287.0,922.0,1,2,168855.0,99.9680860045652,9.995775975235023,377.39171974522293,544.608280254777
430,2,0,5,287.0,922.0,1,3,7741.0,99.90991760373188,8.260814457827905,381.0769230769231,540.9230769230769
430,3,0,5,200.0,501.0,0,1,25500.0,97.4110945270313,9.265715052579448,509.94117647058823,-8.941176470588236
430,3,0,5,200.0,501.0,0,2,22500.0,99.13294121055507,9.989349676633742,652.6666666666666,-151.66666666666666
430,3,0,5,200.0,501.0,0,3,1500.0,36.3355120138914,2.112605811865016,769.0,-268.0
431,2,0,5,287.0,922.0,1,1,1266.0,73.22779883810186,7.595351258366376,140.16666666666666,781.8333333333334
431,2,0,5,454.0,793.0,0,1,821301.0,99.77241530448322,9.882524359059294,96.97213622291022,696.0278637770898
431,2,0,5,454.0,793.0,0,2,900021.0,99.89105958153986,9.999783006564542,96.49411764705883,696.5058823529412
431,2,0,5,454.0,793.0,0,3,25716.0,88.03943186737112,9.032313395924378,75.3,717.7
431,2,0,5,454.0,793.0,1,1,198343.0,99.55842827631474,9.984447053616892,363.86700767263426,429.13299232736574
431,2,0,5,454.0,793.0,1,2,186350.0,99.94367202915583,9.930787424276152,346.44919786096256,446.55080213903744
431,2,0,5,454.0,793.0,1,3,9548.0,97.243083860494,9.844264288083256,308.3333333333333,484.6666666666667
432,1,0,8,475.0,588.0,0,1,721565.0,99.63068015035314,9.97297806633007,95.87106918238993,492.12893081761007
432,1,0,8,475.0,588.0,0,2,735921.0,99.93053590657463,9.966050267023768,86.5878787878788,501.41212121212124
432,1,0,8,475.0,588.0,0,3,25632.0,99.07013157872848,9.110780896129926,64.3076923076923,523.6923076923077
432,1,0,8,475.0,588.0,1,1,223086.0,99.96428688358397,9.996709131041063,303.94087403598974,284.05912596401026
432,1,0,8,475.0,588.0,1,2,224083.0,99.82779230474736,9.978832714533423,336.41644562334216,251.58355437665782
432,1,0,8,475.0,588.0,1,3,9003.0,90.364145451438,9.83668878324741,296.46666666666664,291.53333333333336
432,2,0,5,454.0,793.0,0,1,20595.0,96.88869390505424,8.36975774687238,406.3333333333333,386.6666666666667
432,2,0,5,454.0,793.0,0,2,9611.0,50.399008153956814,8.422427714545261,561.2857142857143,231.71428571428572
433,1,0,8,475.0,588.0,0,1,18195.0,98.76659487461018,9.316830910144605,188.06666666666666,399.93333333333334
433,1,0,8,475.0,588.0,0,2,4852.0,91.41960070929396,9.2421557532483,283.5,304.5
433,2,1,0,190.0,523.0,0,1,638553.0,99.69091841832828,9.965738678034697,69.05836575875486,453.94163424124514
433,2,1,0,190.0,523.0,0,2,647470.0,99.60806786408536,9.971518081146597,67.55,455.45
433,2,1,0,190.0,523.0,0,3,27263.0,97.07356483358495,9.862838574481325,73.58333333333333,449.4166666666667
433,2,1,0,190.0,523.0,1,1,261988.0,99.970228431208,9.998565898143482,304.4488888888889,218.5511111111111
433,2,1,0,190.0,523.0,1,2,252598.0,99.96486703274752,9.995106607239588,286.47555555555556,236.52444444444444
433,2,1,0,190.0,523.0,1,3,8574.0,98.95532348482072,9.952935237611667,286.875,236.125
434,2,1,0,190.0,523.0,0,1,71970.0,75.46030425833777,9.3265555590797,535.8666666666667,-12.866666666666667
434,2,1,0,190.0,523.0,0,2,14394.0,70.40530000605551,9.086413642639693,641.6666666666666,-118.66666666666667
434,3,1,3,110.0,609.0,0,1,961791.0,99.56914633707994,9.955204738638953,79.80073800738008,529.1992619926199
434,3,1,3,110.0,609.0,0,2,821907.0,99.52625694156896,9.987272155209729,91.05035971223022,517.9496402877697
434,3,1,3,110.0,609.0,0,3,25470.0,97.19914009515396,9.847711901937933,92.55555555555556,516.4444444444445
434,3,1,3,110.0,609.0,1,1,241936.0,99.65271162111746,9.968405005566638,318.3448275862069,290.6551724137931
434,3,1,3,110.0,609.0,1,2,249533.0,99.74041733365016,9.970375974635925,335.4114942528736,273.5885057471264
434,3,1,3,110.0,609.0,1,3,10515.0,99.89195375414128,9.486152277915748,324.94736842105266,284.05263157894734
435,0,3,3,346.0,954.0,0,1,1391592.0,99.86146128992372,9.971292258133202,117.16135458167331,836.8386454183267
435,0,3,3,346.0,954.0,0,2,1296728.0,99.54478655599442,9.955891485103724,115.29847494553377,838.7015250544663
435,0,3,3,346.0,954.0,0,3,50469.0,93.88216411013218,9.50819554873743,83.0,871.0
435,0,3,3,346.0,954.0,1,1,120915.0,99.46013668230736,9.97370355327214,357.6046511627907,596.3953488372093
435,0,3,3,346.0,954.0,1,2,167968.0,99.44567567776514,9.957528975697365,340.96456692913387,613.0354330708661
435,0,3,3,346.0,954.0,1,3,4621.0,91.30432920157511,8.955810007567957,289.0,665.0
435,3,1,3,110.0,609.0,0,1,3777.0,41.49573279921903,7.183610347380098,207.33333333333334,401.6666666666667
436,0,3,3,346.0,954.0,1,1,2070.0,99.08820606511377,9.282542812102424,265.6666666666667,688.3333333333334
436,0,3,3,346.0,954.0,1,2,138.0,67.42887250384405,2.974960083958589,380.0,574.0
436,3,1,8,256.0,645.0,0,1,920900.0,99.90880446802272,9.979945146066678,88.38304093567251,556.6169590643275
436,3,1,8,256.0,645.0,0,2,1061492.0,99.89169912405038,9.964589833698628,77.29023746701847,567.7097625329816
436,3,1,8,256.0,645.0,0,3,27917.0,96.09170286062772,9.805782001301814,108.5,536.5
436,3,1,8,256.0,645.0,1,1,194090.0,99.85717759103946,9.952891481214772,277.30601092896177,367.69398907103823
436,3,1,8,256.0,645.0,1,2,176169.0,99.907075672748,9.99126778970803,291.2814371257485,353.7185628742515
436,3,1,8,256.0,645.0,1,3,8507.0,80.49293475369498,9.298108175929508,256.5625,388.4375
437,2,3,3,102.0,548.0,0,1,905347.0,99.82978363770634,9.94147980907883,82.05714285714286,465.9428571428571
437,2,3,3,102.0,548.0,0,2,761558.0,99.64631020512743,9.994878532898772,62.794238683127574,485.20576131687244
437,2,3,3,102.0,548.0,0,3,21763.0,75.65623013593103,9.536776059566058,70.42857142857143,477.57142857142856
437,2,3,3,102.0,548.0,1,1,265353.0,99.8941828513428,9.980964771377778,340.2289719626168,207.7710280373832
437,2,3,3,102.0,548.0,1,2,294939.0,99.97380896534082,9.982080532759891,321.0149253731343,226.98507462686567
437,2,3,3,102.0,548.0,1,3,12286.0,98.28909622682492,9.815958498685523,341.3333333333333,206.66666666666666
437,3,1,8,256.0,645.0,0,1,66885.0,98.88773559358148,9.999479499827917,289.06666666666666,355.93333333333334
437,3,1,8,256.0,645.0,0,2,13377.0,90.23462637560574,5.441872064888246,390.0,255.0
438,2,3,0,206.0,764.0,0,1,1000897.0,99.90851790318084,9.993255013156478,121.23728813559322,642.7627118644068
438,2,3,0,206.0,764.0,0,2,826682.0,99.99867146206816,9.966112119693694,105.71469740634005,658.2853025936599
438,2,3,0,206.0,764.0,0,3,42318.0,99.91273804513776,8.749197779362998,97.82352941176471,666.1764705882352
438,2,3,0,206.0,764.0,1,1,170316.0,99.7616762896152,9.938680341331104,376.5748299319728,387.4251700680272
438,2,3,0,206.0,764.0,1,2,211369.0,99.8305238090786,9.998178617407952,344.90677966101697,419.09322033898303
438,2,3,0,206.0,764.0,1,3,6291.0,97.3723715948408,7.878808839533695,310.8181818181818,453.1818181818182
438,2,3,3,102.0,548.0,0,1,16845.0,96.37452542849016,9.18955597377269,400.1333333333333,147.86666666666667
438,2,3,3,102.0,548.0,0,2,15722.0,97.4442994587365,9.801083941052925,571.7142857142857,-23.714285714285715
439,1,2,8,190.0,662.0,0,1,942593.0,99.93671867654024,9.976213818458374,84.9480122324159,577.0519877675841
439,1,2,8,190.0,662.0,0,2,857273.0,99.70246564617618,9.979327076621328,73.41823899371069,588.5817610062893
439,1,2,8,190.0,662.0,0,3,33671.0,99.38088976151192,8.064175481082106,67.5,594.5
439,1,2,8,190.0,662.0,1,1,206217.0,99.96129935002428,9.983426238138458,368.39841688654354,293.60158311345646
439,1,2,8,190.0,662.0,1,2,206124.0,99.99288999536137,9.97670270744497,351.2889447236181,310.7110552763819
439,1,2,8,190.0,662.0,1,3,9457.0,96.59383455992284,9.767980581808851,394.9375,267.0625
439,2,3,0,206.0,764.0,0,1,51450.0,90.56423282088356,9.607510246515568,677.7857142857143,86.21428571428571
440,0,1,2,282.0,622.0,0,1,946939.0,99.90842437507786,9.93942786413806,100.56122448979592,521.4387755102041
440,0,1,2,282.0,622.0,0,2,800049.0,99.72885468884226,9.834384841456368,78.5807560137457,543.4192439862543
440,0,1,2,282.0,622.0,0,3,36549.0,93.5034891762158,9.60255505943742,82.54545454545455,539.4545454545455
440,0,1,2,282.0,622.0,1,1,209240.0,99.76169425119076,9.988342469617375,358.8087167070218,263.1912832929782
440,0,1,2,282.0,622.0,1,2,217803.0,99.88688850997096,9.9907153045891,402.0,220.0
440,0,1,2,282.0,622.0,1,3,7131.0,96.78497422600655,9.684540876664652,368.6470588235294,253.35294117647058
440,1,2,8,190.0,662.0,1,1,12285.0,87.3639607895409,9.788874535812116,191.6,470.4
440,1,2,8,190.0,662.0,1,2,7371.0,96.71711166705028,9.528675891544722,301.0,361.0
441,0,1,2,282.0,622.0,0,1,15978.0,58.72443198634468,9.851755215078777,718.5,-96.5
441,3,0,2,195.0,893.0,0,1,1102461.0,99.95658672085348,9.917944885594046,106.16953316953317,786.8304668304668
441,3,0,2,195.0,893.0,0,2,1149935.0,99.98955733118656,9.998595381261833,117.79567307692308,775.2043269230769
441,3,0,2,195.0,893.0,0,3,40557.0,99.28951026867855,9.669488430534454,97.83333333333333,795.1666666666666
441,3,0,2,195.0,893.0,1,1,181614.0,99.273860392491,9.99943509315963,320.1915584415584,572.8084415584416
441,3,0,2,195.0,893.0,1,2,171992.0,99.03423122437763,9.99504920915278,326.6936026936027,566.3063973063973
441,3,0,2,195.0,893.0,1,3,5307.0,98.25193695317296,9.023576960432983,402.7,490.3
442,3,0,2,195.0,893.0,0,1,26634.0,87.23817934889799,9.865805454102237,344.04347826086956,548.9565217391304
442,3,0,2,195.0,893.0,0,2,17370.0,92.09154874152787,8.544340258740313,422.8666666666667,470.1333333333333
442,3,0,2,195.0,893.0,0,3,1158.0,87.95068752915883,1.272698280014889,531.0,362.0
442,3,2,7,290.0,919.0,0,1,1004050.0,99.46826561216594,9.969929264333318,122.65352112676057,796.3464788732394
442,3,2,7,290.0,919.0,0,2,939513.0,99.94378881552186,9.97935582008585,124.3177570093458,794.6822429906542
442,3,2,7,290.0,919.0,0,3,27154.0,98.2369942500908,6.798151900278903,106.88888888888889,812.1111111111111
442,3,2,7,290.0,919.0,1,1,210191.0,99.99578523685273,9.975885412311612,339.00877192982455,579.9912280701755
442,3,2,7,290.0,919.0,1,2,243578.0,99.95877866397316,9.967403550699666,383.994708994709,535.005291005291
442,3,2,7,290.0,919.0,1,3,12282.0,94.24258218275423,7.987394595474704,348.5,570.5
443,2,3,7,435.0,587.0,0,1,603025.0,99.5946286865948,9.732586565597543,75.21702127659574,511.78297872340426
443,2,3,7,435.0,587.0,0,2,668310.0,99.98324245749455,9.947374684117552,75.3688524590164,511.6311475409836
443,2,3,7,435.0,587.0,0,3,25182.0,96.8202405131268,9.853797784854208,114.11111111111111,472.8888888888889
443,2,3,7,435.0,587.0,1,1,273375.0,99.99677959494126,9.970055726078972,358.22929936305735,228.77070063694268
443,2,3,7,435.0,587.0,1,2,239818.0,99.96067946639114,9.974449996021828,367.17558886509636,219.82441113490364
443,2,3,7,435.0,587.0,1,3,8997.0,96.58095355741806,9.989662445502264,337.7894736842105,249.21052631578948
443,3,2,7,290.0,919.0,1,1,12120.0,98.38319819493242,8.235987199980851,458.93333333333334,460.06666666666666
443,3,2,7,290.0,919.0,1,2,3232.0,82.0892766591573,7.291953279691373,561.0,358.0
444,0,0,2,233.0,560.0,0,1,869690.0,99.77408145187708,9.96437830099579,79.75357142857143,480.24642857142857
444,0,0,2,233.0,560.0,0,2,994101.0,99.34204608000852,9.95370055290732,85.63777089783282,474.3622291021672
444,0,0,2,233.0,560.0,0,3,27625.0,87.51008715428931,9.498476141144405,97.22222222222223,462.77777777777777
444,0,0,2,233.0,560.0,1,1,249535.0,99.7585301543514,9.9908887226847,352.6564705882353,207.3435294117647
444,0,0,2,233.0,560.0,1,2,222984.0,99.90403477990078,9.958786700754288,347.77720207253884,212.22279792746113
444,0,0,2,233.0,560.0,1,3,11342.0,98.48733445235736,9.236052836768335,334.36842105263156,225.6315789473684
444,2,3,7,435.0,587.0,0,1,58500.0,96.8378828144512,9.61508030835678,753.5333333333333,-166.53333333333333
444,2,3,7,435.0,587.0,0,2,19500.0,87.93508618000219,6.75939617513974,855.6,-268.6
445,0,0,2,233.0,560.0,0,1,17370.0,95.07282661655132,8.713462239900547,92.8,467.2
445,0,0,2,233.0,560.0,0,2,17370.0,94.43125418749516,9.065406527275092,259.4,300.6
445,0,3,6,109.0,695.0,0,1,1021556.0,99.85109071072628,9.958088982645428,117.36363636363636,577.6363636363636
445,0,3,6,109.0,695.0,0,2,1011215.0,99.3477741969844,9.984789378149015,117.74734042553192,577.2526595744681
445,0,3,6,109.0,695.0,0,3,24056.0,87.71579854399282,9.379442244440227,107.0,588.0
445,0,3,6,109.0,695.0,1,1,163181.0,99.8779291585716,9.990268279218215,423.0672514619883,271.9327485380117
445,0,3,6,109.0,695.0,1,2,152321.0,99.95376921496322,9.997949449867347,412.7962962962963,282.2037037037037
445,0,3,6,109.0,695.0,1,3,7806.0,85.03279117554528,9.959842173602205,377.875,317.125
446,0,3,6,109.0,695.0,1,1,4770.0,81.36614656960583,8.313375809282794,589.1,105.9
446,3,2,5,364.0,982.0,0,1,1443208.0,99.76326403083188,9.993624103809616,120.44285714285714,861.5571428571428
446,3,2,5,364.0,982.0,0,2,1134001.0,99.84278642992273,9.937350765947828,130.3853427895981,851.6146572104019
446,3,2,5,364.0,982.0,0,3,46648.0,95.99967218014628,9.533265564375489,112.23529411764706,869.7647058823529
446,3,2,5,364.0,982.0,1,1,116299.0,99.73917336472516,9.963757170647048,389.6272727272727,592.3727272727273
446,3,2,5,364.0,982.0,1,2,162048.0,99.66155766263016,9.955708257418417,357.64846416382255,624.3515358361775
446,3,2,5,364.0,982.0,1,3,6760.0,97.90055183845884,9.506828356098394,255.1818181818182,726.8181818181819
447,0,1,6,79.0,954.0,0,1,1078204.0,99.88339190856092,9.997175145001025,107.51075268817205,846.489247311828
447,0,1,6,79.0,954.0,0,2,971980.0,99.83290369062593,9.99968988724156,86.23478260869565,867.7652173913043
447,0,1,6,79.0,954.0,0,3,38693.0,96.59051138009532,9.778714584780529,86.66666666666667,867.3333333333334
447,0,1,6,79.0,954.0,1,1,165119.0,99.94842244753232,9.938639872292311,341.45045045045043,612.5495495495495
447,0,1,6,79.0,954.0,1,2,172668.0,99.97300113150789,9.992219232043286,343.14606741573033,610.8539325842696
447,0,1,6,79.0,954.0,1,3,7802.0,89.01148519859362,9.14069446683605,292.6923076923077,661.3076923076923
447,3,2,5,364.0,982.0,0,1,35490.0,98.4940430754873,9.532618086322431,170.86666666666667,811.1333333333333
447,3,2,5,364.0,982.0,0,2,30758.0,96.34491999693428,8.596361616340419,303.7692307692308,678.2307692307693
448,0,1,6,79.0,954.0,0,1,57150.0,96.91089167391496,8.254844053666641,595.3333333333334,358.6666666666667
448,0,1,6,79.0,954.0,0,2,19050.0,96.35027659561364,7.536062178078742,704.2,249.8
448,0,2,3,474.0,523.0,0,1,855164.0,99.86982796677954,9.999201067929622,70.33333333333333,452.6666666666667
448,0,2,3,474.0,523.0,0,2,818027.0,99.25559633356434,9.962763228006274,89.63508771929824,433.36491228070173
448,0,2,3,474.0,523.0,0,3,41031.0,99.17789243288615,8.369907829197858,70.3076923076923,452.6923076923077
448,0,2,3,474.0,523.0,1,1,205283.0,99.94989732221649,9.968981988968052,363.8671875,159.1328125
448,0,2,3,474.0,523.0,1,2,216473.0,99.93065274015834,9.986931466439296,322.5130023640662,200.48699763593382
448,0,2,3,474.0,523.0,1,3,8229.0,97.3626063850024,9.393049818043956,402.53333333333336,120.46666666666667
449,0,2,3,474.0,523.0,1,1,3510.0,93.44851179144338,8.43479323807302,154.33333333333334,368.6666666666667
449,0,3,3,255.0,550.0,0,1,718216.0,99.7504206910019,9.986495661804508,73.7581227436823,476.2418772563177
449,0,3,3,255.0,550.0,0,2,826281.0,99.92205427817017,9.944370829795664,76.0,474.0
449,0,3,3,255.0,550.0,0,3,41331.0,95.73139495310224,9.30158163947664,99.0,451.0
449,0,3,3,255.0,550.0,1,1,228824.0,99.87694908864638,9.977975335752694,337.584686774942,212.41531322505801
449,0,3,3,255.0,550.0,1,2,237330.0,99.5432080660416,9.997379976507371,312.86013986013984,237.13986013986013
449,0,3,3,255.0,550.0,1,3,10542.0,98.62363079738122,9.804385605663237,330.625,219.375
450,0,1,8,267.0,509.0,0,1,684273.0,99.65130953478652,9.996907013331018,75.99209486166008,433.00790513833994
450,0,1,8,267.0,509.0,0,2,638516.0,99.5888263346838,9.954565159253551,75.60076045627376,433.39923954372625
450,0,1,8,267.0,509.0,0,3,22262.0,90.9900039781844,9.847229450932216,70.1,438.9
450,0,1,8,267.0,509.0,1,1,218210.0,99.98715612727328,9.982413662095592,317.2119914346895,191.7880085653105
450,0,1,8,267.0,509.0,1,2,213053.0,99.9718697569072,9.96760384480712,320.12582781456956,188.87417218543047
450,0,1,8,267.0,509.0,1,3,9405.0,98.13420316805411,8.716833708442529,327.5,181.5
450,0,3,3,255.0,550.0,0,1,7834.0,96.48957453586208,8.159859823283709,651.5,-101.5
451,0,1,8,267.0,509.0,1,1,2496.0,84.72651655320752,8.370968860148434,500.0,9.0
451,0,2,4,331.0,781.0,0,1,947278.0,99.75771529827888,9.946371662268785,95.22010869565217,685.7798913043479
451,0,2,4,331.0,781.0,0,2,1153040.0,99.77849373714396,9.999187430189034,91.0781990521327,689.9218009478673
451,0,2,4,331.0,781.0,0,3,41920.0,94.63154494943882,9.650653933132476,69.5,711.5
451,0,2,4,331.0,781.0,1,1,203449.0,99.77088418039584,9.86810710470616,273.1676300578035,507.8323699421965
451,0,2,4,331.0,781.0,1,2,147131.0,99.660806339154,9.982295265227291,262.15699658703073,518.8430034129693
451,0,2,4,331.0,781.0,1,3,8885.0,95.57402383547964,8.585304161201606,233.64285714285714,547.3571428571429
452,0,2,4,331.0,781.0,0,1,48288.0,98.58787987020186,9.966497990788676,144.16666666666666,636.8333333333334
452,1,0,2,488.0,579.0,0,1,764247.0,99.95037742782692,9.989381130494255,83.9783393501805,495.02166064981947
452,1,0,2,488.0,579.0,0,2,800376.0,99.61514712886292,9.940245362766492,88.99346405228758,490.0065359477124
452,1,0,2,488.0,579.0,0,3,36373.0,94.55324289803278,8.28225093722778,106.16666666666667,472.8333333333333
452,1,0,2,488.0,579.0,1,1,243336.0,99.83360211945238,9.998232596315503,392.2863741339492,186.71362586605082
452,1,0,2,488.0,579.0,1,2,214472.0,99.76992950919448,9.96968024156336,373.9779411764706,205.02205882352942
452,1,0,2,488.0,579.0,1,3,9622.0,98.33882986393344,9.808598258024816,361.5625,217.4375
453,1,0,2,488.0,579.0,1,1,354.0,64.73512926850754,5.127063543927171,539.0,40.0
453,1,3,3,257.0,709.0,0,1,1045965.0,99.76365200353416,9.996476233917356,88.40942928039702,620.590570719603
453,1,3,3,257.0,709.0,0,2,800463.0,99.89784375157254,9.99437983580642,104.2112211221122,604.7887788778878
453,1,3,3,257.0,709.0,0,3,33940.0,92.95196352125534,9.85019530412312,49.92307692307692,659.0769230769231
453,1,3,3,257.0,709.0,1,1,165315.0,99.75894208714732,9.977991705330991,380.02222222222224,328.97777777777776
453,1,3,3,257.0,709.0,1,2,221260.0,99.68665695611678,9.968427935826856,338.0170731707317,370.9829268292683
453,1,3,3,257.0,709.0,1,3,7318.0,91.86475948880182,9.82961574900607,338.06666666666666,370.93333333333334
454,1,2,7,186.0,571.0,0,1,773053.0,99.65758022867068,9.9502038065037,95.10835913312694,475.89164086687305
454,1,2,7,186.0,571.0,0,2,610571.0,99.86600761673732,9.976063521494265,68.28629032258064,502.71370967741933
454,1,2,7,186.0,571.0,0,3,21382.0,99.62669617493412,8.201157856628257,84.5,486.5
454,1,2,7,186.0,571.0,1,1,236243.0,99.90875791637424,9.99141756530162,320.4092071611253,250.59079283887468
454,1,2,7,186.0,571.0,1,2,276467.0,99.75047114557694,9.996505669223746,323.5429184549356,247.45708154506437
454,1,2,7,186.0,571.0,1,3,11388.0,96.05011454799308,9.919119884349714,290.1666666666667,280.8333333333333
454,1,3,3,257.0,709.0,1,1,4707.0,98.93261675484622,9.879735392053306,733.2222222222222,-24.22222222222222
455,0,0,3,117.0,894.0,0,1,1104983.0,99.47610088805295,9.975785941515,116.96717171717172,777.0328282828283
455,0,0,3,117.0,894.0,0,2,1351827.0,99.90984428204872,9.99792847625926,104.83981693363845,789.1601830663616
455,0,0,3,117.0,894.0,0,3,49600.0,91.03103792482852,8.402545875296951,116.9375,777.0625
455,0,0,3,117.0,894.0,1,1,172264.0,99.74668144337782,9.98872672308492,385.0809061488673,508.9190938511327
455,0,0,3,117.0,894.0,1,2,145130.0,99.89785291129576,9.951873125620036,415.25954198473283,478.74045801526717
455,0,0,3,117.0,894.0,1,3,6050.0,99.56891385959096,8.797055879672744,390.8181818181818,503.1818181818182
455,1,2,7,186.0,571.0,0,1,38048.0,94.60201360725068,9.824850575138782,130.5,440.5
455,1,2,7,186.0,571.0,0,2,35670.0,60.38539110904552,8.243948101191897,281.6666666666667,289.3333333333333
455,1,2,7,186.0,571.0,0,3,2378.0,29.658600326127317,7.825845153320625,396.0,175.0
456,0,0,3,117.0,894.0,0,1,57900.0,94.362442748573,9.367375393018904,346.1666666666667,547.8333333333334
456,0,3,1,163.0,752.0,0,1,903248.0,98.91395420025636,9.99176624951311,97.10979228486647,654.8902077151336
456,0,3,1,163.0,752.0,0,2,773129.0,99.63413463022708,9.95482634941222,94.57509157509158,657.4249084249084
456,0,3,1,163.0,752.0,0,3,32217.0,89.2412820790108,8.415571170396206,67.5,684.5
456,0,3,1,163.0,752.0,1,1,201855.0,99.64777154401176,9.958022789580465,441.5241935483871,310.4758064516129
456,0,3,1,163.0,752.0,1,2,249932.0,99.99756783274069,9.976850990371783,419.4920993227991,332.5079006772009
456,0,3,1,163.0,752.0,1,3,8089.0,97.21508766991174,9.2406789933973,365.8125,386.1875
457,0,3,1,163.0,752.0,0,1,16956.0,52.82560284127031,6.99760664624946,398.5,353.5
457,3,2,4,133.0,743.0,0,1,936503.0,99.97464808963402,9.978960969744552,98.92493297587131,644.0750670241287
457,3,2,4,133.0,743.0,0,2,1177529.0,99.99731702959237,9.94815148331054,106.17865429234338,636.8213457076566
457,3,2,4,133.0,743.0,0,3,47137.0,90.19158862714735,9.539025275285963,126.21052631578948,616.7894736842105
457,3,2,4,133.0,743.0,1,1,217432.0,99.68490993256084,9.97177423437246,272.536231884058,470.463768115942
457,3,2,4,133.0,743.0,1,2,192773.0,99.21857425708666,9.98976073571226,308.2304964539007,434.7695035460993
457,3,2,4,133.0,743.0,1,3,7333.0,96.84557529356556,7.2539425110778435,271.5,471.5
458,3,1,3,261.0,865.0,0,1,898899.0,99.90556437421144,9.99959561662996,104.52974504249292,760.4702549575071
458,3,1,3,261.0,865.0,0,2,1069019.0,99.97033805048572,9.94019896071002,99.35526315789474,765.6447368421053
458,3,1,3,261.0,865.0,0,3,36331.0,86.32333627493098,8.643043661780242,117.15384615384616,747.8461538461538
458,3,1,3,261.0,865.0,1,1,216063.0,99.7803485106678,9.995111431345808,361.54341736694676,503.45658263305324
458,3,1,3,261.0,865.0,1,2,197616.0,99.81695894325802,9.993098377777098,338.90746268656716,526.0925373134328
458,3,1,3,261.0,865.0,1,3,9179.0,99.10298131258922,9.41008206881384,331.8,533.2
458,3,2,4,133.0,743.0,1,1,6699.0,79.14321995678723,9.783960006040749,325.90909090909093,417.09090909090907
459,1,2,5,495.0,520.0,0,1,649018.0,98.92231456646527,9.962456206788003,89.22222222222223,430.77777777777777
459,1,2,5,495.0,520.0,0,2,906622.0,99.9358088956731,9.989047448798758,77.31683168316832,442.6831683168317
459,1,2,5,495.0,520.0,0,3,21396.0,91.91973476493963,9.105873642126356,104.55555555555556,415.44444444444446
459,1,2,5,495.0,520.0,1,1,235855.0,99.79161081899916,9.9958223833826,333.42616033755274,186.57383966244726
459,1,2,5,495.0,520.0,1,2,201945.0,99.55103662230069,9.99060932811912,326.0935960591133,193.9064039408867
459,1,2,5,495.0,520.0,1,3,10945.0,99.84593052223218,8.753615495957225,344.7368421052632,175.26315789473685
459,3,1,3,261.0,865.0,1,1,13695.0,99.28306719192103,7.3232389497215,114.2,750.8
459,3,1,3,261.0,865.0,1,2,5478.0,88.35892188294095,9.330054310760564,233.83333333333334,631.1666666666666
460,1,2,5,495.0,520.0,0,1,7850.0,82.4057016241754,8.0803531780639,555.4,-35.4
460,2,1,3,291.0,745.0,0,1,586515.0,99.4717843297358,9.987794843072416,83.22178988326849,661.7782101167315
460,2,1,3,291.0,745.0,0,2,875215.0,99.9470856952034,9.984343270066947,120.01347708894879,624.9865229110512
460,2,1,3,291.0,745.0,0,3,23291.0,95.18860559263123,9.33638210794362,84.1,660.9
460,2,1,3,291.0,745.0,1,1,239732.0,99.93208944302724,9.99493830953668,400.5218340611354,344.4781659388646
460,2,1,3,291.0,745.0,1,2,186642.0,99.87124712971992,9.99954523775191,511.219298245614,233.78070175438597
460,2,1,3,291.0,745.0,1,3,9397.0,98.20381419240118,9.780382970903725,463.55555555555554,281.44444444444446
461,2,1,3,291.0,745.0,1,1,2232.0,97.47362916338884,9.446248733694537,816.2222222222222,-71.22222222222223
461,2,1,3,291.0,745.0,1,2,1860.0,94.21859511151575,9.789126550482816,923.0666666666667,-178.06666666666666
461,2,1,3,291.0,745.0,1,3,124.0,65.97359416509914,2.5096573970184064,1040.0,-295.0
461,3,3,1,297.0,961.0,0,1,933019.0,99.50877836603767,9.984313407847624,120.28715365239294,840.7128463476071
461,3,3,1,297.0,961.0,0,2,1024518.0,99.81055182804484,9.985168452600238,120.29336734693878,840.7066326530612
461,3,3,1,297.0,961.0,0,3,31496.0,98.21255395686184,9.537275628971084,96.0,865.0
461,3,3,1,297.0,961.0,1,1,168965.0,99.89107863910708,9.98129096348054,424.94426229508196,536.055737704918
461,3,3,1,297.0,961.0,1,2,168728.0,99.9833684575217,9.963162774422154,410.29411764705884,550.7058823529412
461,3,3,1,297.0,961.0,1,3,7057.0,99.86115974085136,9.934017000689806,460.0,501.0
462,3,0,5,268.0,565.0,0,1,691858.0,99.4886556472742,9.923769944650104,60.63295880149813,504.36704119850185
462,3,0,5,268.0,565.0,0,2,790950.0,99.13626483145848,9.870716613718027,84.51748251748252,480.4825174825175
462,3,0,5,268.0,565.0,0,3,35087.0,76.37677272699578,9.841788553539253,62.5,502.5
462,3,0,5,268.0,565.0,1,1,250456.0,99.87388478154364,9.995836281732224,334.52272727272725,230.47727272727272
462,3,0,5,268.0,565.0,1,2,256722.0,99.81547095540937,9.987316873922024,322.9953596287703,242.0046403712297
462,3,0,5,268.0,565.0,1,3,10692.0,98.90706660431644,9.414186857651591,339.875,225.125
462,3,3,1,297.0,961.0,0,1,8550.0,99.69966738899856,8.41822925979072,274.1333333333333,686.8666666666667
463,0,2,2,479.0,787.0,0,1,1268457.0,99.96355992680922,9.995374131826413,93.54929577464789,693.4507042253521
463,0,2,2,479.0,787.0,0,2,1015674.0,99.88039275668356,9.916266490473015,108.7457627118644,678.2542372881356
463,0,2,2,479.0,787.0,0,3,37390.0,93.1061362578582,9.941424313214902,123.54545454545455,663.4545454545455
463,0,2,2,479.0,787.0,1,1,177356.0,99.64888077292784,9.977338602105911,328.9657534246575,458.0342465753425
463,0,2,2,479.0,787.0,1,2,211280.0,99.70088074373552,9.98279353119106,258.2646239554318,528.7353760445683
463,0,2,2,479.0,787.0,1,3,9781.0,94.75821727692656,9.988232868850751,246.35294117647058,540.6470588235294
463,3,0,5,268.0,565.0,0,1,13089.0,92.3452939604862,8.742207370894068,676.3333333333334,-111.33333333333333
464,0,2,2,479.0,787.0,1,1,2808.0,93.6454659327096,9.291871967591051,306.38461538461536,480.61538461538464
464,2,0,8,173.0,783.0,0,1,1028536.0,99.90302934555204,9.964771375572068,130.3671497584541,652.6328502415458
464,2,0,8,173.0,783.0,0,2,810430.0,99.92979470449949,9.923881817851155,113.04878048780488,669.9512195121952
464,2,0,8,173.0,783.0,0,3,29500.0,97.63580715354168,9.11963278076257,118.0,665.0
464,2,0,8,173.0,783.0,1,1,190611.0,99.94072497207998,9.933195405880696,352.31972789115645,430.68027210884355
464,2,0,8,173.0,783.0,1,2,250051.0,99.59404485241036,9.914265859074623,356.0,427.0
464,2,0,8,173.0,783.0,1,3,11223.0,99.10165115355612,9.624990360839131,367.06666666666666,415.93333333333334
465,2,0,8,173.0,783.0,0,1,50550.0,92.8382117667445,9.898589921077962,129.93333333333334,653.0666666666667
465,2,0,8,173.0,783.0,0,2,3370.0,91.62390699481148,6.998507193047336,209.0,574.0
465,2,3,1,55.0,950.0,0,1,1235040.0,99.51756963496284,9.956929247818373,134.7921478060046,815.2078521939953
465,2,3,1,55.0,950.0,0,2,1175245.0,99.90481095205648,9.980926992632469,125.79236276849642,824.2076372315036
465,2,3,1,55.0,950.0,0,3,50675.0,90.16252969078374,8.958225305695782,121.17647058823529,828.8235294117648
465,2,3,1,55.0,950.0,1,1,159767.0,99.85328574409576,9.995024645069666,356.2007299270073,593.7992700729927
465,2,3,1,55.0,950.0,1,2,158352.0,99.45620073696172,9.953906627514831,328.1672354948806,621.8327645051195
465,2,3,1,55.0,950.0,1,3,6385.0,99.17678306103024,8.702122921908442,330.72727272727275,619.2727272727273
466,0,3,8,144.0,536.0,0,1,674774.0,99.8302658729183,9.976095315220665,69.16363636363636,466.8363636363636
466,0,3,8,144.0,536.0,0,2,831572.0,99.86332086693422,9.910621081667935,79.21453287197232,456.7854671280277
466,0,3,8,144.0,536.0,0,3,20007.0,74.66567134033687,9.312821711860234,76.8,459.2
466,0,3,8,144.0,536.0,1,1,245619.0,99.67632512200764,9.984754699103492,260.2771362586605,275.7228637413395
466,0,3,8,144.0,536.0,1,2,225073.0,99.89761821348206,9.996469782230994,268.9311163895487,267.0688836104513
466,0,3,8,144.0,536.0,1,3,10232.0,98.18075990276571,9.606870944860225,283.3333333333333,252.66666666666666
466,2,3,1,55.0,950.0,0,1,50970.0,91.41038968868644,9.186709265000015,521.4666666666667,428.53333333333336
466,2,3,1,55.0,950.0,0,2,13592.0,61.32467621424305,8.269454026801625,627.0,323.0
467,0,3,3,380.0,770.0,0,1,834161.0,99.94834298754924,9.952659047581708,99.04794520547945,670.9520547945206
467,0,3,3,380.0,770.0,0,2,1030276.0,99.9071650591648,9.933951632756155,75.14117647058823,694.8588235294118
467,0,3,3,380.0,770.0,0,3,40535.0,97.7614601154898,9.975701419164835,91.78571428571429,678.2142857142857
467,0,3,3,380.0,770.0,1,1,206762.0,99.8546759115694,9.997405394103335,416.29297820823246,353.70702179176754
467,0,3,3,380.0,770.0,1,2,177544.0,99.63135820867848,9.920249100536036,449.39247311827955,320.60752688172045
467,0,3,3,380.0,770.0,1,3,6345.0,89.75782540872528,9.623001403294944,350.85714285714283,419.14285714285717
467,0,3,8,144.0,536.0,1,1,1695.0,99.37262871271254,9.546020098328054,159.8,376.2
467,0,3,8,144.0,536.0,1,2,226.0,76.41614189470366,5.051622379527587,256.0,280.0
468,0,3,3,380.0,770.0,0,1,25578.0,97.11817633208882,8.162114638970293,759.2222222222222,10.777777777777779
468,1,3,5,104.0,621.0,0,1,1151238.0,99.70782284335696,9.992642546925458,92.71463414634147,528.2853658536585
468,1,3,5,104.0,621.0,0,2,973428.0,99.8360485885791,9.959809691051,89.12979351032449,531.8702064896755
468,1,3,5,104.0,621.0,0,3,53495.0,91.71129315122457,9.134659575369929,54.10526315789474,566.8947368421053
468,1,3,5,104.0,621.0,1,1,130624.0,99.71082730583764,9.996273672585325,336.13621262458474,284.86378737541526
468,1,3,5,104.0,621.0,1,2,190809.0,99.47692535999852,9.968418287893318,325.552,295.448
468,1,3,5,104.0,621.0,1,3,3036.0,92.97141412570518,9.38226494081717,326.1111111111111,294.8888888888889
469,1,3,5,104.0,621.0,0,1,9390.0,99.95038184103994,8.791350079400784,703.6,-82.6
469,1,3,5,104.0,621.0,0,2,6886.0,97.4192890700738,9.597369656086933,870.3636363636364,-249.36363636363637
469,2,2,3,80.0,842.0,0,1,1116926.0,99.84063586077652,9.997577795456907,110.6984126984127,731.3015873015873
469,2,2,3,80.0,842.0,0,2,1118457.0,99.89982203119148,9.947811819928782,121.02588235294118,720.9741176470588
469,2,2,3,80.0,842.0,0,3,36214.0,97.6659377395682,9.561386945754563,117.1875,724.8125
469,2,2,3,80.0,842.0,1,1,124210.0,99.76275761779507,9.974527473826186,306.98490566037736,535.0150943396227
469,2,2,3,80.0,842.0,1,2,151590.0,99.9282097379938,9.971070529141542,293.49642857142857,548.5035714285714
469,2,2,3,80.0,842.0,1,3,6441.0,91.57811277967016,9.988971488076627,322.1666666666667,519.8333333333334
470,0,2,1,380.0,691.0,0,1,618090.0,99.53191131002124,9.911288102817236,90.75,600.25
470,0,2,1,380.0,691.0,0,2,901797.0,99.77842694391984,9.974466617087964,80.57507987220447,610.4249201277955
470,0,2,1,380.0,691.0,0,3,35653.0,98.4329370421859,9.04981934213035,129.0,562.0
470,0,2,1,380.0,691.0,1,1,267574.0,99.67637928131084,9.982334661490146,387.28629856850716,303.71370143149284
470,0,2,1,380.0,691.0,1,2,214248.0,99.96224570381024,9.979089227964105,392.62626262626264,298.37373737373736
470,0,2,1,380.0,691.0,1,3,8678.0,95.8398908189949,9.771179447666716,365.3529411764706,325.6470588235294
470,2,2,3,80.0,842.0,1,1,8115.0,84.05125319970796,9.76729529940071,220.13333333333333,621.8666666666667
470,2,2,3,80.0,842.0,1,2,2164.0,93.7731202732278,8.303580077477013,318.5,523.5
471,0,2,1,380.0,691.0,0,1,84024.0,97.76711651773267,9.4159759501381,861.925925925926,-170.92592592592592
471,0,2,1,380.0,691.0,0,2,46680.0,87.11136867356502,9.727938960120389,875.4,-184.4
471,0,2,1,380.0,691.0,0,3,3112.0,63.017819124091965,4.557023095236245,979.0,-288.0
471,3,1,4,229.0,882.0,0,1,856561.0,99.97507911039057,9.98682147743978,105.65527950310559,776.3447204968944
471,3,1,4,229.0,882.0,0,2,943067.0,99.90531539711904,9.956472829646476,102.32732732732732,779.6726726726727
471,3,1,4,229.0,882.0,0,3,30607.0,95.6138911687334,9.376812340655206,120.54545454545455,761.4545454545455
471,3,1,4,229.0,882.0,1,1,248678.0,99.79407619692724,9.99691569393628,451.63978494623655,430.36021505376345
471,3,1,4,229.0,882.0,1,2,239720.0,99.91112227254048,9.986394484030969,464.60109289617486,417.39890710382514
471,3,1,4,229.0,882.0,1,3,10040.0,92.20230159114746,9.881952375682262,488.125,393.875
472,1,3,8,479.0,604.0,0,1,892078.0,99.99168517363768,9.953025633632818,88.57728706624606,515.4227129337539
472,1,3,8,479.0,604.0,0,2,883476.0,99.06201952114814,9.961144615183429,91.03105590062111,512.9689440993789
472,1,3,8,479.0,604.0,0,3,21380.0,76.17384185541823,9.387999893132024,97.0,507.0
472,1,3,8,479.0,604.0,1,1,232496.0,99.7584998792114,9.992539031381211,304.3151364764268,299.6848635235732
472,1,3,8,479.0,604.0,1,2,226673.0,99.37807594387893,9.973116109080005,340.1918158567775,263.8081841432225
472,1,3,8,479.0,604.0,1,3,9685.0,97.4830765578244,9.857639493766232,305.2631578947368,298.7368421052632
472,3,1,4,229.0,882.0,0,1,770.0,91.4238460172665,1.1842082472955595,111.0,771.0
473,0,2,8,426.0,661.0,0,1,940034.0,99.85771478898496,9.999035167717803,102.90548780487805,558.094512195122
473,0,2,8,426.0,661.0,0,2,917858.0,99.82234352828912,9.998708032148183,99.80415430267063,561.1958456973293
473,0,2,8,426.0,661.0,0,3,30043.0,87.99194791117715,9.824026469523035,131.6,529.4
473,0,2,8,426.0,661.0,1,1,181917.0,99.85807206286424,9.95535128847822,374.2909090909091,286.7090909090909
473,0,2,8,426.0,661.0,1,2,189191.0,99.97658366387768,9.9584670274867,364.7082228116711,296.2917771883289
473,0,2,8,426.0,661.0,1,3,9806.0,92.88374571198936,9.741530353640224,295.6111111111111,365.3888888888889
473,1,3,8,479.0,604.0,1,1,3584.0,85.72419612962044,9.859210673554363,194.0,410.0
474,0,2,8,426.0,661.0,1,1,3885.0,99.129267633236,9.90168871430515,203.13333333333333,457.8666666666667
474,0,2,8,426.0,661.0,1,2,3626.0,95.63675073667544,9.719828737072596,383.5,277.5
474,3,1,6,499.0,940.0,0,1,907931.0,99.9881033058848,9.9976305940022,105.44389027431421,834.5561097256858
474,3,1,6,499.0,940.0,0,2,891447.0,99.98596426281924,9.933815769698112,114.57033248081841,825.4296675191816
474,3,1,6,499.0,940.0,0,3,31259.0,99.11276733610728,9.31737135603173,103.53333333333333,836.4666666666667
474,3,1,6,499.0,940.0,1,1,165920.0,99.9119034262067,9.858052360315051,385.42763157894734,554.5723684210526
474,3,1,6,499.0,940.0,1,2,174310.0,99.9495801236705,9.991333381604845,413.4707792207792,526.5292207792207
474,3,1,6,499.0,940.0,1,3,8099.0,99.60046336031766,9.54969115871757,368.6923076923077,571.3076923076923
475,2,0,7,413.0,617.0,0,1,864749.0,99.96965560152456,9.969902498950054,76.74698795180723,540.2530120481928
475,2,0,7,413.0,617.0,0,2,706442.0,99.73465509820696,9.891716684155588,87.06122448979592,529.9387755102041
475,2,0,7,413.0,617.0,0,3,17635.0,74.32332550085053,9.121827600795005,70.28571428571429,546.7142857142857
475,2,0,7,413.0,617.0,1,1,202456.0,99.9371214572243,9.950419062014948,352.83247422680415,264.16752577319585
475,2,0,7,413.0,617.0,1,2,206256.0,99.86715241825284,9.97793162496336,330.78622327790976,286.21377672209024
475,2,0,7,413.0,617.0,1,3,11239.0,98.32010849509238,9.827159349702615,268.6190476190476,348.3809523809524
475,3,1,6,499.0,940.0,0,1,3179.0,78.29226171253967,7.58610858385167,502.0,438.0
476,2,0,7,413.0,617.0,1,1,1658.0,79.95860736127553,5.725245148025717,291.5,325.5
476,2,2,2,252.0,525.0,0,1,733188.0,99.88587002546257,9.938168610018256,78.32592592592593,446.6740740740741
476,2,2,2,252.0,525.0,0,2,449148.0,99.95648277970452,9.975944997938353,68.04395604395604,456.95604395604397
476,2,2,2,252.0,525.0,0,3,19851.0,95.3874303215902,9.640880826263656,68.3,456.7
476,2,2,2,252.0,525.0,1,1,238008.0,99.93491448747746,9.994242052465854,360.7,164.3
476,2,2,2,252.0,525.0,1,2,281062.0,99.88793142280886,9.991551083948996,334.7048872180451,190.29511278195488
476,2,2,2,252.0,525.0,1,3,10989.0,96.16348626178284,9.79743574860776,398.1111111111111,126.88888888888889
477,1,0,5,103.0,939.0,0,1,986950.0,99.9440959566482,9.90092127821758,119.58056265984655,819.4194373401534
477,1,0,5,103.0,939.0,0,2,969938.0,99.88178621953452,9.97978893511346,94.19949494949495,844.8005050505051
477,1,0,5,103.0,939.0,0,3,23398.0,93.73713684346272,9.04683652932231,116.36363636363636,822.6363636363636
477,1,0,5,103.0,939.0,1,1,163755.0,99.82201109486496,9.989772935947986,346.3312101910828,592.6687898089172
477,1,0,5,103.0,939.0,1,2,158498.0,99.60818468731355,9.921854729063265,355.442996742671,583.557003257329
477,1,0,5,103.0,939.0,1,3,8143.0,94.85792497748628,9.630493285578591,404.29411764705884,534.7058823529412
477,2,2,2,252.0,525.0,0,1,54270.0,85.97066074063562,9.76774227817416,119.13333333333334,405.8666666666667
477,2,2,2,252.0,525.0,0,2,36180.0,92.59038420413572,8.535926527669423,271.9,253.1
478,0,3,7,154.0,831.0,0,1,1109304.0,99.96784957453865,9.95837962305288,116.9922480620155,714.0077519379845
478,0,3,7,154.0,831.0,0,2,1066820.0,99.72097829504276,9.998716681469332,125.73551637279597,705.2644836272041
478,0,3,7,154.0,831.0,0,3,50451.0,99.92297034507072,9.908740444649077,126.16666666666667,704.8333333333334
478,0,3,7,154.0,831.0,1,1,157399.0,99.71866656814828,9.976473612757053,359.14596273291926,471.85403726708074
478,0,3,7,154.0,831.0,1,2,164645.0,99.55815749716648,9.94245788626557,336.3753943217666,494.6246056782334
478,0,3,7,154.0,831.0,1,3,5126.0,93.21939117256846,8.712599416786698,377.4,453.6
478,1,0,5,103.0,939.0,1,1,9456.0,92.83837730219504,9.56431597388219,665.0833333333334,273.9166666666667
479,0,2,1,497.0,523.0,0,1,700123.0,99.66130515336044,9.999975046999449,100.72401433691756,422.27598566308245
479,0,2,1,497.0,523.0,0,2,702913.0,99.58968579070712,9.99847947796516,82.87456445993031,440.1254355400697
479,0,2,1,497.0,523.0,0,3,30285.0,98.7148488666192,9.344300207494882,91.71428571428571,431.2857142857143
479,0,2,1,497.0,523.0,1,1,189894.0,99.56626847289456,9.975106021901851,323.5325581395349,199.46744186046513
479,0,2,1,497.0,523.0,1,2,209583.0,99.67709231849436,9.97314417835886,298.76,224.24
479,0,2,1,497.0,523.0,1,3,6108.0,99.47294015797988,8.818885811450112,277.2142857142857,245.78571428571428
479,0,3,7,154.0,831.0,1,1,8460.0,93.92528446746466,9.66027839506554,733.7333333333333,97.26666666666667
479,0,3,7,154.0,831.0,1,2,2256.0,83.35296856661853,7.333815665776829,810.75,20.25
480,0,2,1,497.0,523.0,1,1,13380.0,99.07648095518384,9.047095571905132,542.8,-19.8
480,0,2,1,497.0,523.0,1,2,8028.0,96.22935613866176,9.94278977017707,667.1111111111111,-144.11111111111111
480,0,2,9,441.0,908.0,0,1,892995.0,99.93778202135826,9.945981920695152,122.0192926045016,785.9807073954984
480,0,2,9,441.0,908.0,0,2,1048347.0,99.4539916714268,9.931223517958031,122.80579710144927,785.1942028985508
480,0,2,9,441.0,908.0,0,3,38552.0,93.09677517943592,9.661052273797702,103.78571428571429,804.2142857142857
480,0,2,9,441.0,908.0,1,1,198573.0,99.62948801364928,9.999284788556352,516.8984771573604,391.1015228426396
480,0,2,9,441.0,908.0,1,2,198977.0,99.66497214916949,9.960213254797557,543.2033426183845,364.7966573816156
480,0,2,9,441.0,908.0,1,3,5689.0,99.95873054129736,9.944200973873702,496.42857142857144,411.57142857142856
481,0,2,9,441.0,908.0,0,1,8505.0,86.74572470180232,9.451718024251202,474.2,433.8
481,3,1,1,218.0,877.0,0,1,1129322.0,99.447201646431,9.9961634306483,95.695,781.305
481,3,1,1,218.0,877.0,0,2,1042561.0,99.20504405674576,9.936178865833751,100.72853185595568,776.2714681440443
481,3,1,1,218.0,877.0,0,3,59067.0,91.58730351679066,8.583342160314686,57.26315789473684,819.7368421052631
481,3,1,1,218.0,877.0,1,1,179487.0,99.87400580866836,9.985506855215988,494.24367088607596,382.75632911392404
481,3,1,1,218.0,877.0,1,2,208306.0,99.93677588282682,9.935999817383133,429.1643059490085,447.8356940509915
481,3,1,1,218.0,877.0,1,3,6326.0,94.95632635681032,9.481226729413578,466.77777777777777,410.22222222222223
482,0,1,5,162.0,668.0,0,1,972137.0,99.54060055525125,9.975847066734,91.57348703170028,576.4265129682997
482,0,1,5,162.0,668.0,0,2,1038096.0,99.83662202765254,9.996638709308014,101.08882521489971,566.9111747851003
482,0,1,5,162.0,668.0,0,3,40433.0,98.96502222178164,9.090050121292569,80.3125,587.6875
482,0,1,5,162.0,668.0,1,1,188858.0,99.9429451026494,9.999783649562076,375.28055555555557,292.71944444444443
482,0,1,5,162.0,668.0,1,2,187646.0,99.83624296582865,9.99986910086714,352.84507042253523,315.15492957746477
482,0,1,5,162.0,668.0,1,3,7004.0,97.91148748059878,9.85381835480631,384.5,283.5
482,3,1,1,218.0,877.0,0,1,60735.0,97.57674792565122,8.819561909285616,571.8666666666667,305.1333333333333
482,3,1,1,218.0,877.0,0,2,40490.0,99.39875857448898,8.978344306069893,757.9,119.1
483,0,1,5,162.0,668.0,0,1,66615.0,97.56170766643208,9.999350071576949,271.3333333333333,396.6666666666667
483,0,1,5,162.0,668.0,0,2,57733.0,98.40188866747276,9.804368797556377,398.3076923076923,269.6923076923077
483,3,0,0,320.0,855.0,0,1,996984.0,99.85286888454804,9.951753008508565,130.62576687116564,724.3742331288344
483,3,0,0,320.0,855.0,0,2,1250607.0,99.96904127420775,9.997044631563645,106.02088772845953,748.9791122715404
483,3,0,0,320.0,855.0,0,3,45073.0,91.91919130061252,9.87801355274945,150.23076923076923,704.7692307692307
483,3,0,0,320.0,855.0,1,1,201202.0,99.85349766858351,9.957277817735502,404.52242744063324,450.47757255936676
483,3,0,0,320.0,855.0,1,2,179825.0,99.92515601128808,9.89567767742462,443.5691823899371,411.4308176100629
483,3,0,0,320.0,855.0,1,3,7038.0,99.02188323063582,9.695065278173402,373.26666666666665,481.73333333333335
484,1,3,9,396.0,686.0,0,1,894774.0,99.94849019896554,9.991925887189156,88.98050139275766,597.0194986072423
484,1,3,9,396.0,686.0,0,2,850623.0,99.90858567257868,9.954574508656314,74.58385093167702,611.416149068323
484,1,3,9,396.0,686.0,0,3,36639.0,97.35331525093822,9.391358488276673,99.53846153846153,586.4615384615385
484,1,3,9,396.0,686.0,1,1,205638.0,99.93207919496136,9.953812354270436,317.5734463276836,368.4265536723164
484,1,3,9,396.0,686.0,1,2,219584.0,99.99437887853244,9.953276054026732,333.31632653061223,352.68367346938777
484,1,3,9,396.0,686.0,1,3,8318.0,98.70285960863146,9.868677924777252,357.8,328.2
484,3,0,0,320.0,855.0,0,1,42219.0,99.76171017194196,8.753242971711035,147.77777777777777,707.2222222222222
485,1,0,9,50.0,845.0,0,1,1081251.0,99.83648618151337,9.913402515992315,127.5706940874036,717.4293059125964
485,1,0,9,50.0,845.0,0,2,1120283.0,99.98704850769488,9.98506682100002,111.92558139534884,733.0744186046512
485,1,0,9,50.0,845.0,0,3,47447.0,99.17007964846424,9.715147156982416,135.0,710.0
485,1,0,9,50.0,845.0,1,1,184603.0,99.49614610683292,9.98320898149428,303.9909638554217,541.0090361445783
485,1,0,9,50.0,845.0,1,2,167466.0,99.7926905927071,9.91323398758303,315.36042402826854,529.6395759717315
485,1,0,9,50.0,845.0,1,3,7683.0,80.0427574996641,9.868524528409775,351.1666666666667,493.8333333333333
486,1,0,9,50.0,845.0,1,1,493.0,29.63405787036475,3.3060042969294754,56.0,789.0
486,3,3,1,77.0,976.0,0,1,859001.0,99.95393108985348,9.981975101122398,106.77746478873239,869.2225352112677
486,3,3,1,77.0,976.0,0,2,784654.0,99.87977533081944,9.99618670137652,119.89728096676737,856.1027190332326
486,3,3,1,77.0,976.0,0,3,27552.0,97.99990956452804,8.392120890880104,107.42857142857143,868.5714285714286
486,3,3,1,77.0,976.0,1,1,213249.0,98.79307834721352,9.9067562401686,414.92328767123286,561.0767123287671
486,3,3,1,77.0,976.0,1,2,224677.0,99.90757979879824,9.96199672214836,421.0260416666667,554.9739583333334
486,3,3,1,77.0,976.0,1,3,6903.0,99.90895221533114,9.798968700641293,331.2142857142857,644.7857142857143
487,1,3,7,121.0,626.0,0,1,913804.0,99.6647629571731,9.919030843377891,83.90801186943621,542.0919881305638
487,1,3,7,121.0,626.0,0,2,858130.0,99.59938009962208,9.971249833186896,109.60443037974683,516.3955696202531
487,1,3,7,121.0,626.0,0,3,24413.0,83.08586988291154,8.853991255703324,103.5,522.5
487,1,3,7,121.0,626.0,1,1,208672.0,99.81640656683685,9.93027368870768,327.85483870967744,298.14516129032256
487,1,3,7,121.0,626.0,1,2,222139.0,99.6945694666538,9.9745307176059,344.8765743073048,281.1234256926952
487,1,3,7,121.0,626.0,1,3,9296.0,99.14245177423966,9.794903260353072,414.875,211.125
487,3,3,1,77.0,976.0,1,1,6162.0,90.83681469755682,9.88565562572558,253.0,723.0
488,0,0,2,495.0,991.0,0,1,1030143.0,99.9199901000882,9.93105547432144,92.57559681697613,898.4244031830239
488,0,0,2,495.0,991.0,0,2,1094816.0,99.77920507373707,9.983148747795058,113.34391534391534,877.6560846560847
488,0,0,2,495.0,991.0,0,3,36645.0,93.8623655024316,9.404312688743566,105.0,886.0
488,0,0,2,495.0,991.0,1,1,175236.0,99.659304675686,9.86584580925465,364.36728395061726,626.6327160493827
488,0,0,2,495.0,991.0,1,2,173319.0,99.77015470447226,9.992492221285492,330.7943925233645,660.2056074766355
488,0,0,2,495.0,991.0,1,3,8133.0,95.10959610282396,9.476052712063115,287.38461538461536,703.6153846153846
488,1,3,7,121.0,626.0,1,1,12920.0,92.33887333774408,9.85386331390484,721.5263157894736,-95.52631578947368
488,1,3,7,121.0,626.0,1,2,10200.0,98.61814863235426,9.137253553143143,833.8,-207.8
488,1,3,7,121.0,626.0,1,3,680.0,61.50777305260355,9.502963631886283,927.0,-301.0
489,0,0,2,495.0,991.0,1,1,12060.0,84.77245847120484,9.653277840289268,689.6,301.4
489,0,0,2,495.0,991.0,1,2,9648.0,98.28358466959008,9.39198556244088,848.5,142.5
489,0,3,1,413.0,781.0,0,1,1117872.0,99.80637486115629,9.991245786416986,94.04199475065617,686.9580052493438
489,0,3,1,413.0,781.0,0,2,1086139.0,99.83113153655457,9.983617291049246,110.85399449035813,670.1460055096419
489,0,3,1,413.0,781.0,0,3,53142.0,95.70605032681009,9.864718894414914,98.72222222222223,682.2777777777778
489,0,3,1,413.0,781.0,1,1,194459.0,99.98699934367104,9.988838586963906,311.24615384615385,469.75384615384615
489,0,3,1,413.0,781.0,1,2,190611.0,99.98382138173923,9.977193400348972,314.8879056047198,466.1120943952802
489,0,3,1,413.0,781.0,1,3,6216.0,84.36322538996164,8.500535530216037,275.2,505.8
490,0,1,1,120.0,684.0,0,1,860670.0,99.94047633948198,9.989523373684811,90.53034300791556,593.4696569920844
490,0,1,1,120.0,684.0,0,2,919399.0,99.50390259466585,9.972121252516878,111.69540229885058,572.3045977011494
490,0,1,1,120.0,684.0,0,3,25896.0,93.221589627262,8.554260138446084,61.09090909090909,622.9090909090909
490,0,1,1,120.0,684.0,1,1,179286.0,99.93916174965376,9.987870285663869,307.8407079646018,376.1592920353982
490,0,1,1,120.0,684.0,1,2,191014.0,99.84193584522752,9.929047540338756,303.21525885558583,380.78474114441417
490,0,1,1,120.0,684.0,1,3,9625.0,92.07542456655192,9.61174539822165,341.1764705882353,342.8235294117647
490,0,3,1,413.0,781.0,1,1,3568.0,83.87114391298357,8.718489359559772,32.25,748.75
491,0,1,1,120.0,684.0,1,1,7479.0,92.3683311738254,8.786347222811655,205.77777777777777,478.22222222222223
491,1,3,9,342.0,764.0,0,1,747815.0,99.9329863666098,9.975105588514088,96.32475884244373,667.6752411575562
491,1,3,9,342.0,764.0,0,2,937835.0,99.73329220565978,9.985206239320815,99.528,664.472
491,1,3,9,342.0,764.0,0,3,17917.0,85.93428591574076,9.85713336109948,88.28571428571429,675.7142857142857
491,1,3,9,342.0,764.0,1,1,242718.0,99.43883600860804,9.971133527222332,281.0525,482.9475
491,1,3,9,342.0,764.0,1,2,213020.0,99.8399809947285,9.994317340394907,320.6065088757396,443.3934911242604
491,1,3,9,342.0,764.0,1,3,12179.0,96.65043120191822,9.935381414299652,283.95238095238096,480.04761904761904
492,0,1,2,406.0,816.0,0,1,1204980.0,99.91205853553046,9.970538226101509,121.5925925925926,694.4074074074074
492,0,1,2,406.0,816.0,0,2,1224253.0,99.63324224475984,9.908569582213124,115.95477386934674,700.0452261306533
492,0,1,2,406.0,816.0,0,3,42117.0,95.39184064560928,9.64218594937034,126.46666666666667,689.5333333333333
492,0,1,2,406.0,816.0,1,1,139062.0,99.9018836720415,9.994567590834231,384.0549828178694,431.9450171821306
492,0,1,2,406.0,816.0,1,2,150671.0,99.82496110805256,9.951019929241722,396.6578073089701,419.3421926910299
492,0,1,2,406.0,816.0,1,3,4773.0,87.43437946106809,9.457136762825304,406.0833333333333,409.9166666666667
492,1,3,9,342.0,764.0,1,1,3624.0,92.12161154020568,9.716698347887531,653.5,110.5
492,1,3,9,342.0,764.0,1,2,2265.0,97.42457954311924,8.6030398674321,719.2666666666667,44.733333333333334
492,1,3,9,342.0,764.0,1,3,151.0,73.06330745652654,0.3660938975973538,817.0,-53.0
493,0,1,2,406.0,816.0,1,1,950.0,93.5213653691485,8.384050539857647,700.2,115.8
493,0,2,2,173.0,634.0,0,1,653482.0,99.9540762641432,9.983243583283368,96.53401360544218,537.4659863945578
493,0,2,2,173.0,634.0,0,2,558349.0,99.81253709642694,9.97350656997697,95.06896551724138,538.9310344827586
493,0,2,2,173.0,634.0,0,3,24435.0,96.32876708684005,9.42618747852589,100.75,533.25
493,0,2,2,173.0,634.0,1,1,246971.0,99.96112139198829,9.986083085414894,350.9668246445498,283.0331753554502
493,0,2,2,173.0,634.0,1,2,280113.0,99.99374489406196,9.996832683201209,350.54451345755695,283.45548654244305
493,0,2,2,173.0,634.0,1,3,11899.0,99.1724443753107,9.425935006438449,296.45,337.55
494,0,2,2,173.0,634.0,0,1,73215.0,82.555481907857,9.254018179196974,740.4666666666667,-106.46666666666667
494,0,2,2,173.0,634.0,0,2,53691.0,91.50077389897068,8.73756436791361,906.0,-272.0
494,3,2,4,66.0,698.0,0,1,759103.0,99.9822749494394,9.971795268529892,82.86715867158672,615.1328413284133
494,3,2,4,66.0,698.0,0,2,924088.0,99.98667343789168,9.971099523744911,107.21802325581395,590.7819767441861
494,3,2,4,66.0,698.0,0,3,32777.0,97.46343746976262,9.7129256472815,97.08333333333333,600.9166666666666
494,3,2,4,66.0,698.0,1,1,226083.0,99.95234037955046,9.977541002502582,373.4447004608295,324.5552995391705
494,3,2,4,66.0,698.0,1,2,188202.0,99.99441395753531,9.946400519643726,424.7027777777778,273.2972222222222
494,3,2,4,66.0,698.0,1,3,8304.0,99.8608626612312,9.486103306693446,389.8125,308.1875
495,2,3,1,120.0,943.0,0,1,1190606.0,99.61714673104969,9.992083318171296,108.09352517985612,834.9064748201439
495,2,3,1,120.0,943.0,0,2,1013952.0,99.94106682404808,9.990057665996243,113.2696335078534,829.7303664921466
495,2,3,1,120.0,943.0,0,3,32022.0,96.0138326648582,9.732985685491544,123.06666666666666,819.9333333333333
495,2,3,1,120.0,943.0,1,1,155606.0,99.87776634278768,9.996360372134598,418.2074829931973,524.7925170068028
495,2,3,1,120.0,943.0,1,2,188490.0,99.9488093413646,9.989292295294376,369.4804804804805,573.5195195195195
495,2,3,1,120.0,943.0,1,3,6686.0,99.3555892729539,9.030915183431064,373.0,570.0
495,3,2,4,66.0,698.0,1,1,7579.0,95.33448845611392,9.79474834789022,561.1818181818181,136.8181818181818
496,1,1,2,392.0,733.0,0,1,1113496.0,99.8785232927586,9.993307764439605,124.0125313283208,608.9874686716792
496,1,1,2,392.0,733.0,0,2,1055130.0,99.93996950301758,9.969394050030596,101.82642487046633,631.1735751295337
496,1,1,2,392.0,733.0,0,3,41264.0,96.61908204976794,9.517256936544642,125.0625,607.9375
496,1,1,2,392.0,733.0,1,1,186566.0,99.632378848806,9.848687741150652,336.4918566775244,396.5081433224756
496,1,1,2,392.0,733.0,1,2,207590.0,99.85438091495952,9.971384566933365,299.7835365853659,433.2164634146341
496,1,1,2,392.0,733.0,1,3,8144.0,90.3280880459407,9.357591830336329,347.9166666666667,385.0833333333333
496,2,3,1,120.0,943.0,0,1,24825.0,97.83541322099695,9.977138848243449,258.53333333333336,684.4666666666667
496,2,3,1,120.0,943.0,0,2,4965.0,64.56057827977145,9.38416236379084,356.3333333333333,586.6666666666666
497,1,1,2,392.0,733.0,0,1,63540.0,97.36604319444557,9.620545938283255,144.53333333333333,588.4666666666667
497,1,1,2,392.0,733.0,0,2,63540.0,99.81584268751872,9.690305365813892,333.93333333333334,399.06666666666666
497,2,3,3,171.0,925.0,0,1,1148219.0,99.90707330159552,9.987279073628464,133.7828418230563,791.2171581769437
497,2,3,3,171.0,925.0,0,2,1280350.0,99.96553398020696,9.972719996502285,121.05159705159706,803.948402948403
497,2,3,3,171.0,925.0,0,3,47267.0,93.03204502538136,9.19175933632212,147.33333333333334,777.6666666666666
497,2,3,3,171.0,925.0,1,1,199449.0,99.83589828548745,9.98162130036673,436.7379518072289,488.2620481927711
497,2,3,3,171.0,925.0,1,2,169356.0,99.76449833072073,9.983967481487996,489.9828178694158,435.0171821305842
497,2,3,3,171.0,925.0,1,3,8249.0,99.64093328638008,9.151073501122994,410.0769230769231,514.9230769230769
498,0,3,2,87.0,903.0,0,1,965468.0,99.91042068140425,9.93959174557132,115.32575757575758,787.6742424242424
498,0,3,2,87.0,903.0,0,2,937913.0,99.96551792374864,9.990105155670674,117.45231607629428,785.5476839237057
498,0,3,2,87.0,903.0,0,3,23646.0,98.80798664670536,6.322306868180351,91.36363636363636,811.6363636363636
498,0,3,2,87.0,903.0,1,1,191620.0,99.95629902076092,9.943527716888346,362.86915887850466,540.1308411214953
498,0,3,2,87.0,903.0,1,2,203559.0,99.8600612765135,9.99672368635376,324.0662824207493,578.9337175792507
498,0,3,2,87.0,903.0,1,3,11180.0,93.40924292217936,9.773628630337273,350.05882352941177,552.9411764705883
498,2,3,3,171.0,925.0,0,1,14973.0,92.6953032376367,8.684049471865269,393.0,532.0
499,0,3,2,87.0,903.0,1,1,2364.0,98.6546841394866,8.965786719069452,300.0,603.0
499,3,0,7,296.0,642.0,0,1,997680.0,99.93362061772952,9.99350866068704,76.53276353276354,565.4672364672365
499,3,0,7,296.0,642.0,0,2,985202.0,99.95568648305002,9.980159181523042,95.4756446991404,546.5243553008596
499,3,0,7,296.0,642.0,0,3,32159.0,94.54543787991864,9.761987512771766,62.57142857142857,579.4285714285714
499,3,0,7,296.0,642.0,1,1,212321.0,99.802956158159,9.993283169450804,286.5286103542234,355.4713896457766
499,3,0,7,296.0,642.0,1,2,211853.0,99.98224066821533,9.994328576685035,278.5163934426229,363.4836065573771
499,3,0,7,296.0,642.0,1,3,8172.0,91.92772485387276,8.548049833484383,285.2142857142857,356.7857142857143
500,1,2,5,242.0,726.0,0,1,850358.0,99.81694737921282,9.999631074046352,91.62732919254658,634.3726708074535
500,1,2,5,242.0,726.0,0,2,1125504.0,99.50368082877226,9.992148741917395,122.56770833333333,603.4322916666666
500,1,2,5,242.0,726.0,0,3,44464.0,95.32343833992368,8.932419498156547,110.15384615384616,615.8461538461538
500,1,2,5,242.0,726.0,1,1,231658.0,99.96223865989528,9.908942866773124,348.4506329113924,377.5493670886076
500,1,2,5,242.0,726.0,1,2,202031.0,99.71468629220996,9.992246355459152,373.32522796352583,352.67477203647417
500,1,2,5,242.0,726.0,1,3,8983.0,94.25902403051364,9.82483463371402,331.8666666666667,394.1333333333333
500,3,0,7,296.0,642.0,0,1,1500.0,76.04671884780234,9.218009192985743,543.6666666666666,98.33333333333333
