ID_Equipo,Tipo_Equipo,Fabricante,Modelo,Potencia_kW,Horas_Recomendadas_Revision,Tipo_Mantenimiento,Quincena,Costo_Mantenimiento,Temperatura_C,Vibracion_mm_s,Horas_Operativas,horas_hasta_correctivo
1,0,0,8,432.0,657.0,0,1,94391.0,94.26423184026834,9.86245371149401,160.82142857142858,496.17857142857144
1,0,0,8,432.0,657.0,0,2,239363.0,97.82389255397383,9.93161536588964,77.14117647058823,579.8588235294118
1,0,0,8,432.0,657.0,0,3,10184.0,89.52538055529695,6.229608371291796,150.25,506.75
1,0,0,8,432.0,657.0,1,1,341679.0,99.99831350645256,9.982757983297049,1303.188790560472,-646.188790560472
1,0,0,8,432.0,657.0,1,2,309888.0,99.82502773689816,9.976351054200036,1414.3094462540716,-757.3094462540716
1,0,0,8,432.0,657.0,1,3,12526.0,93.56085554540796,9.7201703945531,1425.375,-768.375
2,0,0,8,432.0,657.0,1,1,13050.0,94.5945719741972,9.795655391094424,796.2,-139.2
2,0,0,8,432.0,657.0,1,2,5220.0,90.50280836874288,8.53519033468569,915.0,-258.0
2,2,1,2,393.0,522.0,0,1,163670.0,97.9670970318713,9.976694493097046,73.63934426229508,448.3606557377049
2,2,1,2,393.0,522.0,0,2,205898.0,96.66602233794652,9.969722386469815,97.61428571428571,424.3857142857143
2,2,1,2,393.0,522.0,0,3,7785.0,42.23367828761439,8.968574860591525,159.0,363.0
2,2,1,2,393.0,522.0,1,1,370932.0,99.98823647638984,9.997253537547362,2971.8077519379844,-2449.8077519379844
2,2,1,2,393.0,522.0,1,2,367519.0,99.99199530669826,9.981763285066656,2930.392464678179,-2408.392464678179
2,2,1,2,393.0,522.0,1,3,14337.0,99.81534308158368,9.91404146414517,2920.230769230769,-2398.230769230769
3,2,1,2,393.0,522.0,1,1,11475.0,98.52282478648,8.575834791118897,193.66666666666666,328.3333333333333
3,2,1,2,393.0,522.0,1,2,11475.0,94.62871627319124,9.95917332210216,377.6666666666667,144.33333333333334
3,2,1,2,393.0,522.0,1,3,765.0,25.069957522866662,0.4613687851767434,493.0,29.0
3,3,2,7,398.0,885.0,0,1,224219.0,98.55245052915517,9.941670834335328,154.88983050847457,730.1101694915254
3,3,2,7,398.0,885.0,0,2,234019.0,99.86999116923737,9.91200282862792,150.9099099099099,734.0900900900901
3,3,2,7,398.0,885.0,0,3,12270.0,98.63618473476802,9.91257349888867,158.57142857142858,726.4285714285714
3,3,2,7,398.0,885.0,1,1,309496.0,99.72040123861584,9.998278731884644,1085.5383304940374,-200.53833049403747
3,3,2,7,398.0,885.0,1,2,305418.0,99.81257225802769,9.991604945240482,1173.4234693877552,-288.4234693877551
3,3,2,7,398.0,885.0,1,3,10384.0,97.81693557770804,8.94698636299633,1284.95,-399.95
4,0,3,4,121.0,668.0,0,1,374568.0,99.92226685651843,9.94090268702437,109.39252336448598,558.607476635514
4,0,3,4,121.0,668.0,0,2,268766.0,98.41127805848518,9.926813795355484,131.05479452054794,536.945205479452
4,0,3,4,121.0,668.0,0,3,10342.0,81.8096190735742,4.947599745703196,163.25,504.75
4,0,3,4,121.0,668.0,1,1,313132.0,99.97206231178166,9.991503687752218,1516.3578595317726,-848.3578595317725
4,0,3,4,121.0,668.0,1,2,339373.0,99.98881712053137,9.99621048051711,1528.9350237717908,-860.9350237717908
4,0,3,4,121.0,668.0,1,3,13752.0,95.77930454012171,8.466002474280584,1636.5,-968.5
4,3,2,7,398.0,885.0,1,1,10950.0,96.05933770271152,9.947667695457543,457.46666666666664,427.53333333333336
4,3,2,7,398.0,885.0,1,2,6570.0,86.05286561794222,7.168652508193562,577.5555555555555,307.44444444444446
5,0,3,4,121.0,668.0,1,1,14496.0,95.90545527987724,9.558254390241794,449.6875,218.3125
5,0,3,4,121.0,668.0,1,2,13590.0,96.83829821281324,9.76138420474944,614.9333333333333,53.06666666666667
5,0,3,4,121.0,668.0,1,3,906.0,55.30980772788751,3.6400411286498615,749.0,-81.0
5,2,2,7,51.0,958.0,0,1,266795.0,99.47407555087844,9.694594404970584,186.5164835164835,771.4835164835165
5,2,2,7,51.0,958.0,0,2,283827.0,98.97202849984365,9.953375195548563,160.74698795180723,797.2530120481928
5,2,2,7,51.0,958.0,0,3,5755.0,93.9937512812042,9.656183586032148,113.0,845.0
5,2,2,7,51.0,958.0,1,1,303123.0,99.91358118159228,9.986185115633312,1322.2169657422512,-364.2169657422512
5,2,2,7,51.0,958.0,1,2,305883.0,99.70686392775212,9.975412129705791,1364.3544715447154,-406.35447154471547
5,2,2,7,51.0,958.0,1,3,13809.0,98.755652065278,8.58737216859774,1494.76,-536.76
6,2,1,7,79.0,968.0,0,1,497485.0,99.56595818998636,9.888308037920226,158.04,809.96
6,2,1,7,79.0,968.0,0,2,361176.0,99.81927598942244,9.907318224802308,200.73275862068965,767.2672413793103
6,2,1,7,79.0,968.0,0,3,7955.0,96.16096180434144,8.627577188313484,54.666666666666664,913.3333333333334
6,2,1,7,79.0,968.0,1,1,318568.0,99.83122513476812,9.986199474782932,1224.4239130434783,-256.42391304347825
6,2,1,7,79.0,968.0,1,2,326112.0,99.57349461949002,9.984545988075867,1258.0326460481099,-290.03264604810994
6,2,1,7,79.0,968.0,1,3,15695.0,97.7485913956741,9.785561603963536,1283.625,-315.625
6,2,2,7,51.0,958.0,1,1,13950.0,94.48717118853848,9.593434826955477,557.5,400.5
6,2,2,7,51.0,958.0,1,2,11625.0,90.18278399378256,9.195328046774518,694.4,263.6
6,2,2,7,51.0,958.0,1,3,775.0,33.7505965953065,3.80486048818091,835.0,123.0
7,1,0,6,440.0,999.0,0,1,282945.0,96.84239288454032,9.76151874167304,157.68421052631578,841.3157894736842
7,1,0,6,440.0,999.0,0,2,328872.0,99.71747295400137,9.94956333707886,146.29896907216494,852.7010309278351
7,1,0,6,440.0,999.0,0,3,12221.0,84.64544485173535,5.806832672926795,152.0,847.0
7,1,0,6,440.0,999.0,1,1,335474.0,99.97730966968716,9.98906816891137,1876.149593495935,-877.1495934959349
7,1,0,6,440.0,999.0,1,2,314962.0,99.89376552421884,9.976379723207296,1924.7071547420965,-925.7071547420965
7,1,0,6,440.0,999.0,1,3,13591.0,96.0467937142584,8.730910735902201,1784.4166666666667,-785.4166666666666
7,2,1,7,79.0,968.0,1,1,17690.0,97.75078250161256,9.975307035810609,727.5862068965517,240.41379310344828
7,2,1,7,79.0,968.0,1,2,9150.0,98.01486727466396,9.656952981847809,737.9333333333333,230.06666666666666
7,2,1,7,79.0,968.0,1,3,610.0,58.04615339486083,1.2280531437473952,819.0,149.0
8,1,0,6,440.0,999.0,0,1,74055.0,96.7671353538238,9.956467807393016,722.3333333333334,276.6666666666667
8,1,0,6,440.0,999.0,0,2,74055.0,99.37051057119868,9.728955350109366,902.6,96.4
8,3,2,6,162.0,820.0,0,1,389282.0,99.83722324520312,9.910417397398948,128.24848484848485,691.7515151515152
8,3,2,6,162.0,820.0,0,2,323531.0,99.823379993656,9.934920298522549,132.86013986013987,687.1398601398602
8,3,2,6,162.0,820.0,0,3,12919.0,97.13265862972844,8.354331716359162,72.4,747.6
8,3,2,6,162.0,820.0,1,1,290230.0,99.65429097875656,9.996963886962607,923.9203703703704,-103.92037037037036
8,3,2,6,162.0,820.0,1,2,306869.0,99.987091839125,9.997270142322446,875.3507194244604,-55.35071942446043
8,3,2,6,162.0,820.0,1,3,12826.0,93.37029409484182,9.286594320274954,773.7391304347826,46.26086956521739
9,2,3,8,351.0,569.0,0,1,182452.0,99.74379825470012,9.965572709139952,113.17391304347827,455.82608695652175
9,2,3,8,351.0,569.0,0,2,204341.0,99.79682976125,9.978801291419986,83.17283950617283,485.82716049382714
9,2,3,8,351.0,569.0,0,3,13435.0,85.61420366036396,5.2153532669563285,107.2,461.8
9,2,3,8,351.0,569.0,1,1,323428.0,99.89252660032544,9.994938946500532,937.0267295597484,-368.02672955974845
9,2,3,8,351.0,569.0,1,2,353408.0,99.88428749824942,9.995313911928683,971.4432,-402.4432
9,2,3,8,351.0,569.0,1,3,11378.0,99.9341606757564,9.17988174158294,998.0,-429.0
9,3,2,6,162.0,820.0,1,1,12270.0,97.3402809437116,8.946830395576256,279.0,541.0
9,3,2,6,162.0,820.0,1,2,5726.0,87.95682337868149,8.656135543555871,402.57142857142856,417.42857142857144
10,1,2,9,219.0,552.0,0,1,277948.0,99.39913559344164,9.9935486396913,82.80869565217391,469.1913043478261
10,1,2,9,219.0,552.0,0,2,229030.0,99.860127116432,9.97537894791722,100.15584415584415,451.84415584415586
10,1,2,9,219.0,552.0,0,3,3230.0,46.99533879071752,8.335971491977856,26.5,525.5
10,1,2,9,219.0,552.0,1,1,312716.0,99.97520384771688,9.995197101582486,1056.7901861252114,-504.7901861252115
10,1,2,9,219.0,552.0,1,2,315079.0,99.951576218247,9.988958925219777,1032.936507936508,-480.93650793650795
10,1,2,9,219.0,552.0,1,3,13408.0,98.11372349304978,9.610888893109191,1087.3076923076924,-535.3076923076923
10,2,3,8,351.0,569.0,1,1,14700.0,93.0894116402703,9.611720343724716,632.8666666666667,-63.86666666666667
10,2,3,8,351.0,569.0,1,2,5880.0,95.8326524544374,9.120102648101078,739.6666666666666,-170.66666666666666
11,0,1,6,391.0,760.0,0,1,149502.0,99.95240601335853,9.875535970424924,150.29333333333332,609.7066666666667
11,0,1,6,391.0,760.0,0,2,236614.0,99.92507055345962,9.97666843625613,140.6727272727273,619.3272727272728
11,0,1,6,391.0,760.0,0,3,11354.0,86.35303692388993,8.94076582658246,215.0,545.0
11,0,1,6,391.0,760.0,1,1,337018.0,99.99251699620667,9.987638357574296,1313.4873015873015,-553.4873015873015
11,0,1,6,391.0,760.0,1,2,305182.0,99.9118730113558,9.996488377348228,1387.1207482993198,-627.1207482993198
11,0,1,6,391.0,760.0,1,3,11388.0,98.6037583918416,9.238445671106495,1417.5652173913043,-657.5652173913044
11,1,2,9,219.0,552.0,1,1,8565.0,92.7482474118359,9.58663637964588,654.3333333333334,-102.33333333333333
11,1,2,9,219.0,552.0,1,2,8565.0,99.97911594457094,9.906093715657608,833.4666666666667,-281.46666666666664
12,0,1,6,391.0,760.0,1,1,2360.0,76.0024849603939,9.26026163261934,200.4,559.6
12,1,0,2,207.0,674.0,0,1,133106.0,99.53385644989412,9.981022027841252,117.2063492063492,556.7936507936508
12,1,0,2,207.0,674.0,0,2,191908.0,99.80864566930656,9.65952769134184,90.53488372093024,583.4651162790698
12,1,0,2,207.0,674.0,0,3,5267.0,91.47807834062796,7.671687196883518,77.5,596.5
12,1,0,2,207.0,674.0,1,1,328575.0,99.95698734941855,9.99801194590772,2113.5085007727976,-1439.5085007727976
12,1,0,2,207.0,674.0,1,2,327937.0,99.98195529771122,9.990756020443426,2105.167197452229,-1431.1671974522294
12,1,0,2,207.0,674.0,1,3,12178.0,99.71080425079742,9.665111049097945,2131.3846153846152,-1457.3846153846155
13,0,3,5,498.0,525.0,0,1,111586.0,98.10624245516944,9.463494205669532,61.885714285714286,463.1142857142857
13,0,3,5,498.0,525.0,0,2,152988.0,97.08311897034056,9.50117430251992,68.8125,456.1875
13,0,3,5,498.0,525.0,0,3,1916.0,56.13095268456927,3.1159347873404206,26.0,499.0
13,0,3,5,498.0,525.0,1,1,364415.0,99.83989572328905,9.95604865351304,2142.9835820895523,-1617.9835820895523
13,0,3,5,498.0,525.0,1,2,353340.0,99.8656117989758,9.956853487205596,2199.8956127080182,-1674.8956127080182
13,0,3,5,498.0,525.0,1,3,14658.0,95.65219441656876,9.569552469178472,2193.4814814814813,-1668.4814814814815
13,1,0,2,207.0,674.0,1,1,13875.0,92.05783340018026,9.00570508119869,261.1333333333333,412.8666666666667
13,1,0,2,207.0,674.0,1,2,3700.0,97.96152409639632,7.3668504713106095,368.5,305.5
14,0,3,5,498.0,525.0,1,1,12945.0,92.9552102875187,9.76478268919205,195.0,330.0
14,0,3,5,498.0,525.0,1,2,8630.0,99.51482110080488,8.54119228851645,330.5,194.5
14,2,1,4,465.0,807.0,0,1,340728.0,99.9427054404656,9.851962732522423,125.51041666666667,681.4895833333334
14,2,1,4,465.0,807.0,0,2,395592.0,99.7565917957024,9.903790787137984,141.29752066115702,665.702479338843
14,2,1,4,465.0,807.0,0,3,20980.0,96.35775595466896,8.994730797026522,204.0,603.0
14,2,1,4,465.0,807.0,1,1,310720.0,99.69907561989982,9.99886529830521,1501.1412151067323,-694.1412151067324
14,2,1,4,465.0,807.0,1,2,307303.0,99.93204323567215,9.959506855431886,1533.9312714776631,-726.9312714776632
14,2,1,4,465.0,807.0,1,3,11492.0,98.35806480966484,9.62353323027493,1624.6818181818182,-817.6818181818181
15,2,1,4,465.0,807.0,1,1,8370.0,98.7928692237662,9.918813890562634,293.06666666666666,513.9333333333333
15,2,1,4,465.0,807.0,1,2,6138.0,95.75310196697136,8.95973851645794,468.54545454545456,338.45454545454544
15,2,1,6,456.0,720.0,0,1,233487.0,99.92979783340672,9.954674943223312,78.3409090909091,641.6590909090909
15,2,1,6,456.0,720.0,0,2,162022.0,99.18894965152371,9.92713831626826,135.8,584.2
15,2,1,6,456.0,720.0,0,3,5630.0,66.27765261589002,7.964785992050565,19.333333333333332,700.6666666666666
15,2,1,6,456.0,720.0,1,1,403922.0,99.70674872947184,9.99218831494298,1715.8946515397083,-995.8946515397083
15,2,1,6,456.0,720.0,1,2,426699.0,99.50723459899046,9.996433697481669,1731.1579754601228,-1011.1579754601227
15,2,1,6,456.0,720.0,1,3,15460.0,99.14023012176813,9.70295657476498,1674.76,-954.76
16,0,3,5,148.0,549.0,0,1,122654.0,97.6677659333178,9.642579932205068,134.02439024390245,414.9756097560976
16,0,3,5,148.0,549.0,0,2,259213.0,99.84150298108398,9.97045962034739,58.43010752688172,490.5698924731183
16,0,3,5,148.0,549.0,0,3,18965.0,91.02892007180172,9.744644783712356,93.5,455.5
16,0,3,5,148.0,549.0,1,1,378169.0,99.92380150876144,9.986889816658676,1600.4246987951808,-1051.4246987951808
16,0,3,5,148.0,549.0,1,2,350928.0,99.98188366617,9.97111907363314,1733.5098684210527,-1184.5098684210527
16,0,3,5,148.0,549.0,1,3,13676.0,99.56313962965996,9.888072815845607,1702.2727272727273,-1153.2727272727273
16,2,1,6,456.0,720.0,1,1,10470.0,97.2826479369182,9.852511140268032,133.0,587.0
16,2,1,6,456.0,720.0,1,2,8376.0,95.02038030185894,9.7254370907611,286.6666666666667,433.3333333333333
17,0,2,0,269.0,966.0,0,1,406601.0,98.04721635634192,9.74914198881612,139.33333333333334,826.6666666666666
17,0,2,0,269.0,966.0,0,2,377359.0,99.607414056976,9.99987269682921,144.19858156028369,821.8014184397163
17,0,2,0,269.0,966.0,0,3,19953.0,88.61854951267853,8.391790880191206,152.875,813.125
17,0,2,0,269.0,966.0,1,1,334078.0,99.86372901397802,9.99954705745546,1190.708108108108,-224.70810810810812
17,0,2,0,269.0,966.0,1,2,348833.0,99.86347267040033,9.988865869609674,1215.2082585278276,-249.20825852782764
17,0,2,0,269.0,966.0,1,3,12159.0,93.75320743889552,9.361283321854115,1202.7894736842106,-236.78947368421052
17,0,3,5,148.0,549.0,0,1,106515.0,96.86207105949742,9.305492466786571,716.8518518518518,-167.85185185185185
17,0,3,5,148.0,549.0,0,2,59175.0,98.04473909040004,9.894804863583683,744.0,-195.0
17,0,3,5,148.0,549.0,0,3,3945.0,24.65531116351576,3.812305365837555,794.0,-245.0
18,0,2,0,269.0,966.0,0,1,22608.0,99.02904420885211,9.944074891274532,338.5,627.5
18,0,2,0,269.0,966.0,0,2,21195.0,94.17926651723783,8.937892086638822,482.26666666666665,483.73333333333335
18,0,2,0,269.0,966.0,0,3,1413.0,95.65961879469378,0.3747139527646181,575.0,391.0
18,0,2,8,352.0,751.0,0,1,230580.0,98.39073691981088,9.912898152975387,118.91525423728814,632.0847457627119
18,0,2,8,352.0,751.0,0,2,308102.0,99.388677344848,9.790473636862686,131.3855421686747,619.6144578313254
18,0,2,8,352.0,751.0,0,3,7376.0,73.34046318713672,5.939936922224803,209.0,542.0
18,0,2,8,352.0,751.0,1,1,348558.0,99.86676218861396,9.983984441249753,2095.077519379845,-1344.077519379845
18,0,2,8,352.0,751.0,1,2,327332.0,99.76434884262017,9.998745093249788,2139.659090909091,-1388.659090909091
18,0,2,8,352.0,751.0,1,3,12712.0,98.48552030374118,9.124057556700045,1990.04,-1239.04
19,0,2,8,352.0,751.0,1,1,3375.0,96.19214280827708,9.5542920699847,381.73333333333335,369.26666666666665
19,0,2,8,352.0,751.0,1,2,1575.0,99.72448701071168,7.816553201664879,515.7142857142857,235.28571428571428
19,3,1,0,392.0,535.0,0,1,186504.0,99.47614573641204,9.653755086202898,62.04838709677419,472.9516129032258
19,3,1,0,392.0,535.0,0,2,66362.0,97.2263213221934,9.775810355876636,68.36,466.64
19,3,1,0,392.0,535.0,0,3,3960.0,73.46326565127625,6.582263450648212,47.0,488.0
19,3,1,0,392.0,535.0,1,1,374852.0,99.9872982303388,9.991299311841315,1140.3063763608086,-605.3063763608087
19,3,1,0,392.0,535.0,1,2,390538.0,99.98821041862044,9.994080011557172,1091.020558002937,-556.0205580029368
19,3,1,0,392.0,535.0,1,3,17007.0,94.123411729326,9.94383489486369,1165.3461538461538,-630.3461538461538
20,3,1,0,392.0,535.0,1,1,13395.0,96.9139749975373,9.176347676689174,719.5333333333333,-184.53333333333333
20,3,1,0,392.0,535.0,1,2,5358.0,76.58571729419981,7.049493105908927,870.1666666666666,-335.1666666666667
20,3,1,1,299.0,500.0,0,1,223513.0,99.87609609853894,9.844959624248435,85.48529411764706,414.5147058823529
20,3,1,1,299.0,500.0,0,2,209163.0,98.41032292143232,9.792957270057062,71.51470588235294,428.4852941176471
20,3,1,1,299.0,500.0,0,3,12957.0,94.41449116411836,6.033588326362075,79.0,421.0
20,3,1,1,299.0,500.0,1,1,357911.0,99.9209715450296,9.983359287748923,1073.4568288854002,-573.4568288854003
20,3,1,1,299.0,500.0,1,2,365895.0,99.99245994505478,9.984927380328832,1067.7668231611894,-567.7668231611893
20,3,1,1,299.0,500.0,1,3,13377.0,97.04496064070548,9.029501017959262,950.875,-450.875
21,2,2,2,388.0,681.0,0,1,146220.0,96.92998817505524,9.98870354384578,114.61016949152543,566.3898305084746
21,2,2,2,388.0,681.0,0,2,258297.0,99.63293675808072,9.756322614736131,108.42553191489361,572.5744680851063
21,2,2,2,388.0,681.0,0,3,9895.0,89.11777352458083,7.341548502454104,220.33333333333334,460.6666666666667
21,2,2,2,388.0,681.0,1,1,350210.0,99.78042906131547,9.968285560884189,1748.5247678018575,-1067.5247678018575
21,2,2,2,388.0,681.0,1,2,318733.0,99.96580518537613,9.972631139103902,1724.5827814569536,-1043.5827814569536
21,2,2,2,388.0,681.0,1,3,13278.0,96.37488659513625,9.057521146707824,1765.1666666666667,-1084.1666666666667
21,3,1,1,299.0,500.0,1,1,11595.0,99.20381098135574,9.861431533829029,385.6,114.4
21,3,1,1,299.0,500.0,1,2,11595.0,99.15662458830032,9.380191015167792,590.4,-90.4
21,3,1,1,299.0,500.0,1,3,773.0,76.91413027962899,9.46289821627222,700.0,-200.0
22,0,3,2,340.0,903.0,0,1,235810.0,99.829216930835,9.388342800600284,156.06410256410257,746.9358974358975
22,0,3,2,340.0,903.0,0,2,221757.0,99.79585886406764,9.892136981572232,130.10526315789474,772.8947368421053
22,0,3,2,340.0,903.0,0,3,5789.0,93.08068825313872,4.973727212651712,64.0,839.0
22,0,3,2,340.0,903.0,1,1,335622.0,99.96955679288124,9.989573736515691,1545.5,-642.5
22,0,3,2,340.0,903.0,1,2,321934.0,99.81917742501938,9.973664981657798,1507.9871382636657,-604.9871382636655
22,0,3,2,340.0,903.0,1,3,12467.0,99.70974377280936,9.721322009746077,1493.68,-590.68
22,2,2,2,388.0,681.0,1,1,8424.0,99.6699418788192,9.814193547679594,434.88461538461536,246.1153846153846
22,2,2,2,388.0,681.0,1,2,4860.0,82.9094817371859,9.811580487983644,436.1333333333333,244.86666666666667
22,2,2,2,388.0,681.0,1,3,324.0,94.40639476805497,8.682036341058485,551.0,130.0
23,0,3,2,340.0,903.0,1,1,10185.0,95.99183337287596,9.725318434523416,770.5714285714286,132.42857142857142
23,0,3,2,340.0,903.0,1,2,7275.0,97.8171615744532,7.904822800873063,872.4,30.6
23,0,3,2,340.0,903.0,1,3,485.0,50.54170879223684,2.569878781604343,962.0,-59.0
23,2,0,2,130.0,984.0,0,1,422281.0,98.83817947516134,9.792038594325351,194.58278145695365,789.4172185430464
23,2,0,2,130.0,984.0,0,2,452879.0,99.51007372003124,9.975506831266124,155.8728323699422,828.1271676300578
23,2,0,2,130.0,984.0,0,3,21806.0,93.07574489265733,7.873749760596302,170.625,813.375
23,2,0,2,130.0,984.0,1,1,308201.0,99.98688057995572,9.970161552460391,1049.456204379562,-65.45620437956204
23,2,0,2,130.0,984.0,1,2,304697.0,99.87614497282708,9.97574975097946,1057.5733333333333,-73.57333333333334
23,2,0,2,130.0,984.0,1,3,11577.0,95.91522783018526,9.554740332602083,967.6842105263158,16.31578947368421
24,2,0,2,130.0,984.0,1,1,22830.0,97.79751516613202,9.413174245397206,389.3,594.7
24,2,0,2,130.0,984.0,1,2,12937.0,99.77014489024964,9.134346021601438,415.5882352941176,568.4117647058823
24,2,0,2,130.0,984.0,1,3,761.0,33.03834108966068,3.7515801724034015,463.0,521.0
24,2,0,6,270.0,987.0,0,1,368143.0,99.77763173981258,9.974509841069182,129.33636363636364,857.6636363636363
24,2,0,6,270.0,987.0,0,2,239201.0,99.22759931732487,9.962287414392955,105.2375,881.7625
24,2,0,6,270.0,987.0,0,3,11874.0,83.45767075221129,9.798480923968365,142.66666666666666,844.3333333333334
24,2,0,6,270.0,987.0,1,1,331707.0,99.95394753255522,9.986287273153437,1132.0,-145.0
24,2,0,6,270.0,987.0,1,2,353295.0,99.9982853445008,9.975814907676437,1085.2662337662337,-98.26623376623377
24,2,0,6,270.0,987.0,1,3,13416.0,95.71259656153067,9.956427359201976,1074.8333333333333,-87.83333333333333
25,1,3,5,242.0,818.0,0,1,458043.0,99.20657776384166,9.990717385248114,158.80434782608697,659.195652173913
25,1,3,5,242.0,818.0,0,2,390272.0,99.591289104716,9.875947449545592,132.50393700787401,685.496062992126
25,1,3,5,242.0,818.0,0,3,26466.0,94.05303319474336,7.687786019182143,111.85714285714286,706.1428571428571
25,1,3,5,242.0,818.0,1,1,315530.0,99.94707549734828,9.991925901679114,1266.568100358423,-448.56810035842295
25,1,3,5,242.0,818.0,1,2,331283.0,99.91588064016211,9.983044803829156,1220.294220665499,-402.2942206654991
25,1,3,5,242.0,818.0,1,3,13238.0,95.3057425568226,8.43510666434983,1364.05,-546.05
25,2,0,6,270.0,987.0,1,1,11352.0,92.51422486928467,9.099392195553524,904.7083333333334,82.29166666666667
25,2,0,6,270.0,987.0,1,2,7095.0,99.09703065672016,9.60842021379894,935.0666666666667,51.93333333333333
25,2,0,6,270.0,987.0,1,3,473.0,60.57390929645156,5.891665834835852,1058.0,-71.0
26,1,3,1,244.0,933.0,0,1,259183.0,99.75989760789328,9.956428611010136,139.16216216216216,793.8378378378378
26,1,3,1,244.0,933.0,0,2,390139.0,99.9972882579106,9.962577463063646,151.64071856287424,781.3592814371258
26,1,3,1,244.0,933.0,0,3,12256.0,89.78210549206686,8.811357678390767,163.0,770.0
26,1,3,1,244.0,933.0,1,1,357022.0,99.90989323883508,9.994649604721706,1408.6706081081081,-475.6706081081081
26,1,3,1,244.0,933.0,1,2,303751.0,99.82828636955398,9.981779471481262,1538.3446327683616,-605.3446327683616
26,1,3,1,244.0,933.0,1,3,12772.0,94.46601444417014,9.48893818245505,1367.3181818181818,-434.3181818181818
26,1,3,5,242.0,818.0,1,1,14535.0,91.21915213874816,9.95867616513043,638.6470588235294,179.35294117647058
26,1,3,5,242.0,818.0,1,2,12825.0,96.59734909909425,9.528525283885749,790.3333333333334,27.666666666666668
26,1,3,5,242.0,818.0,1,3,855.0,43.676840835470784,0.9099745601093868,913.0,-95.0
27,1,3,1,244.0,933.0,0,1,69930.0,90.2524593039507,9.534668918223613,431.26666666666665,501.73333333333335
27,1,3,1,244.0,933.0,0,2,9324.0,99.9663443660249,9.957454135850478,547.0,386.0
27,2,2,7,463.0,611.0,0,1,301406.0,96.878523669768,9.954248889126555,107.37735849056604,503.62264150943395
27,2,2,7,463.0,611.0,0,2,352644.0,99.17817421245084,9.937519952957777,101.51181102362204,509.48818897637796
27,2,2,7,463.0,611.0,0,3,12550.0,83.27620320114934,8.377514993613435,64.0,547.0
27,2,2,7,463.0,611.0,1,1,273389.0,99.88022476677676,9.975142496146011,719.0317195325542,-108.03171953255426
27,2,2,7,463.0,611.0,1,2,256939.0,99.95634426541848,9.955711477705814,767.0291095890411,-156.0291095890411
27,2,2,7,463.0,611.0,1,3,12556.0,98.35703929070718,8.488703406040914,758.7916666666666,-147.79166666666666
28,2,1,2,113.0,575.0,0,1,286922.0,97.51361657510743,9.683025431364232,83.23853211009174,491.76146788990826
28,2,1,2,113.0,575.0,0,2,208115.0,98.3246510237006,9.696185559966302,80.73170731707317,494.2682926829268
28,2,1,2,113.0,575.0,0,3,5955.0,79.06672599944889,9.74367428277052,58.333333333333336,516.6666666666666
28,2,1,2,113.0,575.0,1,1,349277.0,99.98009743065374,9.995241463347655,1030.5402684563758,-455.5402684563758
28,2,1,2,113.0,575.0,1,2,356033.0,99.99257790367432,9.970020600546793,988.0287539936103,-413.0287539936102
28,2,1,2,113.0,575.0,1,3,13111.0,98.6483906570286,9.762372600329469,871.6,-296.6
28,2,2,7,463.0,611.0,1,1,10965.0,98.3428384021533,9.882833526120155,308.46666666666664,302.53333333333336
28,2,2,7,463.0,611.0,1,2,3655.0,98.09196008072324,9.66703506113696,429.0,182.0
29,2,0,0,255.0,993.0,0,1,320020.0,99.94463694252492,9.936816319875074,180.97297297297297,812.027027027027
29,2,0,0,255.0,993.0,0,2,375797.0,99.66517460337067,9.974794089796848,154.27067669172934,838.7293233082706
29,2,0,0,255.0,993.0,0,3,10893.0,90.4814329287568,3.498643577408754,147.0,846.0
29,2,0,0,255.0,993.0,1,1,242118.0,99.773968842639,9.99946204048888,1499.2297063903281,-506.22970639032815
29,2,0,0,255.0,993.0,1,2,230600.0,99.92650779475044,9.991710736095069,1522.873889875666,-529.8738898756661
29,2,0,0,255.0,993.0,1,3,10220.0,98.14840829147118,9.984953055479538,1531.5652173913043,-538.5652173913044
29,2,1,2,113.0,575.0,1,1,29610.0,99.97864179851452,9.940321482544162,947.3,-372.3
29,2,1,2,113.0,575.0,1,2,16779.0,90.78522298146012,9.869619286453965,982.1764705882352,-407.1764705882353
29,2,1,2,113.0,575.0,1,3,987.0,50.93362043785149,2.408089494947464,1037.0,-462.0
30,1,1,7,477.0,838.0,0,1,316268.0,99.90297029672392,9.898732887244815,116.51485148514851,721.4851485148515
30,1,1,7,477.0,838.0,0,2,228421.0,96.141773200047,9.956335412486006,129.5205479452055,708.4794520547945
30,1,1,7,477.0,838.0,0,3,2348.0,39.858536470496674,1.3456263671509106,87.0,751.0
30,1,1,7,477.0,838.0,1,1,322153.0,99.98640124746294,9.970362897412832,2256.0199335548173,-1418.0199335548173
30,1,1,7,477.0,838.0,1,2,329909.0,99.95885074955062,9.966938625755098,2171.992,-1333.992
30,1,1,7,477.0,838.0,1,3,14124.0,92.70872319884931,9.33458410541956,2233.769230769231,-1395.7692307692307
30,2,0,0,255.0,993.0,1,1,5627.0,97.5693618331913,9.931910093888462,558.5882352941177,434.4117647058824
30,2,0,0,255.0,993.0,1,2,4965.0,99.64630830818136,9.183683469568148,746.4,246.6
30,2,0,0,255.0,993.0,1,3,331.0,87.76108383157252,4.201149500336744,832.0,161.0
31,1,1,7,477.0,838.0,0,1,18784.0,91.25840190219492,9.848229252624908,194.0,644.0
31,1,2,8,94.0,520.0,0,1,122981.0,99.23702698244304,9.911765570443285,68.07894736842105,451.92105263157896
31,1,2,8,94.0,520.0,0,2,136026.0,98.11616219686694,9.378798434996323,134.97368421052633,385.0263157894737
31,1,2,8,94.0,520.0,0,3,3461.0,23.681731436116102,5.668877300250006,15.0,505.0
31,1,2,8,94.0,520.0,1,1,341279.0,99.79495163415434,9.997678713854556,3641.135014836795,-3121.135014836795
31,1,2,8,94.0,520.0,1,2,365196.0,99.96612933893682,9.99018153525036,3737.377218934911,-3217.377218934911
31,1,2,8,94.0,520.0,1,3,11642.0,90.42654858525675,8.81912829571409,3730.777777777778,-3210.777777777778
32,1,2,8,94.0,520.0,1,1,7830.0,93.34338759889336,9.630823294746088,647.9333333333333,-127.93333333333334
32,1,2,8,94.0,520.0,1,2,5220.0,90.20685572619423,9.702717151325093,806.5,-286.5
32,1,3,8,116.0,509.0,0,1,205018.0,99.51681106976272,9.91100734333861,66.12,442.88
32,1,3,8,116.0,509.0,0,2,146459.0,98.78569427754424,9.98706641115768,111.27450980392157,397.72549019607845
32,1,3,8,116.0,509.0,0,3,3005.0,38.403304784188144,8.515295869364893,94.0,415.0
32,1,3,8,116.0,509.0,1,1,338006.0,99.80519568155688,9.985248875856932,1243.7396825396825,-734.7396825396826
32,1,3,8,116.0,509.0,1,2,366203.0,99.9012863342016,9.99479508637256,1220.4800613496932,-711.4800613496933
32,1,3,8,116.0,509.0,1,3,15149.0,95.68585394976388,9.81111598260661,1172.4444444444443,-663.4444444444445
33,1,3,8,116.0,509.0,1,1,10365.0,97.08415660033768,9.294926804269606,727.2,-218.2
33,1,3,8,116.0,509.0,1,2,5528.0,98.27539028176632,8.554142149413206,814.125,-305.125
33,2,2,1,128.0,613.0,0,1,295093.0,98.53961823310289,9.962479890795876,87.91428571428571,525.0857142857143
33,2,2,1,128.0,613.0,0,2,200340.0,99.16682365645931,9.999245487297316,114.98765432098766,498.01234567901236
33,2,2,1,128.0,613.0,0,3,6274.0,83.28425525782225,4.484118364951376,77.0,536.0
33,2,2,1,128.0,613.0,1,1,367058.0,99.9579406031435,9.999186259735213,885.3983333333333,-272.3983333333333
33,2,2,1,128.0,613.0,1,2,396647.0,99.98073420234869,9.998288494702653,853.2227564102565,-240.2227564102564
33,2,2,1,128.0,613.0,1,3,16097.0,97.55649967294045,9.900086979008446,940.5384615384615,-327.53846153846155
34,2,0,9,72.0,597.0,0,1,274859.0,99.13404225987938,9.949294940453704,125.25531914893617,471.74468085106383
34,2,0,9,72.0,597.0,0,2,191282.0,98.04626790136564,9.864325579298722,67.70588235294117,529.2941176470588
34,2,0,9,72.0,597.0,0,3,11711.0,93.55180970177416,9.76921170445712,48.0,549.0
34,2,0,9,72.0,597.0,1,1,312755.0,99.98063598527273,9.996293302947333,974.6955810147299,-377.69558101472995
34,2,0,9,72.0,597.0,1,2,353010.0,99.74400404829018,9.996648011472688,923.3239436619718,-326.32394366197184
34,2,0,9,72.0,597.0,1,3,11703.0,95.44260077732132,9.90820429641645,967.4583333333334,-370.4583333333333
34,2,2,1,128.0,613.0,1,1,11535.0,96.75529135152556,8.422233507448999,701.3333333333334,-88.33333333333333
34,2,2,1,128.0,613.0,1,2,4614.0,78.86389258140724,9.3872298511721,858.5,-245.5
35,2,0,9,72.0,597.0,1,1,13980.0,96.9073886317347,9.986077359273564,381.0,216.0
35,2,0,9,72.0,597.0,1,2,11184.0,93.93126171327484,9.847073328476458,560.25,36.75
35,2,2,8,389.0,993.0,0,1,232745.0,99.55853809323384,9.894187229196882,144.76829268292684,848.2317073170732
35,2,2,8,389.0,993.0,0,2,280404.0,99.76482878155046,9.971145451557412,144.86746987951807,848.1325301204819
35,2,2,8,389.0,993.0,0,3,13578.0,80.09041195121215,8.507264141197224,130.0,863.0
35,2,2,8,389.0,993.0,1,1,317562.0,99.87646314360306,9.999776059201526,1765.8346709470304,-772.8346709470305
35,2,2,8,389.0,993.0,1,2,325620.0,99.916926015462,9.999714428545522,1809.168284789644,-816.168284789644
35,2,2,8,389.0,993.0,1,3,14314.0,97.7788342449755,9.406289425642523,1936.5,-943.5
36,0,1,3,92.0,986.0,0,1,208473.0,98.84160611245667,9.87860273695537,133.58823529411765,852.4117647058823
36,0,1,3,92.0,986.0,0,2,264628.0,99.3711241554667,9.951268021112226,145.96478873239437,840.0352112676056
36,0,1,3,92.0,986.0,0,3,7299.0,89.79577060281697,9.870529813563568,137.0,849.0
36,0,1,3,92.0,986.0,1,1,292657.0,99.8091937115562,9.981429845031544,1238.3299663299663,-252.32996632996634
36,0,1,3,92.0,986.0,1,2,287657.0,99.94907834811715,9.998169282420385,1266.4021543985637,-280.4021543985637
36,0,1,3,92.0,986.0,1,3,12409.0,91.32534341181446,8.800039685686425,1186.9583333333333,-200.95833333333334
36,2,2,8,389.0,993.0,1,1,22488.0,97.27235207459562,9.916848512449493,228.91666666666666,764.0833333333334
36,2,2,8,389.0,993.0,1,2,14055.0,81.96383720021956,9.808691409356518,266.1333333333333,726.8666666666667
36,2,2,8,389.0,993.0,1,3,937.0,85.8245674840651,2.176805399243671,353.0,640.0
37,0,1,3,92.0,986.0,1,1,3224.0,90.63341682438664,9.800386456977526,319.0769230769231,666.9230769230769
37,2,2,0,350.0,917.0,0,1,340547.0,96.30639551076248,9.99911409796811,143.54166666666666,773.4583333333334
37,2,2,0,350.0,917.0,0,2,446212.0,98.4553185453156,9.970593050051594,113.8768115942029,803.1231884057971
37,2,2,0,350.0,917.0,0,3,8640.0,86.08793054194804,9.599502022736743,171.0,746.0
37,2,2,0,350.0,917.0,1,1,351370.0,99.9181873999652,9.992738286821297,895.1277683134583,21.87223168654174
37,2,2,0,350.0,917.0,1,2,340779.0,99.94113801435118,9.98771218244588,906.7060869565217,10.29391304347826
37,2,2,0,350.0,917.0,1,3,14769.0,93.74159885388757,9.956402060397195,859.0,58.0
38,2,2,0,350.0,917.0,1,1,2670.0,96.51011579525372,9.35696120468204,469.46666666666664,447.53333333333336
38,2,2,0,350.0,917.0,1,2,178.0,62.45398305387135,0.5130015729738191,555.0,362.0
38,2,3,1,378.0,695.0,0,1,291588.0,99.78708438415504,9.87223545358025,94.47321428571429,600.5267857142857
38,2,3,1,378.0,695.0,0,2,551565.0,99.86545032797856,9.990187756017004,126.19,568.81
38,2,3,1,378.0,695.0,0,3,13426.0,73.82628957320455,6.201154356825303,227.8,467.2
38,2,3,1,378.0,695.0,1,1,357007.0,99.96834849286417,9.998370987572644,643.3136593591905,51.68634064080944
38,2,3,1,378.0,695.0,1,2,309314.0,99.91987210459575,9.992500801194234,728.494140625,-33.494140625
38,2,3,1,378.0,695.0,1,3,13979.0,99.88110334463744,9.66320526801818,657.2173913043479,37.78260869565217
39,1,3,8,241.0,612.0,0,1,121734.0,97.61324078226296,9.754630210761032,75.50909090909092,536.4909090909091
39,1,3,8,241.0,612.0,0,2,81940.0,99.44468876057138,9.900137988055771,185.0,427.0
39,1,3,8,241.0,612.0,0,3,1038.0,97.32540569907586,5.9392832171566425,78.0,534.0
39,1,3,8,241.0,612.0,1,1,382446.0,99.93746588453214,9.994719930103043,3433.6553846153847,-2821.6553846153847
39,1,3,8,241.0,612.0,1,2,380017.0,99.84849521849848,9.99814925138617,3403.069069069069,-2791.069069069069
39,1,3,8,241.0,612.0,1,3,15527.0,91.06142373138944,9.803236741819989,3279.6666666666665,-2667.6666666666665
39,2,3,1,378.0,695.0,1,1,9105.0,99.6900905859972,8.401742483766993,250.2,444.8
39,2,3,1,378.0,695.0,1,2,7891.0,90.3171687744147,9.732926252652032,422.46153846153845,272.53846153846155
40,0,0,2,495.0,726.0,0,1,201202.0,99.78857600364096,9.97974792098478,105.94029850746269,620.0597014925373
40,0,0,2,495.0,726.0,0,2,209558.0,99.92713446445964,9.931719793709217,103.17105263157895,622.828947368421
40,0,0,2,495.0,726.0,0,3,7667.0,52.44258513096369,5.7146096179062775,56.5,669.5
40,0,0,2,495.0,726.0,1,1,348006.0,99.95180011467484,9.996439148417808,1174.5996860282576,-448.59968602825745
40,0,0,2,495.0,726.0,1,2,332683.0,99.94698577075862,9.998012320623,1171.1639871382636,-445.1639871382637
40,0,0,2,495.0,726.0,1,3,14067.0,99.50212624598583,9.7892623071276,1162.0,-436.0
40,1,3,8,241.0,612.0,1,1,3888.0,99.92811203797908,8.689102989814836,345.5625,266.4375
40,1,3,8,241.0,612.0,1,2,3645.0,97.89578748820844,9.991246612937465,538.3333333333334,73.66666666666667
40,1,3,8,241.0,612.0,1,3,243.0,45.98218253259958,2.334867564322648,650.0,-38.0
41,0,0,2,495.0,726.0,1,1,7065.0,89.34500914281006,9.620438691763656,271.6666666666667,454.3333333333333
41,0,0,2,495.0,726.0,1,2,7065.0,94.11361783882212,9.357511504465434,448.8666666666667,277.1333333333333
41,1,1,8,362.0,830.0,0,1,266514.0,99.9329855612874,9.98764064924874,150.61290322580646,679.3870967741935
41,1,1,8,362.0,830.0,0,2,250915.0,99.87098021358028,9.990323967158403,141.11827956989248,688.8817204301075
41,1,1,8,362.0,830.0,0,3,8605.0,95.10132564387992,9.964407991624128,121.66666666666667,708.3333333333334
41,1,1,8,362.0,830.0,1,1,281033.0,99.8567869282278,9.989771483440869,1217.8986928104575,-387.89869281045753
41,1,1,8,362.0,830.0,1,2,285682.0,99.96017694228031,9.98565976032262,1234.3024793388429,-404.302479338843
41,1,1,8,362.0,830.0,1,3,11128.0,99.06204411570197,9.770551104541504,1235.36,-405.36
42,1,1,8,362.0,830.0,1,1,1144.0,95.22192046071956,7.915497601237221,651.5,178.5
42,3,1,9,430.0,670.0,0,1,240561.0,99.42698133554174,9.903374973547397,87.94252873563218,582.0574712643678
42,3,1,9,430.0,670.0,0,2,300580.0,99.81751283004128,9.933363626732168,115.9622641509434,554.0377358490566
42,3,1,9,430.0,670.0,0,3,5527.0,71.90873208715527,2.134888239279106,154.5,515.5
42,3,1,9,430.0,670.0,1,1,361319.0,99.87748100876011,9.997700490869155,1522.1952,-852.1952
42,3,1,9,430.0,670.0,1,2,352180.0,99.88350867660166,9.984271164661784,1486.5782537067546,-816.5782537067545
42,3,1,9,430.0,670.0,1,3,16922.0,98.07401990345096,9.891911872807366,1433.576923076923,-763.5769230769231
43,1,1,6,402.0,931.0,0,1,462841.0,99.88996476361288,9.982266992124105,171.78518518518518,759.2148148148148
43,1,1,6,402.0,931.0,0,2,574771.0,99.9613371511826,9.99589777828924,158.85632183908046,772.1436781609195
43,1,1,6,402.0,931.0,0,3,25649.0,95.5716289421653,6.429066675244165,169.42857142857142,761.5714285714286
43,1,1,6,402.0,931.0,1,1,329578.0,99.7434120410401,9.987015513723996,1323.8581436077059,-392.85814360770576
43,1,1,6,402.0,931.0,1,2,307370.0,99.63283497222184,9.989577532432538,1346.313432835821,-415.3134328358209
43,1,1,6,402.0,931.0,1,3,13019.0,97.97386457699572,9.90466077261284,1452.3809523809523,-521.3809523809524
43,3,1,9,430.0,670.0,1,1,12960.0,93.49331050452052,9.933625076501526,379.3333333333333,290.6666666666667
43,3,1,9,430.0,670.0,1,2,2592.0,94.86312203342192,8.945875129624262,490.0,180.0
44,0,2,7,354.0,604.0,0,1,198032.0,98.88088131963256,9.93748253665613,117.61333333333333,486.38666666666666
44,0,2,7,354.0,604.0,0,2,318061.0,98.8065103803552,9.98886399642038,81.15116279069767,522.8488372093024
44,0,2,7,354.0,604.0,0,3,16497.0,78.74556849782168,8.645340898366014,123.4,480.6
44,0,2,7,354.0,604.0,1,1,390415.0,99.68943807797456,9.990872936409133,1414.0789889415482,-810.0789889415482
44,0,2,7,354.0,604.0,1,2,379913.0,99.9893473361078,9.99713900160292,1383.210355987055,-779.210355987055
44,0,2,7,354.0,604.0,1,3,14563.0,95.54419201202047,9.506319956687856,1301.2173913043478,-697.2173913043479
44,1,1,6,402.0,931.0,0,1,31935.0,98.330030448909,9.230296916565784,427.93333333333334,503.06666666666666
44,1,1,6,402.0,931.0,0,2,19161.0,81.51622453544911,9.59017204295496,537.2222222222222,393.77777777777777
45,0,2,7,354.0,604.0,0,1,126279.0,97.43835554942036,9.799087823731142,915.7777777777778,-311.77777777777777
45,0,2,7,354.0,604.0,0,2,70155.0,93.1716317879144,9.32714181929525,945.7333333333333,-341.73333333333335
45,0,2,7,354.0,604.0,0,3,4677.0,72.58073876478848,2.822216676670839,1032.0,-428.0
45,2,2,0,214.0,943.0,0,1,316749.0,99.76853792872804,9.98083348599087,175.2962962962963,767.7037037037037
45,2,2,0,214.0,943.0,0,2,365806.0,99.15353931089628,9.934910206167096,130.26956521739132,812.7304347826087
45,2,2,0,214.0,943.0,0,3,17448.0,98.8209770558895,9.96279593756566,218.8,724.2
45,2,2,0,214.0,943.0,1,1,298573.0,99.93896536633645,9.994569375966847,1299.0273504273505,-356.0273504273504
45,2,2,0,214.0,943.0,1,2,303446.0,99.72524560417794,9.99836702828173,1303.3756432246998,-360.37564322469984
45,2,2,0,214.0,943.0,1,3,13081.0,93.02326616718504,9.540370298537043,1270.409090909091,-327.40909090909093
46,2,1,9,219.0,787.0,0,1,271298.0,97.93386599529636,9.991258065363125,135.45192307692307,651.5480769230769
46,2,1,9,219.0,787.0,0,2,182869.0,98.48599326420565,9.582540933612286,92.76363636363637,694.2363636363636
46,2,1,9,219.0,787.0,0,3,13370.0,96.37873583799838,9.800278936172049,80.4,706.6
46,2,1,9,219.0,787.0,1,1,365563.0,99.99460933968464,9.994843958533718,1857.105,-1070.105
46,2,1,9,219.0,787.0,1,2,383211.0,99.92751182974744,9.986147593379783,1753.8569206842924,-966.8569206842924
46,2,1,9,219.0,787.0,1,3,15308.0,97.7631691732186,9.499021652187077,1884.5454545454545,-1097.5454545454545
46,2,2,0,214.0,943.0,1,1,10816.0,94.64824695796464,9.702766438795493,242.375,700.625
46,2,2,0,214.0,943.0,1,2,10140.0,97.33939824383152,9.959593110100249,411.2,531.8
46,2,2,0,214.0,943.0,1,3,676.0,87.66999182935288,9.826001919542197,478.0,465.0
47,2,1,9,219.0,787.0,1,1,15079.0,99.62531125071192,9.9170377493167,124.94117647058823,662.0588235294117
47,2,1,9,219.0,787.0,1,2,13305.0,99.39273430160472,9.215566383665289,275.26666666666665,511.73333333333335
47,2,1,9,219.0,787.0,1,3,887.0,87.51213279904876,3.389428306364249,367.0,420.0
47,3,3,1,351.0,714.0,0,1,254432.0,99.03791933229338,9.832729345930977,71.00990099009901,642.990099009901
47,3,3,1,351.0,714.0,0,2,460462.0,99.93109297309184,9.936244048624078,119.87790697674419,594.1220930232558
47,3,3,1,351.0,714.0,0,3,13803.0,99.02865485992736,6.175607810753224,167.5,546.5
47,3,3,1,351.0,714.0,1,1,331189.0,99.8756007889366,9.997161992912211,839.9568106312292,-125.95681063122923
47,3,3,1,351.0,714.0,1,2,288972.0,99.8871493221491,9.995400540101912,943.6768060836501,-229.67680608365018
47,3,3,1,351.0,714.0,1,3,11787.0,91.59305150179102,9.194233029617791,955.5217391304348,-241.52173913043478
48,3,1,7,214.0,514.0,0,1,133215.0,99.92834475207955,9.19459635466999,93.52727272727273,420.4727272727273
48,3,1,7,214.0,514.0,0,2,240046.0,99.59368819864568,9.581269928624575,77.45569620253164,436.54430379746833
48,3,1,7,214.0,514.0,0,3,12207.0,48.21710548487499,9.866313144357289,92.33333333333333,421.6666666666667
48,3,1,7,214.0,514.0,1,1,333289.0,99.72043001376352,9.961053608712556,1150.468509984639,-636.468509984639
48,3,1,7,214.0,514.0,1,2,317845.0,99.92340933841687,9.98470126850051,1141.6661341853035,-627.6661341853035
48,3,1,7,214.0,514.0,1,3,11041.0,98.28964883043382,9.583116313256868,1196.12,-682.12
48,3,3,1,351.0,714.0,1,1,8820.0,99.7255752567855,8.494931443140164,160.26666666666668,553.7333333333333
48,3,3,1,351.0,714.0,1,2,4704.0,96.22752069442076,7.233904308156747,275.75,438.25
49,3,1,7,214.0,514.0,0,1,58380.0,91.29955175519392,9.46561025455821,435.75,78.25
49,3,1,7,214.0,514.0,0,2,43785.0,80.2232421750935,9.935948158362256,519.4,-5.4
49,3,1,7,214.0,514.0,0,3,2919.0,71.49505584287255,3.4356990945061225,598.0,-84.0
49,3,3,1,347.0,950.0,0,1,254679.0,96.73940266985365,9.823761930001908,140.71134020618555,809.2886597938144
49,3,3,1,347.0,950.0,0,2,288586.0,99.27845516231253,9.883194186239855,155.45689655172413,794.5431034482758
49,3,3,1,347.0,950.0,0,3,13473.0,78.02283971626578,9.05052231567258,168.33333333333334,781.6666666666666
49,3,3,1,347.0,950.0,1,1,388432.0,99.66549030098258,9.972027213067312,1468.233830845771,-518.2338308457712
49,3,3,1,347.0,950.0,1,2,383647.0,99.96913639101314,9.992375520211404,1498.7817869415808,-548.7817869415808
49,3,3,1,347.0,950.0,1,3,13344.0,93.1435814448568,8.657627610197476,1458.7142857142858,-508.7142857142857
50,3,0,2,138.0,536.0,0,1,167780.0,99.50183683590627,9.872471830962118,103.75,432.25
50,3,0,2,138.0,536.0,0,2,92944.0,99.31297726062992,9.741551557819406,60.93478260869565,475.0652173913044
50,3,0,2,138.0,536.0,0,3,2734.0,50.7638378673832,5.420661452797926,144.0,392.0
50,3,0,2,138.0,536.0,1,1,342434.0,99.92204177865334,9.999101936225394,1462.1109399075501,-926.1109399075501
50,3,0,2,138.0,536.0,1,2,378031.0,99.90912620135607,9.99682277503624,1413.5523520485585,-877.5523520485584
50,3,0,2,138.0,536.0,1,3,15223.0,99.4515711375346,9.229512285726235,1434.5925925925926,-898.5925925925926
50,3,3,1,347.0,950.0,0,1,48195.0,85.24615798253875,9.92828346711557,227.06666666666666,722.9333333333333
50,3,3,1,347.0,950.0,0,2,28917.0,92.24806480543998,8.743321693767603,350.22222222222223,599.7777777777778
51,0,2,4,351.0,500.0,0,1,149512.0,95.42234468978135,9.990160096178606,77.53571428571429,422.4642857142857
51,0,2,4,351.0,500.0,0,2,251333.0,97.3288572843351,9.844880723527208,107.28205128205128,392.71794871794873
51,0,2,4,351.0,500.0,0,3,4853.0,58.88615509137342,4.617051685887282,169.0,331.0
51,0,2,4,351.0,500.0,1,1,331594.0,99.7964216012599,9.973144903467198,1518.9260400616333,-1018.9260400616333
51,0,2,4,351.0,500.0,1,2,318291.0,99.96707033551002,9.99612762805502,1454.5757575757575,-954.5757575757576
51,0,2,4,351.0,500.0,1,3,15220.0,97.10525659731788,9.753266778093344,1428.962962962963,-928.9629629629629
51,3,0,2,138.0,536.0,1,1,11130.0,96.6060356542502,7.486289498580994,246.33333333333334,289.6666666666667
51,3,0,2,138.0,536.0,1,2,5936.0,95.60358949860304,9.527263294061926,375.5,160.5
52,0,2,4,351.0,500.0,1,1,10416.0,86.26183844868949,8.397615023069534,455.25,44.75
52,0,2,4,351.0,500.0,1,2,9765.0,92.73351953710426,9.708733941319409,606.6,-106.6
52,0,2,4,351.0,500.0,1,3,651.0,93.22365457077676,4.410951774261935,708.0,-208.0
52,3,0,7,341.0,703.0,0,1,393257.0,99.61305683383858,9.910126123973866,134.17460317460316,568.8253968253969
52,3,0,7,341.0,703.0,0,2,295222.0,99.13179805073852,9.966967182702414,109.76041666666667,593.2395833333334
52,3,0,7,341.0,703.0,0,3,9134.0,79.72609644675492,9.060653615375836,183.66666666666666,519.3333333333334
52,3,0,7,341.0,703.0,1,1,314876.0,99.83430239818362,9.984391420866174,1006.1848013816925,-303.1848013816926
52,3,0,7,341.0,703.0,1,2,333149.0,99.41156912049898,9.997314273928914,988.9202657807309,-285.9202657807309
52,3,0,7,341.0,703.0,1,3,13605.0,95.7580128720761,9.734553255814347,987.3333333333334,-284.3333333333333
53,2,0,2,57.0,596.0,0,1,185581.0,99.37985270021454,9.98532367849013,82.36486486486487,513.6351351351351
53,2,0,2,57.0,596.0,0,2,227987.0,99.57082519891016,9.934758914358,108.28421052631579,487.7157894736842
53,2,0,2,57.0,596.0,1,1,384302.0,99.92563833403216,9.996099026155443,1357.0542635658915,-761.0542635658915
53,2,0,2,57.0,596.0,1,2,381857.0,99.96380216220058,9.995954235650077,1379.5404530744336,-783.5404530744337
53,2,0,2,57.0,596.0,1,3,17402.0,98.8515711659342,9.520226250961024,1300.4285714285713,-704.4285714285714
53,3,0,7,341.0,703.0,1,1,871.0,91.56731941069106,5.423980116847925,274.0,429.0
54,1,3,4,419.0,724.0,0,1,453706.0,99.87407613901624,9.946295148242877,110.69426751592357,613.3057324840764
54,1,3,4,419.0,724.0,0,2,438027.0,99.92031330146222,9.903557291558624,99.98581560283688,624.0141843971631
54,1,3,4,419.0,724.0,0,3,20967.0,99.7273826537305,9.638155047661469,95.33333333333333,628.6666666666666
54,1,3,4,419.0,724.0,1,1,330991.0,99.74813089342732,9.98635421139636,846.0250447227191,-122.02504472271914
54,1,3,4,419.0,724.0,1,2,343907.0,99.99691951981652,9.994226796644911,812.5034965034965,-88.5034965034965
54,1,3,4,419.0,724.0,1,3,12035.0,98.46413882022456,9.323794192020792,754.7272727272727,-30.727272727272727
54,2,0,2,57.0,596.0,1,1,3628.0,91.44786598054542,8.812596998343032,85.25,510.75
55,1,1,9,71.0,660.0,0,1,370749.0,99.08171269543936,9.897808668719051,110.2781954887218,549.7218045112782
55,1,1,9,71.0,660.0,0,2,393093.0,99.5304106415797,9.930782094294145,134.97692307692307,525.0230769230769
55,1,1,9,71.0,660.0,0,3,10975.0,94.25880833274636,6.275348049091568,157.75,502.25
55,1,1,9,71.0,660.0,1,1,347912.0,99.90732642448944,9.969888674424231,1110.3941979522185,-450.3941979522184
55,1,1,9,71.0,660.0,1,2,350473.0,99.93746988053064,9.978928265179238,1100.811320754717,-440.811320754717
55,1,1,9,71.0,660.0,1,3,14870.0,94.88339863841144,9.867947751236416,1010.2083333333334,-350.2083333333333
55,1,3,4,419.0,724.0,0,1,4542.0,69.25664227366818,9.391946609737284,197.0,527.0
56,1,1,9,71.0,660.0,1,1,3225.0,98.15720808066423,9.641918628862424,286.6666666666667,373.3333333333333
56,1,1,9,71.0,660.0,1,2,3225.0,97.13610634814307,9.995461670033736,484.06666666666666,175.93333333333334
56,3,1,2,277.0,715.0,0,1,284874.0,97.84409946326156,9.979532110789153,132.078125,582.921875
56,3,1,2,277.0,715.0,0,2,91926.0,98.0696308411972,9.883569904350978,123.37288135593221,591.6271186440678
56,3,1,2,277.0,715.0,0,3,17957.0,99.43313702888136,9.49476137862979,52.57142857142857,662.4285714285714
56,3,1,2,277.0,715.0,1,1,322758.0,99.96077396453914,9.995620183243272,1388.675909878683,-673.6759098786829
56,3,1,2,277.0,715.0,1,2,359672.0,99.79017912149064,9.975346742227364,1382.0594679186229,-667.0594679186229
56,3,1,2,277.0,715.0,1,3,10910.0,99.5754787803412,9.954408254414805,1402.904761904762,-687.9047619047619
57,1,2,2,196.0,606.0,0,1,164935.0,99.0836850019011,9.854415507909648,104.22857142857143,501.77142857142854
57,1,2,2,196.0,606.0,0,2,163877.0,94.37544019061252,9.967484802091594,103.55932203389831,502.4406779661017
57,1,2,2,196.0,606.0,0,3,10553.0,69.8077888581443,9.011157413905169,128.66666666666666,477.3333333333333
57,1,2,2,196.0,606.0,1,1,332351.0,99.8249668504226,9.950759466111132,1658.2204724409448,-1052.2204724409448
57,1,2,2,196.0,606.0,1,2,338277.0,99.9519783713982,9.977503435802516,1657.4105754276827,-1051.4105754276827
57,1,2,2,196.0,606.0,1,3,13384.0,98.145302961576,9.728402636981844,1690.8,-1084.8
57,3,1,2,277.0,715.0,1,1,5055.0,95.77911002354917,9.746321032036416,316.6,398.4
57,3,1,2,277.0,715.0,1,2,3707.0,92.39746743112306,6.905859183095366,467.1818181818182,247.8181818181818
58,1,2,2,196.0,606.0,1,1,11532.0,94.69391455968592,8.817121084954229,582.8333333333334,23.166666666666668
58,3,3,2,252.0,673.0,0,1,235360.0,97.37611467128012,9.566893505800818,93.3875,579.6125
58,3,3,2,252.0,673.0,0,2,162723.0,99.84303569494048,9.91241048832653,90.49295774647888,582.5070422535211
58,3,3,2,252.0,673.0,0,3,5064.0,88.14746657803937,7.007229967817335,131.0,542.0
58,3,3,2,252.0,673.0,1,1,330840.0,99.9573141723372,9.96536202886504,2045.5525477707006,-1372.5525477707006
58,3,3,2,252.0,673.0,1,2,344718.0,99.85973012119834,9.98664950450138,2027.5233644859813,-1354.5233644859813
58,3,3,2,252.0,673.0,1,3,14629.0,99.055441133704,9.784742730424746,2118.68,-1445.68
59,2,2,7,117.0,721.0,0,1,172739.0,97.40278691460176,9.886642416772316,82.53623188405797,638.463768115942
59,2,2,7,117.0,721.0,0,2,252492.0,99.90063502231575,9.771613499738825,101.02105263157895,619.978947368421
59,2,2,7,117.0,721.0,0,3,16647.0,91.8407027809771,5.630086736658804,40.4,680.6
59,2,2,7,117.0,721.0,1,1,354933.0,99.4492544229733,9.99905999039236,1570.8467614533965,-849.8467614533965
59,2,2,7,117.0,721.0,1,2,335547.0,99.9585942097401,9.996349619903029,1662.9004975124378,-941.9004975124378
59,2,2,7,117.0,721.0,1,3,13080.0,91.66453885975956,9.878349361197412,1600.8636363636363,-879.8636363636364
59,3,3,2,252.0,673.0,1,1,14346.0,98.45341325516164,9.654365666560045,607.5555555555555,65.44444444444444
59,3,3,2,252.0,673.0,1,2,11955.0,98.4079465525445,8.773827775367916,753.4666666666667,-80.46666666666667
59,3,3,2,252.0,673.0,1,3,797.0,77.58094279432913,4.436742252885754,865.0,-192.0
60,2,2,7,117.0,721.0,1,1,7320.0,99.27912785982292,9.849725181300764,411.53333333333336,309.46666666666664
60,2,2,7,117.0,721.0,1,2,4880.0,94.64695311522571,9.392286692287636,585.9,135.1
60,3,3,0,384.0,611.0,0,1,175859.0,99.70585033815048,9.766031200155574,103.31645569620254,507.6835443037975
60,3,3,0,384.0,611.0,0,2,169353.0,96.92831478995508,9.78489977350836,122.53521126760563,488.46478873239437
60,3,3,0,384.0,611.0,0,3,8078.0,75.06380120295061,7.107282281929736,132.33333333333334,478.6666666666667
60,3,3,0,384.0,611.0,1,1,334691.0,99.76119911137926,9.973140323851506,1344.8309409888357,-733.8309409888358
60,3,3,0,384.0,611.0,1,2,341914.0,99.97533832383026,9.956396436099327,1324.3053797468353,-713.3053797468355
60,3,3,0,384.0,611.0,1,3,14548.0,99.12554172323436,9.62307931419445,1380.36,-769.36
61,0,3,7,77.0,585.0,0,1,201735.0,98.18703544536432,9.933263265298532,65.46666666666667,519.5333333333333
61,0,3,7,77.0,585.0,0,2,205102.0,98.2467513399167,9.735094421368537,94.93150684931507,490.06849315068496
61,0,3,7,77.0,585.0,0,3,11049.0,80.79842695203034,6.108785595125188,36.333333333333336,548.6666666666666
61,0,3,7,77.0,585.0,1,1,381193.0,99.85231938302744,9.991056595708995,961.9302694136292,-376.93026941362916
61,0,3,7,77.0,585.0,1,2,367227.0,99.96757293132433,9.99849132932021,961.0883280757098,-376.0883280757098
61,0,3,7,77.0,585.0,1,3,14992.0,95.06978571127274,9.406595416402231,913.4,-328.4
61,3,3,0,384.0,611.0,1,1,11190.0,93.73669989504197,9.630366033486313,284.1333333333333,326.8666666666667
61,3,3,0,384.0,611.0,1,2,5222.0,78.79970701310381,7.149999671627107,402.57142857142856,208.42857142857142
62,0,3,7,77.0,585.0,0,1,69300.0,98.6339850063784,9.467045205000076,396.73333333333335,188.26666666666668
62,0,3,7,77.0,585.0,0,2,64680.0,97.38774672057954,7.800556294851862,589.7857142857143,-4.785714285714286
62,2,0,5,108.0,818.0,0,1,239142.0,99.69121168057076,9.612238872646124,87.144578313253,730.855421686747
62,2,0,5,108.0,818.0,0,2,113229.0,98.32209181706952,9.7806788372005,125.6,692.4
62,2,0,5,108.0,818.0,0,3,11896.0,91.2217029506343,9.305940834392588,51.25,766.75
62,2,0,5,108.0,818.0,1,1,350838.0,99.95769603211863,9.99734084224493,1498.7475884244373,-680.7475884244373
62,2,0,5,108.0,818.0,1,2,364696.0,99.98354825807974,9.990341971574034,1516.4188163884673,-698.4188163884673
62,2,0,5,108.0,818.0,1,3,14599.0,90.73855666227108,9.015795015125567,1527.375,-709.375
63,2,0,5,108.0,818.0,1,1,14175.0,98.44035465010748,9.640808189382891,185.2,632.8
63,2,0,5,108.0,818.0,1,2,13230.0,91.47341397731728,9.5824106314347,338.92857142857144,479.07142857142856
63,3,1,4,175.0,761.0,0,1,269281.0,99.60704017189984,9.807279321528709,111.88888888888889,649.1111111111111
63,3,1,4,175.0,761.0,0,2,282943.0,99.667379412024,9.940838976749426,63.41489361702128,697.5851063829788
63,3,1,4,175.0,761.0,0,3,22321.0,93.48543854164735,6.095359071841396,63.833333333333336,697.1666666666666
63,3,1,4,175.0,761.0,1,1,336537.0,99.93156115172307,9.996597140690072,1026.0913461538462,-265.09134615384613
63,3,1,4,175.0,761.0,1,2,323073.0,99.9269597268602,9.96929837653452,1094.5652892561984,-333.56528925619835
63,3,1,4,175.0,761.0,1,3,11743.0,98.28587413051105,9.078430814580944,1151.7272727272727,-390.72727272727275
64,2,3,1,289.0,796.0,0,1,263015.0,98.69994534222424,9.99275136335183,116.03809523809524,679.9619047619047
64,2,3,1,289.0,796.0,0,2,266272.0,99.90062163321676,9.94857811200876,146.03225806451613,649.9677419354839
64,2,3,1,289.0,796.0,0,3,7224.0,42.8718189829104,8.433760957989504,216.33333333333334,579.6666666666666
64,2,3,1,289.0,796.0,1,1,343174.0,99.75689205555476,9.962704447193689,2263.6894824707847,-1467.6894824707847
64,2,3,1,289.0,796.0,1,2,324727.0,99.95075770670373,9.960048636789155,2256.4295652173914,-1460.4295652173912
64,2,3,1,289.0,796.0,1,3,14064.0,97.758601771331,9.549156355422069,2129.4583333333335,-1333.4583333333333
64,3,1,4,175.0,761.0,0,1,67072.0,99.94675834300403,9.06725226014026,387.0625,373.9375
64,3,1,4,175.0,761.0,0,2,62880.0,83.02626462728688,9.946660434367068,540.5333333333333,220.46666666666667
64,3,1,4,175.0,761.0,0,3,4192.0,84.73169630315321,8.403498005470153,644.0,117.0
65,0,1,5,468.0,762.0,0,1,213827.0,99.94288830101846,9.98401594550594,155.37254901960785,606.6274509803922
65,0,1,5,468.0,762.0,0,2,229982.0,98.84356484079991,9.938656499636608,82.65555555555555,679.3444444444444
65,0,1,5,468.0,762.0,0,3,12354.0,85.86756903925365,7.086515546730139,105.2,656.8
65,0,1,5,468.0,762.0,1,1,378007.0,99.99526744165576,9.91406987973975,1666.6466666666668,-904.6466666666666
65,0,1,5,468.0,762.0,1,2,372306.0,99.95275839007076,9.989015562806962,1704.7269736842106,-942.7269736842105
65,0,1,5,468.0,762.0,1,3,13657.0,95.37313570847948,9.602547525804626,1689.590909090909,-927.5909090909091
65,2,3,1,289.0,796.0,1,1,11250.0,98.62390167824144,9.186569255325075,457.8333333333333,338.1666666666667
65,2,3,1,289.0,796.0,1,2,9375.0,91.4015544093603,9.744879851401034,572.8666666666667,223.13333333333333
65,2,3,1,289.0,796.0,1,3,625.0,71.50798573253581,6.931871704712941,636.0,160.0
66,0,1,5,468.0,762.0,1,1,6660.0,93.20895053390834,9.34450379771874,528.2,233.8
66,0,1,5,468.0,762.0,1,2,4995.0,99.5469359564501,9.153572253424436,631.0666666666667,130.93333333333334
66,0,1,5,468.0,762.0,1,3,333.0,62.19239233597065,3.138764242882938,725.0,37.0
66,1,1,6,461.0,789.0,0,1,264347.0,98.4698705053226,9.808372475538242,145.3370786516854,643.6629213483146
66,1,1,6,461.0,789.0,0,2,221754.0,99.4683188289598,9.923006056995508,131.24,657.76
66,1,1,6,461.0,789.0,0,3,11807.0,75.29379022167363,9.7144004945675,192.25,596.75
66,1,1,6,461.0,789.0,1,1,336528.0,99.95628565000032,9.984999993695665,1781.2504091653027,-992.2504091653028
66,1,1,6,461.0,789.0,1,2,345023.0,99.99299466671766,9.97916670014686,1711.4093097913324,-922.4093097913322
66,1,1,6,461.0,789.0,1,3,13165.0,97.96394354949696,9.754213740022616,1870.8695652173913,-1081.8695652173913
67,1,1,6,461.0,789.0,1,1,17946.0,99.89445572903034,9.35708717280392,393.27777777777777,395.72222222222223
67,1,1,6,461.0,789.0,1,2,14955.0,97.6051547726783,9.886177392648314,532.1333333333333,256.8666666666667
67,1,1,6,461.0,789.0,1,3,997.0,95.36953673690734,0.8666023117863131,631.0,158.0
67,1,2,0,458.0,842.0,0,1,239865.0,99.52608447383884,9.968272098942842,128.5568181818182,713.4431818181819
67,1,2,0,458.0,842.0,0,2,273079.0,99.72740091423738,9.975285238669867,113.47524752475248,728.5247524752475
67,1,2,0,458.0,842.0,0,3,9944.0,81.27572811003866,3.67581512899512,138.66666666666666,703.3333333333334
67,1,2,0,458.0,842.0,1,1,345056.0,99.95096107560806,9.986100058157795,1650.7121951219513,-808.7121951219513
67,1,2,0,458.0,842.0,1,2,322744.0,99.9051106359319,9.99822429647789,1689.2562814070352,-847.2562814070352
67,1,2,0,458.0,842.0,1,3,12271.0,98.98090768391384,9.936648109960933,1771.875,-929.875
68,1,2,0,458.0,842.0,0,1,44460.0,97.38421158987816,9.454284741071769,450.7,391.3
68,1,2,0,458.0,842.0,0,2,33345.0,93.58065328602775,9.992452412422894,554.4,287.6
68,1,2,0,458.0,842.0,0,3,2223.0,59.30558771987107,2.3335914734136374,622.0,220.0
68,2,1,7,411.0,962.0,0,1,492660.0,99.06786211950453,9.951848528933285,176.65405405405406,785.3459459459459
68,2,1,7,411.0,962.0,0,2,594028.0,99.67186802052456,9.928421429559958,157.25806451612902,804.741935483871
68,2,1,7,411.0,962.0,0,3,26105.0,96.80208080647704,9.6982707255542,131.44444444444446,830.5555555555555
68,2,1,7,411.0,962.0,1,1,291392.0,99.9431455453452,9.994426663798654,940.9650485436894,21.03495145631068
68,2,1,7,411.0,962.0,1,2,292385.0,99.73651614560458,9.957498870244248,942.396484375,19.603515625
68,2,1,7,411.0,962.0,1,3,9886.0,99.057810168302,8.711152737238585,951.4444444444445,10.555555555555555
69,1,0,3,119.0,629.0,0,1,125371.0,98.35820047238128,9.716165281181745,80.10169491525424,548.8983050847457
69,1,0,3,119.0,629.0,0,2,101091.0,96.41771311986952,9.464222850676896,99.26086956521739,529.7391304347826
69,1,0,3,119.0,629.0,0,3,6033.0,98.67325393957331,3.5933596081554366,63.5,565.5
69,1,0,3,119.0,629.0,1,1,360982.0,99.9907780307528,9.988446145640504,1570.5263157894738,-941.5263157894736
69,1,0,3,119.0,629.0,1,2,373630.0,99.9832312607357,9.997272935212596,1647.4634146341464,-1018.4634146341464
69,1,0,3,119.0,629.0,1,3,16766.0,99.750276638015,9.482230601250071,1700.1923076923076,-1071.1923076923076
69,2,1,7,411.0,962.0,0,1,49440.0,98.22142569861109,9.99017265146977,410.6,551.4
69,2,1,7,411.0,962.0,0,2,36256.0,94.01161512800005,9.012834684725444,560.0909090909091,401.90909090909093
70,1,0,3,119.0,629.0,1,1,24258.0,96.71577298143782,9.5557465569092,517.1923076923077,111.8076923076923
70,1,0,3,119.0,629.0,1,2,13995.0,91.51802205123371,9.37553955251017,573.3333333333334,55.666666666666664
70,1,0,3,119.0,629.0,1,3,933.0,64.78762281000391,5.52455056927558,655.0,-26.0
70,3,1,8,50.0,968.0,0,1,214183.0,99.79252719496058,9.96269519364214,164.62962962962962,803.3703703703703
70,3,1,8,50.0,968.0,0,2,237744.0,99.71100779569156,9.895395027401651,149.096,818.904
70,3,1,8,50.0,968.0,0,3,8768.0,76.25499118731628,9.5781373540407,157.0,811.0
70,3,1,8,50.0,968.0,1,1,346452.0,99.51977278669987,9.999736799248678,2525.3993174061434,-1557.3993174061434
70,3,1,8,50.0,968.0,1,2,320232.0,99.84764579411616,9.953538902433044,2568.129144851658,-1600.1291448516579
70,3,1,8,50.0,968.0,1,3,13758.0,98.31347487397382,9.386216006033672,2466.0833333333335,-1498.0833333333333
71,2,1,2,436.0,974.0,0,1,415024.0,99.5320922025304,9.939226268591716,167.12025316455697,806.879746835443
71,2,1,2,436.0,974.0,0,2,457284.0,99.77459247713546,9.917374780412809,180.11176470588236,793.8882352941176
71,2,1,2,436.0,974.0,0,3,10738.0,86.29004156680102,8.63374701836692,187.5,786.5
71,2,1,2,436.0,974.0,1,1,298411.0,99.63663344184393,9.991805352052436,920.6273062730627,53.37269372693727
71,2,1,2,436.0,974.0,1,2,299878.0,99.88988456519104,9.995862664193483,916.4337121212121,57.566287878787875
71,2,1,2,436.0,974.0,1,3,12756.0,92.46831498034268,9.99367299334655,844.3913043478261,129.6086956521739
71,3,1,8,50.0,968.0,0,1,79060.0,97.48251612865845,9.628625215731333,289.9,678.1
71,3,1,8,50.0,968.0,0,2,59295.0,99.6747249498307,9.466996600805595,391.8666666666667,576.1333333333333
71,3,1,8,50.0,968.0,0,3,3953.0,99.34673367117992,3.740879306656381,466.0,502.0
72,2,1,2,436.0,974.0,1,1,14865.0,90.50935082027388,8.76045482401967,809.6666666666666,164.33333333333334
72,2,1,2,436.0,974.0,1,2,2973.0,72.40239339694875,8.61475482285655,920.3333333333334,53.666666666666664
72,3,0,5,454.0,560.0,0,1,143955.0,99.97863463787964,9.829376594696344,102.07352941176471,457.9264705882353
72,3,0,5,454.0,560.0,0,2,204926.0,99.41755910403782,9.266723834759455,72.8923076923077,487.10769230769233
72,3,0,5,454.0,560.0,0,3,2432.0,70.22749545255851,2.99420730999149,96.0,464.0
72,3,0,5,454.0,560.0,1,1,343609.0,99.89224958334454,9.979090124963951,1361.9686520376176,-801.9686520376175
72,3,0,5,454.0,560.0,1,2,361437.0,99.97130987975248,9.966775816156764,1306.125581395349,-746.1255813953488
72,3,0,5,454.0,560.0,1,3,14676.0,99.52676902365036,9.981596232909046,1253.6923076923076,-693.6923076923077
73,1,2,5,457.0,863.0,0,1,281780.0,98.7055225688223,9.93288060061299,146.14814814814815,716.8518518518518
73,1,2,5,457.0,863.0,0,2,213688.0,99.65095506391006,9.932591689229938,118.0375,744.9625
73,1,2,5,457.0,863.0,0,3,18037.0,69.0963274177558,6.883025047802736,77.83333333333333,785.1666666666666
73,1,2,5,457.0,863.0,1,1,327018.0,99.96021854781338,9.994331815400209,1079.1306532663316,-216.13065326633165
73,1,2,5,457.0,863.0,1,2,347347.0,99.77167041084638,9.998767400350182,1035.088996763754,-172.08899676375404
73,1,2,5,457.0,863.0,1,3,14199.0,96.3801532474914,9.123104937959436,896.2727272727273,-33.27272727272727
73,3,0,5,454.0,560.0,1,1,5910.0,89.82767483281258,9.22344869120905,167.26666666666668,392.73333333333335
73,3,0,5,454.0,560.0,1,2,5910.0,88.39780449462063,9.935101822517796,385.46666666666664,174.53333333333333
74,1,2,5,457.0,863.0,1,1,13725.0,89.7465093794134,9.913529238224752,271.6,591.4
74,1,2,5,457.0,863.0,1,2,7320.0,79.87203913475629,7.726418537296311,407.875,455.125
74,1,3,1,113.0,502.0,0,1,36304.0,91.14119055824472,9.774190826283856,41.285714285714285,460.7142857142857
74,1,3,1,113.0,502.0,0,2,220429.0,99.978568084747,9.990082771856605,60.26190476190476,441.73809523809524
74,1,3,1,113.0,502.0,0,3,3128.0,96.05298241465982,3.3767016590934062,99.5,402.5
74,1,3,1,113.0,502.0,1,1,390151.0,99.98672158176886,9.995304854329186,1048.135838150289,-546.135838150289
74,1,3,1,113.0,502.0,1,2,346456.0,99.98851140364532,9.982243570961318,1083.209003215434,-581.2090032154341
74,1,3,1,113.0,502.0,1,3,14342.0,99.47763691227756,9.953895204729251,1026.3076923076924,-524.3076923076923
75,1,2,3,255.0,861.0,0,1,263428.0,99.13904926972567,9.923319728913995,205.60377358490567,655.3962264150944
75,1,2,3,255.0,861.0,0,2,307823.0,99.327869142891,9.593042049087591,171.84347826086957,689.1565217391304
75,1,2,3,255.0,861.0,0,3,10626.0,78.93632848145863,9.585832950157444,240.5,620.5
75,1,2,3,255.0,861.0,1,1,365168.0,99.96709963829164,9.999711154793104,1469.952691680261,-608.952691680261
75,1,2,3,255.0,861.0,1,2,332109.0,99.89798089208676,9.978087575305524,1476.1204013377926,-615.1204013377926
75,1,2,3,255.0,861.0,1,3,12679.0,96.92606057160567,8.86995943446036,1486.9583333333333,-625.9583333333334
75,1,3,1,113.0,502.0,0,1,2241.0,64.73194864550175,9.913004439398032,326.0,176.0
76,1,2,3,255.0,861.0,1,1,1590.0,82.94328265458685,8.530908757231483,682.0,179.0
76,1,2,3,255.0,861.0,1,2,1590.0,98.95951423714158,9.949931800429194,877.4,-16.4
76,1,2,3,255.0,861.0,1,3,106.0,36.18294111529479,0.2172091171353396,1026.0,-165.0
76,1,3,6,426.0,938.0,0,1,336979.0,98.81132448514718,9.978245335658592,148.1156462585034,789.8843537414966
76,1,3,6,426.0,938.0,0,2,345482.0,99.21150292532924,9.827508062143352,184.73758865248226,753.2624113475177
76,1,3,6,426.0,938.0,0,3,12966.0,93.82066745078409,9.662358732124208,111.6,826.4
76,1,3,6,426.0,938.0,1,1,270244.0,99.97131584411352,9.98991717144278,1571.557347670251,-633.5573476702509
76,1,3,6,426.0,938.0,1,2,280499.0,99.84549209395225,9.96472849481336,1662.9640933572712,-724.964093357271
76,1,3,6,426.0,938.0,1,3,8264.0,99.53959325733622,9.69291541307306,1666.7272727272727,-728.7272727272727
77,1,3,6,426.0,938.0,1,1,10192.0,98.54348704157564,8.134839614290774,167.3125,770.6875
77,1,3,6,426.0,938.0,1,2,9555.0,98.45023610288176,9.293244171237568,351.3333333333333,586.6666666666666
77,1,3,6,426.0,938.0,1,3,637.0,33.09895604480657,8.582179377416464,472.0,466.0
77,3,1,1,112.0,784.0,0,1,464987.0,99.86142337827766,9.99940996973696,120.71361502347418,663.2863849765258
77,3,1,1,112.0,784.0,0,2,297186.0,99.79730201602425,9.949061509615676,141.626582278481,642.373417721519
77,3,1,1,112.0,784.0,0,3,9497.0,74.6075313188197,8.715664913309366,82.0,702.0
77,3,1,1,112.0,784.0,1,1,272941.0,99.54198110065812,9.997052224665577,1011.5955284552846,-227.59552845528455
77,3,1,1,112.0,784.0,1,2,296728.0,99.69434848835148,9.98789340332243,983.28280961183,-199.28280961182995
77,3,1,1,112.0,784.0,1,3,11938.0,91.53678966044708,8.547373189127491,1032.5714285714287,-248.57142857142858
78,0,0,2,249.0,570.0,0,1,177091.0,99.59255833575972,9.756302027485916,100.94736842105263,469.05263157894734
78,0,0,2,249.0,570.0,0,2,181573.0,98.44798329142404,9.869742101001693,88.67857142857143,481.32142857142856
78,0,0,2,249.0,570.0,0,3,11436.0,84.66307428849856,6.155854634517645,84.0,486.0
78,0,0,2,249.0,570.0,1,1,379249.0,99.78502971774184,9.992453097753192,1382.1244239631337,-812.1244239631336
78,0,0,2,249.0,570.0,1,2,390084.0,99.914963425865,9.99727342992861,1329.0304414003044,-759.0304414003044
78,0,0,2,249.0,570.0,1,3,12874.0,95.01031930025223,9.712628498050636,1499.3333333333333,-929.3333333333334
78,3,1,1,112.0,784.0,1,1,7536.0,99.7894230599903,9.891371856750029,279.5,504.5
79,0,0,2,249.0,570.0,0,1,55464.0,76.02033245187356,9.122233716710529,105.91666666666667,464.0833333333333
79,3,2,0,423.0,613.0,0,1,169647.0,99.6001064374832,9.919830473552176,85.04545454545455,527.9545454545455
79,3,2,0,423.0,613.0,0,2,198522.0,99.50914587752148,9.979657587540569,109.63414634146342,503.3658536585366
79,3,2,0,423.0,613.0,0,3,10196.0,86.90594117107166,6.523168336580269,82.5,530.5
79,3,2,0,423.0,613.0,1,1,376109.0,99.92954699400272,9.982436188450516,949.1403225806451,-336.14032258064515
79,3,2,0,423.0,613.0,1,2,372598.0,99.91854411424274,9.984655694828154,937.8732171156894,-324.8732171156894
79,3,2,0,423.0,613.0,1,3,15267.0,98.74549589484693,9.51994126887458,944.625,-331.625
80,1,0,1,323.0,832.0,0,1,353807.0,99.2498451496418,9.995379384681971,131.38095238095238,700.6190476190476
80,1,0,1,323.0,832.0,0,2,279053.0,99.53836674000073,9.898832139504194,99.44047619047619,732.5595238095239
80,1,0,1,323.0,832.0,0,3,17694.0,90.4272114615442,7.947944609476123,112.8,719.2
80,1,0,1,323.0,832.0,1,1,297151.0,99.94072239338868,9.987378278186377,1367.4566666666667,-535.4566666666667
80,1,0,1,323.0,832.0,1,2,308366.0,99.80888160892488,9.956454762839686,1315.0684039087948,-483.0684039087948
80,1,0,1,323.0,832.0,1,3,13832.0,85.49375869600243,9.198604949391628,1181.8260869565217,-349.82608695652175
80,3,2,0,423.0,613.0,1,1,3705.0,91.08163114467936,8.423589002451319,716.0,-103.0
80,3,2,0,423.0,613.0,1,2,3705.0,98.33795589188992,9.22103192305135,891.6666666666666,-278.6666666666667
81,1,0,1,323.0,832.0,1,1,5415.0,98.30085288947272,9.40824051985,708.0666666666667,123.93333333333334
81,1,0,1,323.0,832.0,1,2,3971.0,99.30903268670843,9.262619842162756,837.8181818181819,-5.818181818181818
81,3,1,2,285.0,617.0,0,1,255593.0,98.50379194125208,9.963915549746485,95.61538461538461,521.3846153846154
81,3,1,2,285.0,617.0,0,2,259988.0,99.94130184044118,9.953861744415732,106.09278350515464,510.9072164948454
81,3,1,2,285.0,617.0,0,3,5043.0,89.48235388678297,7.276102966744375,49.0,568.0
81,3,1,2,285.0,617.0,1,1,346423.0,99.8113034596667,9.981429370597986,1311.9837133550488,-694.9837133550488
81,3,1,2,285.0,617.0,1,2,355398.0,99.94252996968072,9.962929339267488,1302.1669421487604,-685.1669421487603
81,3,1,2,285.0,617.0,1,3,15550.0,99.56828272885022,9.960236242464877,1173.6538461538462,-556.6538461538462
82,3,1,2,285.0,617.0,1,1,11295.0,98.8815959792536,9.839155201310623,379.0,238.0
82,3,1,2,285.0,617.0,1,2,6777.0,82.16623132594799,8.287323374058687,492.3333333333333,124.66666666666667
82,3,2,2,375.0,576.0,0,1,144154.0,99.01743296431827,9.92253806806213,79.01587301587301,496.984126984127
82,3,2,2,375.0,576.0,0,2,68301.0,97.44992793156692,9.828633547917644,147.6153846153846,428.38461538461536
82,3,2,2,375.0,576.0,0,3,3926.0,96.53069446558747,9.65792825513695,49.333333333333336,526.6666666666666
82,3,2,2,375.0,576.0,1,1,364040.0,99.98326404997884,9.988243717594967,1322.0031104199068,-746.0031104199066
82,3,2,2,375.0,576.0,1,2,365134.0,99.37145233987458,9.982500227131853,1328.3654135338345,-752.3654135338346
82,3,2,2,375.0,576.0,1,3,13279.0,99.1446526910466,9.798139586760543,1277.64,-701.64
83,0,3,0,285.0,714.0,0,1,81196.0,98.04508866404558,9.906983374448275,79.08108108108108,634.918918918919
83,0,3,0,285.0,714.0,0,2,165539.0,99.71567552662697,9.924713226502671,134.65822784810126,579.3417721518987
83,0,3,0,285.0,714.0,0,3,6670.0,98.55277751688084,6.989955802868985,81.0,633.0
83,0,3,0,285.0,714.0,1,1,333424.0,99.75674891266937,9.99692207900951,1984.8603603603603,-1270.8603603603603
83,0,3,0,285.0,714.0,1,2,310894.0,99.68620077257192,9.99395668063216,2150.5709677419354,-1436.5709677419354
83,0,3,0,285.0,714.0,1,3,11747.0,98.42794107457247,9.114799130468462,2107.8333333333335,-1393.8333333333333
83,3,2,2,375.0,576.0,1,1,7038.0,96.26897351653368,8.751676692071012,398.94117647058823,177.05882352941177
83,3,2,2,375.0,576.0,1,2,6210.0,95.63796795381252,6.337386913801111,531.0666666666667,44.93333333333333
83,3,2,2,375.0,576.0,1,3,414.0,99.3866906220144,6.260711637501515,623.0,-47.0
84,0,2,7,462.0,653.0,0,1,185956.0,97.6263188478338,9.754777304183982,91.88157894736842,561.1184210526316
84,0,2,7,462.0,653.0,0,2,207926.0,99.19357989059722,9.924806540936489,120.4186046511628,532.5813953488372
84,0,2,7,462.0,653.0,0,3,10479.0,97.5968036794662,3.5644901255117,221.0,432.0
84,0,2,7,462.0,653.0,1,1,372843.0,99.86430194059793,9.968389961223505,1509.3794712286158,-856.3794712286159
84,0,2,7,462.0,653.0,1,2,341148.0,99.97860910735544,9.99464284220182,1518.9553429027114,-865.9553429027113
84,0,2,7,462.0,653.0,1,3,15754.0,96.79986216954325,8.450998362603867,1449.4,-796.4
84,0,3,0,285.0,714.0,1,1,585.0,31.31586702603872,6.943718363830024,22.0,692.0
85,0,2,7,462.0,653.0,1,1,9210.0,99.94669876681424,9.689907030714275,241.73333333333332,411.26666666666665
85,0,2,7,462.0,653.0,1,2,7982.0,96.1515716262356,7.283999762396899,435.2307692307692,217.76923076923077
85,1,2,3,330.0,618.0,0,1,107686.0,99.08746594053356,9.984400021657011,89.87234042553192,528.1276595744681
85,1,2,3,330.0,618.0,0,2,200242.0,96.8494820730408,9.897272559094535,106.68831168831169,511.31168831168833
85,1,2,3,330.0,618.0,0,3,2082.0,28.40483735439012,1.8487773118289108,237.0,381.0
85,1,2,3,330.0,618.0,1,1,377209.0,99.92471262803684,9.997406173457966,2017.3247344461306,-1399.3247344461306
85,1,2,3,330.0,618.0,1,2,373947.0,99.80237628410649,9.981450854721,2037.5489566613162,-1419.5489566613162
85,1,2,3,330.0,618.0,1,3,17029.0,99.99512368700508,9.398702170415756,2094.074074074074,-1476.0740740740741
86,1,2,3,330.0,618.0,1,1,4992.0,99.67832058573086,9.933543206855088,361.875,256.125
86,1,2,3,330.0,618.0,1,2,4680.0,98.2496378834373,9.0896477238075,544.1333333333333,73.86666666666666
86,1,2,3,330.0,618.0,1,3,312.0,89.92985040134943,9.824327541305651,634.0,-16.0
86,1,3,7,180.0,725.0,0,1,377102.0,97.89523247322336,9.88292924552865,119.1651376146789,605.8348623853211
86,1,3,7,180.0,725.0,0,2,557380.0,98.7908603205838,9.95019092619824,145.57692307692307,579.4230769230769
86,1,3,7,180.0,725.0,0,3,12944.0,98.7356943343729,9.449053427210114,101.0,624.0
86,1,3,7,180.0,725.0,1,1,350581.0,99.87000429383998,9.99830157286762,1039.4672268907564,-314.4672268907563
86,1,3,7,180.0,725.0,1,2,311181.0,99.88346180585252,9.998586906730887,1072.965009208103,-347.96500920810314
86,1,3,7,180.0,725.0,1,3,12684.0,95.73747571769636,8.816926257475238,975.0434782608696,-250.04347826086956
87,1,2,0,490.0,651.0,0,1,218943.0,98.05340012954412,9.32132008937942,90.05333333333333,560.9466666666667
87,1,2,0,490.0,651.0,0,2,204702.0,99.48065802601708,9.807519005096877,110.05194805194805,540.9480519480519
87,1,2,0,490.0,651.0,0,3,3953.0,68.43941083599691,9.904021632219278,20.5,630.5
87,1,2,0,490.0,651.0,1,1,362046.0,99.89222504077536,9.969402211929577,964.5491419656786,-313.54914196567864
87,1,2,0,490.0,651.0,1,2,368838.0,99.85937938236609,9.991132657152203,971.190251572327,-320.19025157232704
87,1,2,0,490.0,651.0,1,3,15897.0,98.65958673856971,9.904021632219278,935.2592592592592,-284.25925925925924
87,1,3,7,180.0,725.0,0,1,8252.0,79.0774351688377,8.355302750844926,83.75,641.25
88,0,1,1,129.0,522.0,0,1,141511.0,99.00106295306652,9.780759576744837,126.8923076923077,395.10769230769233
88,0,1,1,129.0,522.0,0,2,166262.0,99.21831950048356,9.974011161636346,59.10909090909091,462.8909090909091
88,0,1,1,129.0,522.0,0,3,12134.0,97.97958350529892,9.679361917851136,52.857142857142854,469.14285714285717
88,0,1,1,129.0,522.0,1,1,347175.0,99.81634722701476,9.977508937061843,1285.7309486780716,-763.7309486780715
88,0,1,1,129.0,522.0,1,2,335732.0,99.83789659655528,9.961292141145128,1298.095744680851,-776.0957446808511
88,0,1,1,129.0,522.0,1,3,11862.0,98.47130008639326,9.837977542153828,1338.5714285714287,-816.5714285714286
88,1,2,0,490.0,651.0,1,1,8940.0,99.17426691079731,9.654303377653298,529.8333333333334,121.16666666666667
89,0,1,1,129.0,522.0,0,1,2390.0,94.328317558265,0.5729834573788051,254.0,268.0
89,1,3,3,281.0,750.0,0,1,393558.0,99.8651682856698,9.90720233439001,147.76470588235293,602.2352941176471
89,1,3,3,281.0,750.0,0,2,469867.0,99.82673802178026,9.998231162532548,167.40983606557376,582.5901639344262
89,1,3,3,281.0,750.0,0,3,25848.0,99.40572715888716,7.873979487609347,148.71428571428572,601.2857142857143
89,1,3,3,281.0,750.0,1,1,333517.0,99.98350876233523,9.950642615837388,985.7682333873582,-235.76823338735818
89,1,3,3,281.0,750.0,1,2,316676.0,99.98668219510124,9.98143554523433,1032.5871404399322,-282.58714043993234
89,1,3,3,281.0,750.0,1,3,10766.0,98.48858574219358,9.618627878430182,1143.857142857143,-393.85714285714283
90,1,3,3,281.0,750.0,1,1,7560.0,83.40351489996792,9.866954354109374,238.0,512.0
90,1,3,3,281.0,750.0,1,2,3528.0,97.550144433512,8.420365012059268,342.7142857142857,407.2857142857143
90,2,0,4,98.0,582.0,0,1,83005.0,98.11013679159822,9.777385370387965,103.88235294117646,478.11764705882354
90,2,0,4,98.0,582.0,0,2,103232.0,92.67819019161836,9.90015245685974,76.8125,505.1875
90,2,0,4,98.0,582.0,0,3,6742.0,63.21021855888237,7.811041622401783,61.5,520.5
90,2,0,4,98.0,582.0,1,1,363161.0,99.92296824794062,9.99775898858032,1267.82874617737,-685.82874617737
90,2,0,4,98.0,582.0,1,2,385047.0,99.79885739685776,9.98119931990199,1282.5933232169955,-700.5933232169955
90,2,0,4,98.0,582.0,1,3,13925.0,95.85002227889372,9.17801547982386,1322.3333333333333,-740.3333333333334
91,1,1,2,481.0,635.0,0,1,211170.0,93.7064042121712,9.912995596386354,115.54838709677419,519.4516129032259
91,1,1,2,481.0,635.0,0,2,216845.0,95.65485595847576,9.608707369407908,95.16666666666667,539.8333333333334
91,1,1,2,481.0,635.0,0,3,11999.0,88.62396315513662,6.285198907136516,49.0,586.0
91,1,1,2,481.0,635.0,1,1,348961.0,99.8218100376735,9.974201336222608,1584.914463452566,-949.9144634525661
91,1,1,2,481.0,635.0,1,2,350659.0,99.92496448282373,9.998927855531896,1606.8890625,-971.8890625
91,1,1,2,481.0,635.0,1,3,12932.0,99.96849634085984,8.745704630353215,1633.0416666666667,-998.0416666666666
91,2,0,4,98.0,582.0,1,1,13725.0,97.76711208318774,8.145640406224475,806.2,-224.2
91,2,0,4,98.0,582.0,1,2,12810.0,97.79381393063998,9.563083865428284,996.7857142857143,-414.7857142857143
92,0,1,7,332.0,771.0,0,1,159998.0,99.19627339379612,9.884219017914432,118.65116279069767,652.3488372093024
92,0,1,7,332.0,771.0,0,2,175796.0,99.47431415391844,9.99487423704946,84.7,686.3
92,0,1,7,332.0,771.0,0,3,3684.0,84.3350451884688,0.4566565575021297,98.0,673.0
92,0,1,7,332.0,771.0,1,1,304110.0,99.96014394154388,9.976345230537705,1657.9199395770393,-886.9199395770393
92,0,1,7,332.0,771.0,1,2,295288.0,99.86350741763134,9.975630309539168,1733.0476923076924,-962.0476923076923
92,0,1,7,332.0,771.0,1,3,12470.0,97.09147788772236,8.683924466617244,1722.111111111111,-951.1111111111111
92,1,1,2,481.0,635.0,0,1,46380.0,96.78360193272094,9.963046518133536,669.3333333333334,-34.333333333333336
92,1,1,2,481.0,635.0,0,2,40196.0,93.43031764336632,8.410413968381524,860.3846153846154,-225.3846153846154
93,0,1,7,332.0,771.0,1,1,3660.0,97.34877529220152,9.7109676806722,803.9333333333333,-32.93333333333333
93,0,1,7,332.0,771.0,1,2,2196.0,93.7360019257723,9.571390612535636,966.0,-195.0
93,1,2,3,400.0,669.0,0,1,255131.0,98.7880438444279,9.913738345325436,94.90654205607477,574.0934579439253
93,1,2,3,400.0,669.0,0,2,284650.0,99.30246899328267,9.987632570063775,92.98113207547169,576.0188679245283
93,1,2,3,400.0,669.0,0,3,13959.0,86.11998168250881,8.631298175920563,106.75,562.25
93,1,2,3,400.0,669.0,1,1,288562.0,99.91396884507432,9.993689243905374,1098.3227424749164,-429.32274247491637
93,1,2,3,400.0,669.0,1,2,310344.0,99.94581208259164,9.988886906688265,1148.7408026755852,-479.74080267558526
93,1,2,3,400.0,669.0,1,3,12394.0,95.98712792501212,9.37068025706971,1050.75,-381.75
94,1,2,3,400.0,669.0,0,1,37830.0,96.03104611536394,9.338005137045435,679.8666666666667,-10.866666666666667
94,1,2,3,400.0,669.0,0,2,37830.0,92.4851834097733,9.519177315886948,892.0,-223.0
94,1,2,3,400.0,669.0,0,3,2522.0,83.49001173365087,8.039460189726643,1003.0,-334.0
94,1,3,7,112.0,675.0,0,1,214814.0,99.86501843903092,9.992040623798516,97.51388888888889,577.4861111111111
94,1,3,7,112.0,675.0,0,2,231365.0,99.84966616435688,9.89669703127715,119.53086419753086,555.4691358024692
94,1,3,7,112.0,675.0,0,3,3268.0,96.58523600425724,0.9333428812684774,17.0,658.0
94,1,3,7,112.0,675.0,1,1,350393.0,99.94407381702732,9.985337936920022,1066.3738170347003,-391.3738170347003
94,1,3,7,112.0,675.0,1,2,330201.0,99.69322963512164,9.969856095987744,1045.4392220421394,-370.43922204213936
94,1,3,7,112.0,675.0,1,3,14195.0,99.2838564027964,9.139948142979115,950.8846153846154,-275.88461538461536
95,0,2,4,72.0,597.0,0,1,308047.0,98.36412357124452,9.879335724515508,94.01980198019803,502.980198019802
95,0,2,4,72.0,597.0,0,2,281905.0,98.57039107797588,9.9871706911168,112.60416666666667,484.3958333333333
95,0,2,4,72.0,597.0,0,3,10403.0,99.23420256630752,4.408573241563159,71.0,526.0
95,0,2,4,72.0,597.0,1,1,332181.0,99.89060275037744,9.973826227507622,1023.5844370860927,-426.5844370860927
95,0,2,4,72.0,597.0,1,2,340471.0,99.85554299986588,9.955244162965531,1044.4761904761904,-447.4761904761905
95,0,2,4,72.0,597.0,1,3,14235.0,97.14268421282132,9.557080220725483,1087.125,-490.125
95,1,3,7,112.0,675.0,1,1,7770.0,98.60607927618145,7.674727418351839,371.53333333333336,303.46666666666664
95,1,3,7,112.0,675.0,1,2,4144.0,92.20549857333752,7.926166437448533,521.125,153.875
96,0,2,4,72.0,597.0,0,1,19530.0,97.26554961279524,9.715129591185647,528.6666666666666,68.33333333333333
96,0,2,4,72.0,597.0,0,2,9114.0,89.2488245524756,9.504418581639522,655.2857142857143,-58.285714285714285
96,3,1,6,76.0,649.0,0,1,10893.0,96.80582659666852,8.894560419003454,131.71428571428572,517.2857142857143
96,3,1,6,76.0,649.0,0,2,34056.0,98.30335829309696,9.326447552041838,78.55,570.45
96,3,1,6,76.0,649.0,0,3,3504.0,94.19079375575828,4.719883251986682,139.5,509.5
96,3,1,6,76.0,649.0,1,1,340908.0,99.98594288867469,9.999264319154756,2579.9828080229227,-1930.9828080229227
96,3,1,6,76.0,649.0,1,2,348598.0,99.88788990339896,9.988127414970798,2651.6486880466473,-2002.6486880466473
96,3,1,6,76.0,649.0,1,3,12184.0,97.4680330409659,9.809404222953546,2740.6153846153848,-2091.6153846153848
97,3,0,0,55.0,881.0,0,1,401624.0,99.96953246479276,9.94449192065379,156.05333333333334,724.9466666666667
97,3,0,0,55.0,881.0,0,2,422403.0,98.90916343804952,9.969683282123816,124.27848101265823,756.7215189873418
97,3,0,0,55.0,881.0,0,3,15323.0,90.7802114819394,8.404249988367056,131.8,749.2
97,3,0,0,55.0,881.0,1,1,287474.0,99.59459953749212,9.974282792962768,907.1043165467626,-26.10431654676259
97,3,0,0,55.0,881.0,1,2,277952.0,99.9647272073124,9.981538110578503,859.0702402957486,21.929759704251385
97,3,0,0,55.0,881.0,1,3,12797.0,98.40771071883611,9.875650296076852,859.695652173913,21.304347826086957
97,3,1,6,76.0,649.0,1,1,9150.0,94.143893822089,9.8382505627328,291.73333333333335,357.26666666666665
97,3,1,6,76.0,649.0,1,2,8540.0,99.11713880234366,8.947088867788505,466.85714285714283,182.14285714285714
98,3,0,0,55.0,881.0,1,1,4811.0,96.90213582407986,9.589827774871097,455.6470588235294,425.3529411764706
98,3,0,0,55.0,881.0,1,2,4245.0,85.53115192732301,9.348825166527975,618.8,262.2
98,3,0,0,55.0,881.0,1,3,283.0,71.81688714082013,9.936321581768976,752.0,129.0
98,3,2,1,381.0,747.0,0,1,324277.0,99.14435499133158,9.918193533240691,131.018018018018,615.981981981982
98,3,2,1,381.0,747.0,0,2,298281.0,99.6434609172616,9.890161698881768,139.70833333333334,607.2916666666666
98,3,2,1,381.0,747.0,0,3,12511.0,83.38781469614017,7.150887011113887,120.0,627.0
98,3,2,1,381.0,747.0,1,1,340501.0,99.95268710337206,9.999851679868424,968.464527027027,-221.46452702702703
98,3,2,1,381.0,747.0,1,2,326584.0,99.66939950521768,9.9828567899937,1038.713298791019,-291.713298791019
98,3,2,1,381.0,747.0,1,3,12008.0,98.3892864409187,9.665823527348998,995.952380952381,-248.95238095238096
99,0,2,2,247.0,515.0,0,1,148548.0,99.05785227161046,9.979949552172693,100.52439024390245,414.4756097560976
99,0,2,2,247.0,515.0,0,2,148159.0,98.10732084306436,9.9091811123743,93.13636363636364,421.8636363636364
99,0,2,2,247.0,515.0,0,3,5882.0,70.32580364867012,4.132348912723565,142.0,373.0
99,0,2,2,247.0,515.0,1,1,391428.0,99.8974779063559,9.99330879863708,1446.5782747603835,-931.5782747603834
99,0,2,2,247.0,515.0,1,2,363798.0,99.81674739539184,9.97858253494931,1420.3418530351437,-905.3418530351438
99,0,2,2,247.0,515.0,1,3,14667.0,86.50050971153335,8.759126980330917,1376.52,-861.52
99,3,2,1,381.0,747.0,1,1,6648.0,99.7452440586982,9.456419198368044,812.0,-65.0
100,0,2,2,247.0,515.0,1,1,2772.0,99.4266014081351,9.023704908040632,621.6190476190476,-106.61904761904762
100,0,2,2,247.0,515.0,1,2,1980.0,95.38074362797096,9.728090305181508,712.6,-197.6
100,0,2,2,247.0,515.0,1,3,132.0,52.15135916980933,8.115792506298806,803.0,-288.0
100,0,3,1,435.0,814.0,0,1,242380.0,97.3767167637749,9.706550562602713,138.53,675.47
100,0,3,1,435.0,814.0,0,2,314756.0,98.36404600422571,9.980020777807711,118.72072072072072,695.2792792792793
100,0,3,1,435.0,814.0,0,3,14667.0,95.4384865297174,9.899861225139478,148.4,665.6
100,0,3,1,435.0,814.0,1,1,320367.0,99.85962183201757,9.9604565112452,1115.6293823038397,-301.62938230383975
100,0,3,1,435.0,814.0,1,2,314004.0,99.40273795571504,9.99817140317116,1037.7137989778535,-223.7137989778535
100,0,3,1,435.0,814.0,1,3,12284.0,96.05154918808596,9.638593594371727,939.4545454545455,-125.45454545454545
101,0,3,1,435.0,814.0,0,1,43130.0,99.0262390085477,9.371237162549194,593.7368421052631,220.26315789473685
101,0,3,1,435.0,814.0,0,2,34050.0,87.43664348664,8.973609090955447,715.1333333333333,98.86666666666666
101,0,3,1,435.0,814.0,0,3,2270.0,74.817414855587,2.439283803512282,800.0,14.0
101,2,1,0,337.0,861.0,0,1,388975.0,99.3804133871598,9.94153568633613,169.9145299145299,691.0854700854701
101,2,1,0,337.0,861.0,0,2,327701.0,99.39604820921988,9.994234954117836,144.84070796460176,716.1592920353983
101,2,1,0,337.0,861.0,0,3,13835.0,99.58542725560032,8.229190992694152,227.0,634.0
101,2,1,0,337.0,861.0,1,1,304139.0,99.67195311236227,9.992734578612552,1510.23801369863,-649.2380136986301
101,2,1,0,337.0,861.0,1,2,299170.0,99.98045519233986,9.98832390206875,1435.2337883959044,-574.2337883959044
101,2,1,0,337.0,861.0,1,3,12419.0,93.43665087342455,9.961967431998238,1387.2608695652175,-526.2608695652174
102,1,1,3,311.0,774.0,0,1,258877.0,99.12165534837436,9.897165985553883,112.03191489361703,661.968085106383
102,1,1,3,311.0,774.0,0,2,231938.0,98.41851241968814,9.995546202816108,176.30232558139534,597.6976744186046
102,1,1,3,311.0,774.0,0,3,3670.0,90.17034495439646,9.639128666732248,60.333333333333336,713.6666666666666
102,1,1,3,311.0,774.0,1,1,339881.0,99.98419193133572,9.976481076110556,1782.0774299835255,-1008.0774299835256
102,1,1,3,311.0,774.0,1,2,344673.0,99.98996050231348,9.984478661423076,1873.7712418300653,-1099.7712418300653
102,1,1,3,311.0,774.0,1,3,13775.0,97.93953484954297,9.924126659391456,1780.8333333333333,-1006.8333333333334
102,2,1,0,337.0,861.0,1,1,10963.0,96.85158689387654,9.984715827745587,892.5263157894736,-31.526315789473685
102,2,1,0,337.0,861.0,1,2,8655.0,98.62206344657014,9.954599616961673,1012.3333333333334,-151.33333333333334
102,2,1,0,337.0,861.0,1,3,577.0,49.607215401974834,6.422869908872563,1114.0,-253.0
103,1,1,0,438.0,827.0,0,1,314181.0,99.70540074559696,9.841467993922707,146.4,680.6
103,1,1,0,438.0,827.0,0,2,334709.0,99.89537165286724,9.739800096220344,111.92592592592592,715.074074074074
103,1,1,0,438.0,827.0,0,3,13331.0,95.32294675392532,9.775300259278486,171.0,656.0
103,1,1,0,438.0,827.0,1,1,307175.0,99.97295313019592,9.986074877368225,1173.6433447098975,-346.64334470989763
103,1,1,0,438.0,827.0,1,2,296689.0,99.85083304393386,9.97688349696714,1193.5294117647059,-366.52941176470586
103,1,1,0,438.0,827.0,1,3,12274.0,98.7661143803396,9.858163299647568,1290.4782608695652,-463.4782608695652
103,1,1,3,311.0,774.0,1,1,4578.0,96.58174632422346,9.0745579522943,416.14285714285717,357.85714285714283
104,0,3,4,420.0,711.0,0,1,266457.0,99.40436285793612,9.904271256006131,76.81720430107526,634.1827956989247
104,0,3,4,420.0,711.0,0,2,236572.0,99.82950264035075,9.970501116372542,86.0253164556962,624.9746835443038
104,0,3,4,420.0,711.0,0,3,5150.0,60.960257688367,1.905011774607608,45.0,666.0
104,0,3,4,420.0,711.0,1,1,322935.0,99.99716747277166,9.99892200937998,1384.0932475884244,-673.0932475884244
104,0,3,4,420.0,711.0,1,2,335846.0,99.91919345490764,9.993627780587426,1410.1908517350157,-699.1908517350158
104,0,3,4,420.0,711.0,1,3,12932.0,97.0491393413412,9.76476170568149,1388.6153846153845,-677.6153846153846
104,1,1,0,438.0,827.0,1,1,5964.0,89.94979192598181,8.663922281034838,752.8333333333334,74.16666666666667
105,0,3,4,420.0,711.0,1,1,7800.0,88.00593140181836,9.719691005409622,473.4,237.6
105,0,3,4,420.0,711.0,1,2,3640.0,71.7962648294662,8.947187325376081,613.7142857142857,97.28571428571429
105,1,3,2,384.0,628.0,0,1,357430.0,99.96713486120682,9.809608190388984,105.42727272727272,522.5727272727273
105,1,3,2,384.0,628.0,0,2,187360.0,96.16822695570056,9.952968955215413,97.21052631578948,530.7894736842105
105,1,3,2,384.0,628.0,0,3,14546.0,78.07139522907278,7.320188572590163,61.75,566.25
105,1,3,2,384.0,628.0,1,1,344485.0,99.96381774576736,9.984661638962388,1019.0771812080537,-391.0771812080537
105,1,3,2,384.0,628.0,1,2,369866.0,99.79219920395504,9.99736576934328,964.3297380585516,-336.32973805855164
105,1,3,2,384.0,628.0,1,3,17232.0,95.35202464069457,9.895798099309657,1106.375,-478.375
106,1,3,2,384.0,628.0,1,1,7035.0,87.38871668674244,9.712675656724846,671.2666666666667,-43.266666666666666
106,1,3,2,384.0,628.0,1,2,3752.0,96.69488206506404,8.957493248947053,804.875,-176.875
106,3,3,3,448.0,801.0,0,1,217477.0,99.3327990732814,9.706462200057166,199.29268292682926,601.7073170731708
106,3,3,3,448.0,801.0,0,2,263000.0,96.97531515025008,9.829017230658115,130.98019801980197,670.019801980198
106,3,3,3,448.0,801.0,0,3,15619.0,89.62757300023786,9.473131124226272,197.66666666666666,603.3333333333334
106,3,3,3,448.0,801.0,1,1,381010.0,99.9810204765326,9.9984971048772,1161.2304,-360.2304
106,3,3,3,448.0,801.0,1,2,368551.0,99.87668668763703,9.988444959349032,1215.006611570248,-414.0066115702479
106,3,3,3,448.0,801.0,1,3,13016.0,98.0053103354773,9.876787716346875,1274.1818181818182,-473.1818181818182
107,1,0,7,195.0,748.0,0,1,336937.0,99.82390727032345,9.91946260838439,141.27407407407406,606.7259259259259
107,1,0,7,195.0,748.0,0,2,254095.0,98.12115942749035,9.955707390007175,118.20535714285714,629.7946428571429
107,1,0,7,195.0,748.0,0,3,11608.0,97.50178758859454,7.614454467650167,189.4,558.6
107,1,0,7,195.0,748.0,1,1,315585.0,99.79910008734907,9.977310906280437,1162.3912280701754,-414.39122807017543
107,1,0,7,195.0,748.0,1,2,318220.0,99.84607906704451,9.984708960932917,1218.245733788396,-470.2457337883959
107,1,0,7,195.0,748.0,1,3,11274.0,94.49016229786562,9.69817173561769,1344.0,-596.0
107,3,3,3,448.0,801.0,1,1,9495.0,97.21299067737084,9.415231844846025,549.5333333333333,251.46666666666667
107,3,3,3,448.0,801.0,1,2,9495.0,93.1128629485122,8.25167068082797,697.4,103.6
108,1,0,7,195.0,748.0,1,1,9090.0,94.77569068140323,9.044301276137409,661.4666666666667,86.53333333333333
108,1,0,7,195.0,748.0,1,2,6060.0,88.67818559202642,6.699313924678903,795.2,-47.2
108,1,0,9,181.0,560.0,0,1,122972.0,99.47277008138992,9.913906993616951,70.375,489.625
108,1,0,9,181.0,560.0,0,2,214133.0,99.62254708958736,9.850697107750388,105.55,454.45
108,1,0,9,181.0,560.0,0,3,8234.0,97.8658347871311,5.606332369620425,112.0,448.0
108,1,0,9,181.0,560.0,1,1,359347.0,99.8644819375633,9.996675297460207,1299.196048632219,-739.1960486322189
108,1,0,9,181.0,560.0,1,2,337894.0,99.8777728115093,9.98771489709658,1236.2760834670946,-676.2760834670947
108,1,0,9,181.0,560.0,1,3,14734.0,97.5073394744983,9.893935198997632,1296.576923076923,-736.5769230769231
109,0,2,6,446.0,963.0,0,1,149484.0,99.82897679193825,9.609728508786478,127.14285714285714,835.8571428571429
109,0,2,6,446.0,963.0,0,2,195845.0,99.69879117023012,9.962735778541044,104.28235294117647,858.7176470588236
109,0,2,6,446.0,963.0,0,3,7988.0,79.8428775202777,8.392260076243796,139.0,824.0
109,0,2,6,446.0,963.0,1,1,324795.0,99.58831751573383,9.943720042486904,1103.192125984252,-140.19212598425196
109,0,2,6,446.0,963.0,1,2,329083.0,99.99876452760292,9.935534296429552,1071.936,-108.936
109,0,2,6,446.0,963.0,1,3,13582.0,95.49138498338569,9.784762721035058,1116.92,-153.92
109,1,0,9,181.0,560.0,1,1,11415.0,91.87402195998872,9.715822350439192,745.2666666666667,-185.26666666666668
109,1,0,9,181.0,560.0,1,2,2283.0,90.5239914012458,9.2363260977467,871.3333333333334,-311.3333333333333
110,0,2,6,446.0,963.0,1,1,10935.0,93.04331488314304,8.599262847007111,802.8,160.2
110,0,2,6,446.0,963.0,1,2,7290.0,97.98556721658868,9.143175301652054,934.5,28.5
110,3,3,7,301.0,595.0,0,1,213153.0,99.0334676934354,9.98969184172464,108.76190476190476,486.23809523809524
110,3,3,7,301.0,595.0,0,2,313710.0,99.43971187819034,9.968807654761015,66.2016806722689,528.7983193277311
110,3,3,7,301.0,595.0,0,3,14663.0,72.58816589849087,9.227076329532354,102.0,493.0
110,3,3,7,301.0,595.0,1,1,327762.0,99.97486785137102,9.996619405790245,745.4315619967794,-150.43156199677938
110,3,3,7,301.0,595.0,1,2,305162.0,99.87374433104792,9.990424510235773,720.5521367521368,-125.55213675213675
110,3,3,7,301.0,595.0,1,3,11746.0,99.91502872804963,8.747030313048736,764.304347826087,-169.30434782608697
111,0,1,7,468.0,947.0,0,1,220785.0,98.28155774462294,9.971672546589591,136.13725490196077,810.8627450980392
111,0,1,7,468.0,947.0,0,2,226614.0,99.3893498886141,9.904921847979216,155.7157894736842,791.2842105263157
111,0,1,7,468.0,947.0,0,3,8432.0,56.87270525920995,7.264509877558898,189.6,757.4
111,0,1,7,468.0,947.0,1,1,340495.0,99.80472283939773,9.997825326603987,1232.9447154471545,-285.94471544715446
111,0,1,7,468.0,947.0,1,2,330321.0,99.94302345823952,9.969682677241517,1244.967637540453,-297.9676375404531
111,0,1,7,468.0,947.0,1,3,11128.0,95.64014300754056,9.910345671938517,1312.2173913043478,-365.2173913043478
111,3,3,7,301.0,595.0,1,1,459.0,67.17080019573062,8.69155226558277,185.66666666666666,409.3333333333333
112,0,1,7,468.0,947.0,1,1,5220.0,98.06669398725867,9.821190817602751,621.7333333333333,325.26666666666665
112,0,1,7,468.0,947.0,1,2,3132.0,99.99604888890477,9.858147062923145,765.3333333333334,181.66666666666666
112,2,2,2,113.0,606.0,0,1,215494.0,99.75571312892096,9.93009929368763,102.67058823529412,503.32941176470587
112,2,2,2,113.0,606.0,0,2,226798.0,99.92536287866376,9.83593675665474,97.27586206896552,508.7241379310345
112,2,2,2,113.0,606.0,0,3,9689.0,91.11731475947111,6.028294792330621,116.0,490.0
112,2,2,2,113.0,606.0,1,1,374178.0,99.96614916508668,9.995362645280068,1559.1352657004832,-953.135265700483
112,2,2,2,113.0,606.0,1,2,373466.0,99.97093662777245,9.98847320261856,1562.8217179902756,-956.8217179902755
112,2,2,2,113.0,606.0,1,3,15536.0,96.08917526597588,9.598331133546132,1521.72,-915.72
113,2,1,9,366.0,554.0,0,1,214354.0,99.60380989819134,9.992339929397412,74.43939393939394,479.56060606060606
113,2,1,9,366.0,554.0,0,2,198953.0,98.90078630627238,9.79594920435254,114.71014492753623,439.28985507246375
113,2,1,9,366.0,554.0,0,3,5901.0,83.95874875088067,6.882950984561974,169.0,385.0
113,2,1,9,366.0,554.0,1,1,379656.0,99.60840913512904,9.988533116718878,1806.478125,-1252.478125
113,2,1,9,366.0,554.0,1,2,374003.0,99.889741057872,9.986981577030056,1783.0110236220473,-1229.0110236220473
113,2,1,9,366.0,554.0,1,3,13393.0,97.6449294651067,9.87425456891518,1782.8,-1228.8
113,2,2,2,113.0,606.0,0,1,72990.0,97.43378526724132,7.742137387171385,750.4666666666667,-144.46666666666667
113,2,2,2,113.0,606.0,0,2,43794.0,92.8897395514811,9.24550242463619,931.3333333333334,-325.3333333333333
114,2,1,9,366.0,554.0,1,1,13815.0,90.22384307621556,8.34194560729136,222.2,331.8
114,2,1,9,366.0,554.0,1,2,7368.0,99.3556237277704,9.963768038946894,383.375,170.625
114,3,1,1,494.0,523.0,0,1,163321.0,98.41779484122804,9.766521988544124,109.47887323943662,413.5211267605634
114,3,1,1,494.0,523.0,0,2,275077.0,99.4088916846039,9.680770147018542,104.29411764705883,418.70588235294116
114,3,1,1,494.0,523.0,0,3,9040.0,86.88740072101253,8.44630562820125,190.75,332.25
114,3,1,1,494.0,523.0,1,1,290103.0,99.86570618405048,9.997011384971692,1060.1324921135647,-537.1324921135647
114,3,1,1,494.0,523.0,1,2,266509.0,99.81070964932306,9.988784246614896,1039.476821192053,-516.476821192053
114,3,1,1,494.0,523.0,1,3,9731.0,99.77649940974987,9.033175044276028,1022.4166666666666,-499.4166666666667
115,2,2,7,151.0,609.0,0,1,120712.0,99.38660228266122,9.696538298548782,94.82142857142857,514.1785714285714
115,2,2,7,151.0,609.0,0,2,133070.0,96.86123642567976,9.949128801329078,136.94366197183098,472.056338028169
115,2,2,7,151.0,609.0,1,1,369651.0,99.86406861849612,9.986633499040558,1592.4830769230769,-983.483076923077
115,2,2,7,151.0,609.0,1,2,353025.0,99.90686660553366,9.991041731715375,1674.0207006369426,-1065.0207006369426
115,2,2,7,151.0,609.0,1,3,16609.0,96.5633075253213,9.587633398776752,1652.7857142857142,-1043.7857142857142
115,3,1,1,494.0,523.0,1,1,7770.0,87.55960144864122,9.746034375893265,188.0,335.0
115,3,1,1,494.0,523.0,1,2,7252.0,94.09906910780032,9.828481048865209,366.14285714285717,156.85714285714286
116,2,2,7,151.0,609.0,1,1,12060.0,97.83444331935486,9.642459858329302,208.93333333333334,400.06666666666666
116,2,2,7,151.0,609.0,1,2,9648.0,90.6244236994265,9.554780841270455,382.8333333333333,226.16666666666666
116,3,0,1,150.0,667.0,0,1,199738.0,97.6081201263175,9.940635757327458,124.16470588235295,542.8352941176471
116,3,0,1,150.0,667.0,0,2,116435.0,94.16781272136282,9.944369229174654,125.16666666666667,541.8333333333334
116,3,0,1,150.0,667.0,0,3,3490.0,44.51804719458725,7.227468366919153,40.5,626.5
116,3,0,1,150.0,667.0,1,1,329141.0,99.8969501671821,9.992665158189432,1263.7887096774193,-596.7887096774193
116,3,0,1,150.0,667.0,1,2,360492.0,99.97259708066396,9.974229758780847,1200.5987654320988,-533.5987654320987
116,3,0,1,150.0,667.0,1,3,13552.0,98.3490767682812,9.546032074791814,1082.1153846153845,-415.11538461538464
117,0,0,6,364.0,725.0,0,1,148243.0,99.8300569304112,9.96061749832768,110.48936170212765,614.5106382978723
117,0,0,6,364.0,725.0,0,2,178906.0,97.22005284187328,9.930073853361815,129.31147540983608,595.688524590164
117,0,0,6,364.0,725.0,1,1,324713.0,99.70451961154788,9.984040303096368,1891.8586626139818,-1166.8586626139818
117,0,0,6,364.0,725.0,1,2,295388.0,99.9027603862592,9.958802310964064,1943.0623052959502,-1218.0623052959502
117,0,0,6,364.0,725.0,1,3,12742.0,96.956068654584,9.928295552649342,1851.8214285714287,-1126.8214285714287
117,3,0,1,150.0,667.0,1,1,11265.0,99.99043339285046,7.728579608863477,604.2666666666667,62.733333333333334
117,3,0,1,150.0,667.0,1,2,7510.0,96.63090970918856,9.236029467990129,727.7,-60.7
118,0,0,6,364.0,725.0,1,1,3705.0,97.73340454382412,9.59542874323409,484.8,240.2
118,0,0,6,364.0,725.0,1,2,2717.0,99.36370841301556,9.334782368898338,666.8181818181819,58.18181818181818
118,0,1,1,296.0,599.0,0,1,221542.0,99.67426465584174,9.919410431734258,100.29545454545455,498.70454545454544
118,0,1,1,296.0,599.0,0,2,133271.0,99.84324223430404,9.969328350725036,67.73134328358209,531.2686567164179
118,0,1,1,296.0,599.0,0,3,12676.0,71.53469818726518,7.990019259137254,79.6,519.4
118,0,1,1,296.0,599.0,1,1,297809.0,99.98388546267724,9.98981038923825,1258.800648298217,-659.8006482982172
118,0,1,1,296.0,599.0,1,2,315405.0,99.99607331058444,9.995963783882775,1219.5055118110236,-620.5055118110237
118,0,1,1,296.0,599.0,1,3,11741.0,99.46453973505406,9.99545100896398,1386.391304347826,-787.3913043478261
119,0,0,5,263.0,739.0,0,1,511597.0,99.73205515143944,9.930626724849358,176.6888888888889,562.3111111111111
119,0,0,5,263.0,739.0,0,2,449956.0,99.96915491791414,9.993568078662207,138.311377245509,600.688622754491
119,0,0,5,263.0,739.0,0,3,9782.0,96.2307421889186,9.714288185568034,178.0,561.0
119,0,0,5,263.0,739.0,1,1,283366.0,99.5934995557774,9.97674054346346,1119.7328244274809,-380.7328244274809
119,0,0,5,263.0,739.0,1,2,296639.0,99.68506118065724,9.994488068524785,1115.9171374764594,-376.9171374764595
119,0,0,5,263.0,739.0,1,3,13317.0,97.49106861406932,9.386655548088315,1089.8260869565217,-350.82608695652175
119,0,1,1,296.0,599.0,1,1,5312.0,99.57289803951991,9.866066397761523,648.8125,-49.8125
119,0,1,1,296.0,599.0,1,2,4980.0,91.597326990859,9.787141123177165,809.0,-210.0
119,0,1,1,296.0,599.0,1,3,332.0,81.09214929867592,7.242188601330936,908.0,-309.0
120,0,0,5,263.0,739.0,1,1,957.0,95.75011397972304,8.835563461635466,50.333333333333336,688.6666666666666
120,1,1,1,246.0,512.0,0,1,210646.0,99.79175295306445,9.876482808369197,82.64772727272727,429.35227272727275
120,1,1,1,246.0,512.0,0,2,163737.0,99.9290286506792,9.843317005739458,73.44827586206897,438.55172413793105
120,1,1,1,246.0,512.0,0,3,4400.0,96.42003800909504,8.820892335023334,59.0,453.0
120,1,1,1,246.0,512.0,1,1,330700.0,99.90932338590407,9.997747051314311,917.9252782193959,-405.92527821939586
120,1,1,1,246.0,512.0,1,2,333817.0,99.85991715150814,9.984801645560673,908.8498402555911,-396.84984025559106
120,1,1,1,246.0,512.0,1,3,13832.0,95.4132220534976,9.949184114455406,843.72,-331.72
121,1,1,1,246.0,512.0,1,1,14940.0,99.81933574782497,8.69781712069763,464.8666666666667,47.13333333333333
121,1,1,1,246.0,512.0,1,2,8964.0,88.6733646112732,8.626360039109393,609.2222222222222,-97.22222222222223
121,3,0,5,238.0,598.0,0,1,187288.0,98.76422697886731,9.773212672067494,73.91304347826087,524.0869565217391
121,3,0,5,238.0,598.0,0,2,237099.0,99.96985600575692,9.983519995843182,110.78494623655914,487.21505376344084
121,3,0,5,238.0,598.0,0,3,4078.0,62.65156457928009,7.531117075225754,102.0,496.0
121,3,0,5,238.0,598.0,1,1,379335.0,99.84041209359688,9.997952249977022,1096.7374213836479,-498.7374213836478
121,3,0,5,238.0,598.0,1,2,365461.0,99.67243598187662,9.95999610525423,1137.7512274959083,-539.7512274959083
121,3,0,5,238.0,598.0,1,3,15548.0,95.87983886382834,9.797181669828888,1022.4444444444445,-424.44444444444446
122,0,1,9,326.0,765.0,0,1,185960.0,98.81862393097536,9.98384888731162,118.87301587301587,646.1269841269841
122,0,1,9,326.0,765.0,0,2,237341.0,99.20841626630286,9.94288798540184,166.3095238095238,598.6904761904761
122,0,1,9,326.0,765.0,0,3,9857.0,67.30750454478084,8.348376191065377,192.75,572.25
122,0,1,9,326.0,765.0,1,1,334542.0,99.75516579109429,9.990370599836762,1756.3473520249222,-991.3473520249221
122,0,1,9,326.0,765.0,1,2,327878.0,99.99245878550836,9.995499799989911,1852.9169381107492,-1087.9169381107492
122,0,1,9,326.0,765.0,1,3,13519.0,99.90618261650452,9.935972337031387,1857.2173913043478,-1092.2173913043478
122,3,0,5,238.0,598.0,1,1,12960.0,98.60450963150768,9.43010427500525,697.8,-99.8
122,3,0,5,238.0,598.0,1,2,12960.0,97.09486121803369,9.996467153746046,876.8,-278.8
122,3,0,5,238.0,598.0,1,3,864.0,22.190567443974672,3.2977430019240925,1003.0,-405.0
123,0,0,9,449.0,623.0,0,1,239485.0,98.98809814198916,9.87617091406386,96.25974025974025,526.7402597402597
123,0,0,9,449.0,623.0,0,2,251462.0,99.92023216957124,9.867219490499052,106.46739130434783,516.5326086956521
123,0,0,9,449.0,623.0,0,3,8235.0,87.55882954234531,5.180606921330839,115.0,508.0
123,0,0,9,449.0,623.0,1,1,355562.0,99.79400806813862,9.985585282792742,1487.1226114649683,-864.1226114649681
123,0,0,9,449.0,623.0,1,2,331238.0,99.97091058020048,9.984496134214602,1486.6480263157894,-863.6480263157895
123,0,0,9,449.0,623.0,1,3,13264.0,94.82070682852026,9.97329804530721,1467.4615384615386,-844.4615384615385
123,0,1,9,326.0,765.0,0,1,22035.0,95.09884381820744,8.266903039407117,613.2666666666667,151.73333333333332
123,0,1,9,326.0,765.0,0,2,20566.0,97.71376382638825,9.723503719685892,805.2857142857143,-40.285714285714285
124,0,0,9,449.0,623.0,1,1,2265.0,96.58744129080137,9.619929384166568,361.26666666666665,261.73333333333335
124,0,0,9,449.0,623.0,1,2,1510.0,87.19257309642859,8.950335816755846,532.1,90.9
124,2,1,4,455.0,684.0,0,1,277842.0,99.46008083271498,9.9312192814755,92.22018348623853,591.7798165137615
124,2,1,4,455.0,684.0,0,2,207449.0,99.9139144270955,9.95025398388166,113.66216216216216,570.3378378378378
124,2,1,4,455.0,684.0,0,3,13620.0,80.79420243114055,9.644338942496564,110.0,574.0
124,2,1,4,455.0,684.0,1,1,302045.0,99.92446911451977,9.967140657068368,1078.1308724832215,-394.1308724832215
124,2,1,4,455.0,684.0,1,2,323371.0,99.97866759883766,9.988466684339844,1020.0842607313195,-336.08426073131955
124,2,1,4,455.0,684.0,1,3,14346.0,97.32710451524446,9.970740873200556,1075.2916666666667,-391.2916666666667
125,0,2,9,215.0,627.0,0,1,163374.0,99.78907143765446,9.95070189550302,117.81428571428572,509.1857142857143
125,0,2,9,215.0,627.0,0,2,198992.0,99.24360979530866,9.639133123059056,70.8780487804878,556.1219512195122
125,0,2,9,215.0,627.0,0,3,7769.0,94.6350732206041,9.457650598892716,95.5,531.5
125,0,2,9,215.0,627.0,1,1,336723.0,99.7026023345772,9.99438090107113,1319.9874213836479,-692.9874213836478
125,0,2,9,215.0,627.0,1,2,325925.0,99.9494086636424,9.946492780376593,1423.1426282051282,-796.1426282051282
125,0,2,9,215.0,627.0,1,3,13864.0,98.24612420988755,9.98781357614427,1308.8333333333333,-681.8333333333334
125,2,1,4,455.0,684.0,0,1,43410.0,96.5926790538152,9.716840932550411,105.6,578.4
125,2,1,4,455.0,684.0,0,2,20258.0,97.65406126345472,8.595781457835495,239.0,445.0
126,0,2,9,215.0,627.0,1,1,1635.0,98.9061743205489,9.317426697807146,169.26666666666668,457.73333333333335
126,0,2,9,215.0,627.0,1,2,1526.0,98.92599484680584,9.610803312681702,321.92857142857144,305.07142857142856
126,2,0,1,155.0,612.0,0,1,321169.0,99.31070565304762,9.886501437285082,89.47933884297521,522.5206611570248
126,2,0,1,155.0,612.0,0,2,285763.0,99.6580522917817,9.927322309006028,113.46153846153847,498.53846153846155
126,2,0,1,155.0,612.0,0,3,4193.0,30.37674658457891,3.275639082861688,8.0,604.0
126,2,0,1,155.0,612.0,1,1,340788.0,99.76134657358396,9.98413391765281,1352.8974358974358,-740.8974358974359
126,2,0,1,155.0,612.0,1,2,337489.0,99.99944124504196,9.970757776219036,1279.6443298969073,-667.6443298969073
126,2,0,1,155.0,612.0,1,3,13686.0,99.75819323063868,9.79923672122942,1162.111111111111,-550.1111111111111
127,0,1,3,52.0,974.0,0,1,248205.0,97.75073439808249,9.997225910821207,165.17924528301887,808.8207547169811
127,0,1,3,52.0,974.0,0,2,236640.0,97.56347834861336,9.79025543164336,173.46391752577318,800.5360824742268
127,0,1,3,52.0,974.0,0,3,9220.0,47.14085438909692,3.6531036221388034,179.0,795.0
127,0,1,3,52.0,974.0,1,1,325480.0,99.97870995323726,9.994862289834897,1325.4605042016806,-351.4605042016807
127,0,1,3,52.0,974.0,1,2,317349.0,99.942375637093,9.98717070378731,1316.593023255814,-342.59302325581393
127,0,1,3,52.0,974.0,1,3,11432.0,96.01135635307598,9.678453637371824,1194.7083333333333,-220.70833333333334
127,2,0,1,155.0,612.0,1,1,16112.0,93.98944235471797,9.853203666645634,738.421052631579,-126.42105263157895
127,2,0,1,155.0,612.0,1,2,12720.0,82.27768542829504,8.654726916442758,843.4666666666667,-231.46666666666667
127,2,0,1,155.0,612.0,1,3,848.0,67.69799323178972,5.655644239186827,948.0,-336.0
128,0,0,2,225.0,605.0,0,1,226909.0,97.8336442325205,9.838014259740133,128.77894736842106,476.22105263157897
128,0,0,2,225.0,605.0,0,2,263401.0,99.32143630398224,9.994262489885804,78.20754716981132,526.7924528301887
128,0,0,2,225.0,605.0,0,3,11274.0,88.60345729130846,8.163871076017143,145.75,459.25
128,0,0,2,225.0,605.0,1,1,302347.0,99.90924905517343,9.998767181074689,1034.9491803278688,-429.9491803278689
128,0,0,2,225.0,605.0,1,2,320345.0,99.98861464565516,9.997607064911904,1032.7199341021417,-427.7199341021417
128,0,0,2,225.0,605.0,1,3,13404.0,94.25154584666907,9.77167544217047,988.5,-383.5
128,0,1,3,52.0,974.0,1,1,12390.0,98.76519333075656,9.98723620536438,280.1333333333333,693.8666666666667
129,0,0,2,225.0,605.0,1,1,5656.0,83.9362723019124,5.819779046503307,491.125,113.875
129,3,0,8,113.0,790.0,0,1,329096.0,99.8831263179974,9.892495503129553,94.8974358974359,695.1025641025641
129,3,0,8,113.0,790.0,0,2,393438.0,99.60330564386716,9.9864534301651,152.9855072463768,637.0144927536232
129,3,0,8,113.0,790.0,0,3,15410.0,85.05548106796084,9.776862242701927,176.4,613.6
129,3,0,8,113.0,790.0,1,1,334377.0,99.93002151945406,9.9868934780719,975.2201680672268,-185.2201680672269
129,3,0,8,113.0,790.0,1,2,308998.0,99.91912692707233,9.98376422198014,957.52,-167.52
129,3,0,8,113.0,790.0,1,3,12019.0,97.69639073798662,8.233080318642498,900.4782608695652,-110.47826086956522
130,2,1,4,80.0,977.0,0,1,267771.0,98.98143219284718,9.984917638781742,161.0097087378641,815.9902912621359
130,2,1,4,80.0,977.0,0,2,236956.0,99.95977892818205,9.850203565823556,224.67391304347825,752.3260869565217
130,2,1,4,80.0,977.0,0,3,15165.0,79.0331224345897,7.91592087517397,37.6,939.4
130,2,1,4,80.0,977.0,1,1,310445.0,99.89657413833471,9.951917368861722,1531.7636054421769,-554.7636054421769
130,2,1,4,80.0,977.0,1,2,313879.0,99.52925349596435,9.95765982388857,1593.43399339934,-616.4339933993399
130,2,1,4,80.0,977.0,1,3,12228.0,97.70172707879397,9.9960399086471,1554.8181818181818,-577.8181818181819
130,3,0,8,113.0,790.0,0,1,132820.0,98.41087350460856,9.809451555807131,851.0,-61.0
130,3,0,8,113.0,790.0,0,2,68700.0,95.50776242411614,9.50884651374296,844.2,-54.2
130,3,0,8,113.0,790.0,0,3,4580.0,37.82086604601506,7.565988125603895,955.0,-165.0
131,1,2,2,484.0,916.0,0,1,336877.0,99.90766507450216,9.985673085487512,131.77777777777777,784.2222222222222
131,1,2,2,484.0,916.0,0,2,296138.0,99.77114695577144,9.930336736151157,135.88349514563106,780.1165048543689
131,1,2,2,484.0,916.0,0,3,10866.0,98.73601675709727,9.8736227776611,112.4,803.6
131,1,2,2,484.0,916.0,1,1,335076.0,99.80015402986876,9.984458259112545,1362.2092624356776,-446.20926243567754
131,1,2,2,484.0,916.0,1,2,336298.0,99.63253070772402,9.997946929753615,1422.0319327731092,-506.03193277310925
131,1,2,2,484.0,916.0,1,3,12885.0,99.4947329826668,9.141453787524204,1426.5454545454545,-510.54545454545456
131,2,1,4,80.0,977.0,1,1,5760.0,88.33194405277885,9.180276480553976,374.8,602.2
131,2,1,4,80.0,977.0,1,2,4320.0,92.58306802067678,9.126219978678607,469.8666666666667,507.1333333333333
131,2,1,4,80.0,977.0,1,3,288.0,26.476832613184527,8.836066084247676,560.0,417.0
132,1,0,3,61.0,627.0,0,1,298730.0,99.8436734862886,9.989807583185506,138.7156862745098,488.2843137254902
132,1,0,3,61.0,627.0,0,2,241629.0,99.73155284783496,9.908867383197729,86.74666666666667,540.2533333333333
132,1,0,3,61.0,627.0,0,3,9790.0,98.18038740121894,9.898991343108586,73.0,554.0
132,1,0,3,61.0,627.0,1,1,331282.0,99.91031359166487,9.991823086838917,1133.3897180762851,-506.38971807628525
132,1,0,3,61.0,627.0,1,2,338179.0,99.85584750167251,9.993101916730453,1145.9376,-518.9376
132,1,0,3,61.0,627.0,1,3,14830.0,97.71539513796289,9.895141775816557,1194.2083333333333,-567.2083333333334
132,1,2,2,484.0,916.0,1,1,1965.0,97.9159037714348,8.966637645803912,395.93333333333334,520.0666666666667
132,1,2,2,484.0,916.0,1,2,1703.0,93.41937697642224,9.94431285079048,575.1538461538462,340.84615384615387
133,1,0,3,61.0,627.0,0,1,51225.0,91.14689751713188,8.015982800832653,170.46666666666667,456.53333333333336
133,1,0,3,61.0,627.0,0,2,30735.0,87.89931313050104,9.610637605759823,353.77777777777777,273.22222222222223
133,2,2,9,256.0,684.0,0,1,280638.0,99.4663362889603,9.844555344667665,95.59550561797752,588.4044943820224
133,2,2,9,256.0,684.0,0,2,330637.0,97.57375894756292,9.668842483880043,159.63829787234042,524.3617021276596
133,2,2,9,256.0,684.0,0,3,15092.0,89.03246359886647,9.615026627689854,38.5,645.5
133,2,2,9,256.0,684.0,1,1,331073.0,99.90651664784818,9.98821433708165,1209.2516233766235,-525.2516233766233
133,2,2,9,256.0,684.0,1,2,326347.0,99.99960100961626,9.99229759962605,1246.2868852459017,-562.2868852459017
133,2,2,9,256.0,684.0,1,3,11594.0,98.59290063790222,9.569011327957297,1148.2916666666667,-464.2916666666667
134,1,2,4,130.0,766.0,0,1,207351.0,99.43414031885312,9.889426541517034,87.37142857142857,678.6285714285714
134,1,2,4,130.0,766.0,0,2,309513.0,99.59921706703416,9.963195403193229,110.76785714285714,655.2321428571429
134,1,2,4,130.0,766.0,0,3,7209.0,82.72584374315781,9.39537927689779,94.33333333333333,671.6666666666666
134,1,2,4,130.0,766.0,1,1,403082.0,99.78506690100508,9.986013602278176,1535.2631578947369,-769.2631578947369
134,1,2,4,130.0,766.0,1,2,379814.0,99.89915134044548,9.97817341926207,1577.1647254575707,-811.1647254575707
134,1,2,4,130.0,766.0,1,3,16063.0,98.78531451116471,9.506367165190284,1446.24,-680.24
134,2,2,9,256.0,684.0,0,1,14540.0,91.95322335106631,9.67705282459032,407.6,276.4
135,0,3,6,158.0,816.0,0,1,246555.0,99.81623405743224,9.908501704417317,111.08108108108108,704.918918918919
135,0,3,6,158.0,816.0,0,2,352705.0,99.96850750020788,9.993681060420831,134.1747572815534,681.8252427184466
135,0,3,6,158.0,816.0,0,3,12124.0,95.3681862023038,8.847479675897038,83.0,733.0
135,0,3,6,158.0,816.0,1,1,301955.0,99.97966742494052,9.975824800667077,1751.616987179487,-935.6169871794872
135,0,3,6,158.0,816.0,1,2,284962.0,99.99659854364651,9.994457855365706,1840.9176470588236,-1024.9176470588236
135,0,3,6,158.0,816.0,1,3,12033.0,98.91292178688448,9.992020748998051,1724.1666666666667,-908.1666666666666
135,1,2,4,130.0,766.0,0,1,14212.0,99.63094213356638,9.48309714376363,498.09090909090907,267.90909090909093
135,1,2,4,130.0,766.0,0,2,9690.0,97.89270248805413,9.808866872410992,578.2666666666667,187.73333333333332
135,1,2,4,130.0,766.0,0,3,646.0,63.63153743485186,0.0018167024194803,682.0,84.0
136,0,3,6,158.0,816.0,1,1,13260.0,96.1596552974582,9.979770053960909,338.0769230769231,477.9230769230769
136,0,3,6,158.0,816.0,1,2,7650.0,95.02876229905144,8.923437279108775,358.2,457.8
136,0,3,6,158.0,816.0,1,3,510.0,84.38161254757544,6.097870014385088,490.0,326.0
136,1,1,1,449.0,865.0,0,1,213181.0,99.9276414845188,9.875760869754926,74.82608695652173,790.1739130434783
136,1,1,1,449.0,865.0,0,2,224931.0,96.87702212937825,9.966245573237767,137.40425531914894,727.5957446808511
136,1,1,1,449.0,865.0,0,3,7627.0,83.73573797285601,7.36660134872026,157.66666666666666,707.3333333333334
136,1,1,1,449.0,865.0,1,1,334733.0,99.98047584783754,9.99838443288854,1177.056,-312.056
136,1,1,1,449.0,865.0,1,2,316475.0,99.99889091535776,9.9790840038165,1224.3476821192053,-359.3476821192053
136,1,1,1,449.0,865.0,1,3,13061.0,99.98711685261182,9.661523934600512,1296.625,-431.625
137,1,1,1,449.0,865.0,1,1,5310.0,97.42316375004278,9.185044843514072,235.66666666666666,629.3333333333334
137,1,1,1,449.0,865.0,1,2,4956.0,82.40460087218841,8.865057178469716,368.85714285714283,496.14285714285717
137,2,3,3,258.0,759.0,0,1,195323.0,98.47054783356792,9.903310126507623,176.20833333333334,582.7916666666666
137,2,3,3,258.0,759.0,0,2,219330.0,99.62337806869812,9.955304864316968,120.91764705882353,638.0823529411765
137,2,3,3,258.0,759.0,0,3,15478.0,95.01394807768185,8.259488222010612,157.8,601.2
137,2,3,3,258.0,759.0,1,1,344518.0,99.88136343705192,9.96563839349498,1267.9083728278042,-508.9083728278041
137,2,3,3,258.0,759.0,1,2,320249.0,99.81254931108433,9.990214409977565,1292.2166123778502,-533.2166123778502
137,2,3,3,258.0,759.0,1,3,11642.0,99.87601592654116,8.634527585341063,1203.4782608695652,-444.4782608695652
138,2,0,4,385.0,697.0,0,1,341504.0,99.09662041452162,9.928064968918187,110.74528301886792,586.2547169811321
138,2,0,4,385.0,697.0,0,2,225524.0,99.57751519453532,9.77374813237503,154.8732394366197,542.1267605633802
138,2,0,4,385.0,697.0,0,3,3613.0,34.97190073023825,0.2339178848857637,51.0,646.0
138,2,0,4,385.0,697.0,1,1,326195.0,99.7805782307133,9.981262996862052,1353.3819095477386,-656.3819095477387
138,2,0,4,385.0,697.0,1,2,336606.0,99.83294754988076,9.986403141973293,1373.0223285486443,-676.0223285486443
138,2,0,4,385.0,697.0,1,3,14236.0,97.4113426951289,9.572522580773343,1369.0,-672.0
138,2,3,3,258.0,759.0,1,1,4403.0,97.2815482650202,9.813366507278667,699.7647058823529,59.23529411764706
138,2,3,3,258.0,759.0,1,2,3885.0,99.35403194345584,9.704201305702297,853.3333333333334,-94.33333333333333
138,2,3,3,258.0,759.0,1,3,259.0,38.84432406001547,0.8353720406832721,966.0,-207.0
139,1,1,4,383.0,591.0,0,1,376970.0,98.50579810006585,9.952427259235222,118.33333333333333,472.6666666666667
139,1,1,4,383.0,591.0,0,2,279978.0,99.01315173584612,9.86425633472583,80.19565217391305,510.80434782608694
139,1,1,4,383.0,591.0,0,3,23847.0,94.77745061653155,5.471382510027773,55.285714285714285,535.7142857142857
139,1,1,4,383.0,591.0,1,1,326855.0,99.96964683194096,9.944142025864815,780.1207482993198,-189.12074829931973
139,1,1,4,383.0,591.0,1,2,347713.0,99.96997696824552,9.983493179556058,802.8398058252427,-211.8398058252427
139,1,1,4,383.0,591.0,1,3,11525.0,97.55273118180445,9.507606297618924,748.8571428571429,-157.85714285714286
139,2,0,4,385.0,697.0,1,1,8235.0,98.4469865904243,8.635045072127202,172.2,524.8
139,2,0,4,385.0,697.0,1,2,2745.0,77.56128428530384,6.9577237572392665,331.6,365.4
140,1,1,4,383.0,591.0,1,1,9870.0,97.49595293162206,9.825524396376428,244.86666666666667,346.1333333333333
140,1,1,4,383.0,591.0,1,2,9870.0,98.90344979797452,8.208191777702211,416.06666666666666,174.93333333333334
140,1,3,1,448.0,798.0,0,1,235790.0,99.33251149526428,9.891180932222149,99.47727272727273,698.5227272727273
140,1,3,1,448.0,798.0,0,2,198055.0,99.18810033056292,9.948831769449436,116.08219178082192,681.917808219178
140,1,3,1,448.0,798.0,0,3,1278.0,27.639673306678667,8.907572174007868,30.0,768.0
140,1,3,1,448.0,798.0,1,1,310917.0,99.89910878041232,9.999371855811194,1127.2755267423015,-329.27552674230145
140,1,3,1,448.0,798.0,1,2,318994.0,99.93152470053477,9.966343274233983,1122.0384,-324.0384
140,1,3,1,448.0,798.0,1,3,14123.0,98.66276824364198,9.973845275319016,1010.5185185185185,-212.5185185185185
141,0,2,0,271.0,592.0,0,1,8637.0,64.4675016850521,9.225719119729147,21.4,570.6
141,0,2,0,271.0,592.0,0,2,51790.0,96.31047727531454,9.461633112765153,108.88461538461539,483.11538461538464
141,0,2,0,271.0,592.0,0,3,3712.0,33.024021220878,7.798981861921435,150.5,441.5
141,0,2,0,271.0,592.0,1,1,375082.0,99.64671371016186,9.990242959926704,1725.8,-1133.8
141,0,2,0,271.0,592.0,1,2,356801.0,99.89537914923297,9.995178614689072,1810.8237037037038,-1218.8237037037038
141,0,2,0,271.0,592.0,1,3,15594.0,97.48994731614124,8.479159739391509,1710.8461538461538,-1118.8461538461538
141,1,3,1,448.0,798.0,1,1,3030.0,98.32178031783738,9.555874457039518,555.1333333333333,242.86666666666667
141,1,3,1,448.0,798.0,1,2,2424.0,96.83513739571926,8.937901467526162,750.8333333333334,47.166666666666664
142,0,2,0,271.0,592.0,1,1,13335.0,92.81901895917468,9.044716979253169,162.06666666666666,429.93333333333334
142,0,2,0,271.0,592.0,1,2,11557.0,89.63285314574361,9.806869338608298,328.7692307692308,263.2307692307692
142,2,2,9,110.0,604.0,0,1,260652.0,98.38742409674832,9.990276170905265,131.69333333333333,472.3066666666667
142,2,2,9,110.0,604.0,0,2,290464.0,99.14138033222518,9.829259651786709,103.4390243902439,500.5609756097561
142,2,2,9,110.0,604.0,0,3,7265.0,90.49488072380572,9.29088712795624,85.5,518.5
142,2,2,9,110.0,604.0,1,1,337456.0,99.97265608592046,9.978604075967588,1575.026941362916,-971.026941362916
142,2,2,9,110.0,604.0,1,2,339210.0,99.75093706169932,9.9854423359047,1592.1666666666667,-988.1666666666666
142,2,2,9,110.0,604.0,1,3,13074.0,99.86895261119372,9.183011216191376,1541.0384615384614,-937.0384615384615
143,1,2,2,494.0,891.0,0,1,306355.0,99.73823066409354,9.999058252859822,128.13084112149534,762.8691588785047
143,1,2,2,494.0,891.0,0,2,249287.0,99.41296510113403,9.960212780432496,160.08602150537635,730.9139784946236
143,1,2,2,494.0,891.0,0,3,5670.0,57.699028851648855,8.126551385514226,189.0,702.0
143,1,2,2,494.0,891.0,1,1,356225.0,99.92382330451912,9.947638470304836,1774.2680067001675,-883.2680067001675
143,1,2,2,494.0,891.0,1,2,361455.0,99.82448580842606,9.96647984313049,1735.095867768595,-844.095867768595
143,1,2,2,494.0,891.0,1,3,15791.0,97.51765258502796,9.933664069691815,1712.88,-821.88
143,2,2,9,110.0,604.0,1,1,8608.0,99.86958662514128,9.183587174665014,694.5,-90.5
143,2,2,9,110.0,604.0,1,2,8070.0,94.15822158329604,9.30504152236004,818.3333333333334,-214.33333333333334
143,2,2,9,110.0,604.0,1,3,538.0,55.61834254923031,2.305346259168087,927.0,-323.0
144,1,1,1,306.0,977.0,0,1,427540.0,99.72981170126334,9.877660241375958,182.9090909090909,794.0909090909091
144,1,1,1,306.0,977.0,0,2,351882.0,98.70689722675556,9.984705087482766,161.70866141732284,815.2913385826772
144,1,1,1,306.0,977.0,0,3,15306.0,78.80326219491964,8.99887388669149,163.83333333333334,813.1666666666666
144,1,1,1,306.0,977.0,1,1,273140.0,99.63898716660684,9.978949429663666,1505.1735074626865,-528.1735074626865
144,1,1,1,306.0,977.0,1,2,299211.0,98.97044059685824,9.97048590968657,1464.9228070175438,-487.92280701754385
144,1,1,1,306.0,977.0,1,3,10416.0,96.83169108450122,9.933359815605863,1515.142857142857,-538.1428571428571
144,1,2,2,494.0,891.0,1,1,29430.0,91.01013348253878,9.842042734051027,367.5,523.5
144,1,2,2,494.0,891.0,1,2,15696.0,91.19535872428229,9.75624564840021,381.625,509.375
144,1,2,2,494.0,891.0,1,3,981.0,51.33418376365224,4.1370481957272895,460.0,431.0
145,1,1,1,306.0,977.0,1,1,11805.0,98.79714220052284,9.023067358165047,540.2,436.8
145,1,1,1,306.0,977.0,1,2,3935.0,95.9115662533912,9.283401846583134,676.0,301.0
145,2,1,9,273.0,766.0,0,1,257148.0,99.31608838660962,9.860866346008269,108.40625,657.59375
145,2,1,9,273.0,766.0,0,2,373568.0,98.54257680533136,9.9193171171933,105.15178571428571,660.8482142857143
145,2,1,9,273.0,766.0,0,3,11254.0,98.7562052055436,4.876774881882899,132.0,634.0
145,2,1,9,273.0,766.0,1,1,310234.0,99.4112254366407,9.990909793899094,962.7114754098361,-196.71147540983605
145,2,1,9,273.0,766.0,1,2,300377.0,99.9460797182354,9.955653833071697,997.9144295302013,-231.91442953020135
145,2,1,9,273.0,766.0,1,3,10866.0,92.32935605150873,9.96501624286102,1092.304347826087,-326.30434782608694
146,0,0,4,237.0,518.0,0,1,296026.0,99.40201836729254,9.867252264019363,102.97938144329896,415.02061855670104
146,0,0,4,237.0,518.0,0,2,279752.0,99.65973186952183,9.875670251114595,109.96629213483146,408.03370786516854
146,0,0,4,237.0,518.0,0,3,15289.0,76.28864116963199,9.49892838609321,109.0,409.0
146,0,0,4,237.0,518.0,1,1,339248.0,99.88266106304069,9.940878734981965,733.9029605263158,-215.90296052631578
146,0,0,4,237.0,518.0,1,2,376665.0,99.78202410504694,9.98882156578602,768.0064724919093,-250.0064724919094
146,0,0,4,237.0,518.0,1,3,14168.0,99.82415059644426,9.040144777042135,813.4782608695652,-295.4782608695652
146,2,1,9,273.0,766.0,1,1,7980.0,99.10389030075416,9.302099920907343,419.2,346.8
146,2,1,9,273.0,766.0,1,2,3724.0,95.29940731083384,9.388698739668964,549.7142857142857,216.28571428571428
147,0,0,4,237.0,518.0,1,1,13335.0,93.6009957302121,8.93195347850045,611.2666666666667,-93.26666666666667
147,0,0,4,237.0,518.0,1,2,13335.0,97.69307363574158,9.750038672791812,802.8,-284.8
147,2,3,5,496.0,720.0,0,1,289197.0,98.94599329657169,9.97051480407879,128.02020202020202,591.979797979798
147,2,3,5,496.0,720.0,0,2,312586.0,99.84615199829985,9.96469649416489,121.10619469026548,598.8938053097345
147,2,3,5,496.0,720.0,0,3,17477.0,85.3173203506355,8.593814215226718,121.66666666666667,598.3333333333334
147,2,3,5,496.0,720.0,1,1,306607.0,99.90104504539272,9.997164540501675,1709.4636963696369,-989.463696369637
147,2,3,5,496.0,720.0,1,2,303455.0,99.97238940985967,9.993690419822878,1680.408547008547,-960.408547008547
147,2,3,5,496.0,720.0,1,3,10152.0,99.45880981676996,9.478491371925196,1635.1818181818182,-915.1818181818181
148,1,2,0,319.0,912.0,0,1,406291.0,99.46266992056496,9.968186323918852,154.9607843137255,757.0392156862745
148,1,2,0,319.0,912.0,0,2,286119.0,99.61758913939762,9.924734880129307,151.5,760.5
148,1,2,0,319.0,912.0,0,3,16195.0,96.5086164416901,9.386545145317392,160.83333333333334,751.1666666666666
148,1,2,0,319.0,912.0,1,1,311531.0,99.68153234364128,9.998899024082458,1029.98,-117.98
148,1,2,0,319.0,912.0,1,2,325862.0,99.83214318228144,9.982272852309569,1046.5226480836236,-134.5226480836237
148,1,2,0,319.0,912.0,1,3,11546.0,99.92092658219804,9.98928867574568,1080.8095238095239,-168.8095238095238
148,2,3,5,496.0,720.0,0,1,35802.0,91.535345551326,9.806663950384651,623.4705882352941,96.52941176470588
148,2,3,5,496.0,720.0,0,2,31590.0,94.83501606478734,9.698910998576324,748.6,-28.6
148,2,3,5,496.0,720.0,0,3,2106.0,49.478502847928254,8.41839396939279,831.0,-111.0
149,1,2,0,319.0,912.0,1,1,13935.0,92.97209617745465,9.032979323499148,821.9333333333333,90.06666666666666
149,1,2,0,319.0,912.0,1,2,10219.0,87.44064518886046,8.682917164238306,978.0,-66.0
149,1,2,9,239.0,541.0,0,1,169953.0,99.93810299087274,9.920814359209531,102.64814814814815,438.35185185185185
149,1,2,9,239.0,541.0,0,2,238968.0,99.36022754522682,9.887924352152313,109.43835616438356,431.56164383561645
149,1,2,9,239.0,541.0,0,3,3647.0,64.61197242969418,0.2863335738557548,223.0,318.0
149,1,2,9,239.0,541.0,1,1,351826.0,99.90982697488094,9.984160599392505,1943.9570552147238,-1402.9570552147238
149,1,2,9,239.0,541.0,1,2,345594.0,99.98085401455688,9.97111015889734,1970.2670906200317,-1429.2670906200317
149,1,2,9,239.0,541.0,1,3,14392.0,98.5350530302535,9.758506037285844,1669.4444444444443,-1128.4444444444443
150,1,2,9,239.0,541.0,1,1,4790.0,91.68071023035569,9.449356607075403,370.6,170.4
150,2,2,6,269.0,918.0,0,1,444995.0,99.69388462333056,9.9891219549941,166.9298245614035,751.0701754385965
150,2,2,6,269.0,918.0,0,2,428163.0,99.84301247412488,9.99602805960794,139.6218487394958,778.3781512605042
150,2,2,6,269.0,918.0,0,3,8410.0,57.02396770724754,2.4210472839945973,76.0,842.0
150,2,2,6,269.0,918.0,1,1,363945.0,99.55896438928416,9.994828861311822,1207.5274542429283,-289.52745424292846
150,2,2,6,269.0,918.0,1,2,360772.0,99.8808608164752,9.998951720300362,1174.3232323232323,-256.32323232323233
150,2,2,6,269.0,918.0,1,3,15857.0,96.85940955766556,9.780839658137472,1204.5,-286.5
151,1,2,3,111.0,583.0,0,1,273411.0,99.71730294441062,9.802398531022586,63.349514563106794,519.6504854368932
151,1,2,3,111.0,583.0,0,2,324077.0,98.98720123182454,9.975178934675792,96.88659793814433,486.11340206185565
151,1,2,3,111.0,583.0,0,3,10223.0,90.13821884014487,8.305419660596257,49.333333333333336,533.6666666666666
151,1,2,3,111.0,583.0,1,1,347687.0,99.7680550582998,9.99694968185512,819.0344827586207,-236.0344827586207
151,1,2,3,111.0,583.0,1,2,365920.0,99.97450170786584,9.986215411884546,819.512987012987,-236.51298701298703
151,1,2,3,111.0,583.0,1,3,14543.0,97.52708934091538,9.075548811471748,815.9230769230769,-232.92307692307693
151,2,2,6,269.0,918.0,1,1,6147.0,93.75125397026504,9.162246008804033,349.6666666666667,568.3333333333334
152,0,1,9,297.0,854.0,0,1,235099.0,99.6292994989314,9.998932744156278,99.97297297297297,754.027027027027
152,0,1,9,297.0,854.0,0,2,164752.0,99.23528036187206,9.870296300639872,118.87692307692308,735.123076923077
152,0,1,9,297.0,854.0,0,3,7246.0,88.62567700491964,5.582793621741504,110.66666666666667,743.3333333333334
152,0,1,9,297.0,854.0,1,1,336733.0,99.95338858342254,9.990863059688786,1850.5055467511886,-996.5055467511886
152,0,1,9,297.0,854.0,1,2,338848.0,99.9700799268195,9.995201131656614,1892.1611374407582,-1038.1611374407582
152,0,1,9,297.0,854.0,1,3,12225.0,90.3118566461736,9.131507144280276,1816.92,-962.92
152,1,2,3,111.0,583.0,1,1,7005.0,98.28858921372944,9.541038158998049,513.6666666666666,69.33333333333333
152,1,2,3,111.0,583.0,1,2,7005.0,98.01161232983628,9.842949781861456,705.0,-122.0
153,0,1,9,297.0,854.0,1,1,7176.0,99.45125884767262,9.78008433317353,539.875,314.125
153,2,2,0,302.0,839.0,0,1,491533.0,99.32152923698314,9.955732918948849,161.09947643979058,677.9005235602094
153,2,2,0,302.0,839.0,0,2,643051.0,99.904408950139,9.990156599792163,150.43347639484978,688.5665236051502
153,2,2,0,302.0,839.0,0,3,19093.0,83.0088633459202,9.683870431075206,187.25,651.75
153,2,2,0,302.0,839.0,1,1,285819.0,99.91595373969122,9.93151155983989,691.4875239923225,147.51247600767755
153,2,2,0,302.0,839.0,1,2,262015.0,99.89214027286054,9.980475182188716,772.4875,66.5125
153,2,2,0,302.0,839.0,1,3,9533.0,98.56484084100376,9.871493615645656,792.15,46.85
154,2,2,0,302.0,839.0,1,1,6951.0,95.6053189395722,9.741929995841584,678.952380952381,160.04761904761904
154,2,2,0,302.0,839.0,1,2,4965.0,86.50650123117916,8.61414575798843,778.6666666666666,60.333333333333336
154,2,2,0,302.0,839.0,1,3,331.0,53.80540216537149,1.5741790446472226,896.0,-57.0
154,2,2,7,80.0,947.0,0,1,371541.0,99.71442491949313,9.993265565078802,151.61061946902655,795.3893805309734
154,2,2,7,80.0,947.0,0,2,281644.0,99.25300104406304,9.8649767468473,183.375,763.625
154,2,2,7,80.0,947.0,0,3,20895.0,88.99434891621962,8.744849136354366,76.0,871.0
154,2,2,7,80.0,947.0,1,1,311068.0,99.66787666834324,9.984302082269997,1154.1399317406144,-207.13993174061434
154,2,2,7,80.0,947.0,1,2,327564.0,99.9858543107228,9.964451141982671,1147.3624595469255,-200.36245954692558
154,2,2,7,80.0,947.0,1,3,10164.0,99.18295274847196,9.589704490812528,1257.3809523809523,-310.3809523809524
155,0,0,2,420.0,550.0,0,1,230703.0,99.77081578180416,9.84010132778184,104.33783783783784,445.6621621621622
155,0,0,2,420.0,550.0,0,2,131085.0,96.99273899065189,9.808107486176668,124.25925925925925,425.74074074074076
155,0,0,2,420.0,550.0,0,3,5385.0,96.31718194790948,6.470787489289595,34.5,515.5
155,0,0,2,420.0,550.0,1,1,345008.0,99.97598227430166,9.969590439788758,1666.946117274168,-1116.946117274168
155,0,0,2,420.0,550.0,1,2,384387.0,99.98803064106085,9.995831848933118,1637.593607305936,-1087.593607305936
155,0,0,2,420.0,550.0,1,3,13934.0,96.91133969562566,9.71128847616891,1609.5384615384614,-1059.5384615384614
155,2,2,7,80.0,947.0,1,1,7635.0,98.0025799171885,9.428916643289568,750.2,196.8
155,2,2,7,80.0,947.0,1,2,1527.0,51.72106113195834,3.1603857259028203,872.6666666666666,74.33333333333333
156,0,0,2,420.0,550.0,1,1,14014.0,99.74571964613612,9.824764738069646,494.6923076923077,55.30769230769231
156,0,0,2,420.0,550.0,1,2,8085.0,98.95676810663012,9.205370125096294,506.4,43.6
156,0,0,2,420.0,550.0,1,3,539.0,93.31604055629477,0.4522534582984194,628.0,-78.0
156,0,3,2,308.0,998.0,0,1,390196.0,99.47906450833553,9.971417537209437,149.7869822485207,848.2130177514792
156,0,3,2,308.0,998.0,0,2,339077.0,99.17063979632216,9.982044792131266,136.15822784810126,861.8417721518987
156,0,3,2,308.0,998.0,0,3,9873.0,61.318284600668576,8.35187587345447,154.25,843.75
156,0,3,2,308.0,998.0,1,1,307043.0,99.95026566877804,9.991954934833332,971.1733333333333,26.826666666666668
156,0,3,2,308.0,998.0,1,2,326573.0,99.73503086369384,9.961811059800713,970.4444444444445,27.555555555555557
156,0,3,2,308.0,998.0,1,3,13728.0,92.44414721497574,9.574389973441477,969.0869565217391,28.91304347826087
157,0,3,2,308.0,998.0,1,1,7840.0,93.11923054838702,9.699671693843907,289.10714285714283,708.8928571428571
157,0,3,2,308.0,998.0,1,2,4200.0,96.90273055409068,9.509034507870211,294.6,703.4
157,0,3,2,308.0,998.0,1,3,280.0,78.264463556865,0.8769165526193812,372.0,626.0
157,2,2,6,369.0,889.0,0,1,453749.0,99.8479227174211,9.990980276109408,169.58823529411765,719.4117647058823
157,2,2,6,369.0,889.0,0,2,550173.0,99.55391286782834,9.702574541568532,128.54605263157896,760.453947368421
157,2,2,6,369.0,889.0,0,3,15539.0,82.33865337351406,8.260797487975882,144.25,744.75
157,2,2,6,369.0,889.0,1,1,327457.0,99.73571291244478,9.989734146608244,853.39092495637,35.609075043630014
157,2,2,6,369.0,889.0,1,2,312349.0,99.95613222412724,9.977120932123093,858.9926873857404,30.007312614259597
157,2,2,6,369.0,889.0,1,3,12700.0,99.14445228593011,9.50328637314634,838.0434782608696,50.95652173913044
158,2,0,4,172.0,744.0,0,1,327215.0,99.96204742086996,9.946732670315846,83.52100840336135,660.4789915966387
158,2,0,4,172.0,744.0,0,2,514476.0,99.93794828933046,9.84798190253376,112.02298850574712,631.9770114942529
158,2,0,4,172.0,744.0,0,3,9356.0,81.02186755578947,7.945691677412218,183.66666666666666,560.3333333333334
158,2,0,4,172.0,744.0,1,1,314618.0,99.83614191895025,9.987562998181046,745.3293515358362,-1.3293515358361774
158,2,0,4,172.0,744.0,1,2,270715.0,99.96069177162822,9.992829583377429,773.6571428571428,-29.65714285714286
158,2,0,4,172.0,744.0,1,3,12699.0,95.0987942033135,8.71466323305432,831.2,-87.2
158,2,2,6,369.0,889.0,1,1,8490.0,95.94804481307932,9.251414366472524,626.5333333333333,262.46666666666664
158,2,2,6,369.0,889.0,1,2,7924.0,99.99899808846918,8.682499013155123,798.5,90.5
159,2,0,4,172.0,744.0,1,1,2880.0,98.20827563098447,9.891047379095204,302.8666666666667,441.1333333333333
159,2,0,4,172.0,744.0,1,2,1536.0,97.60377065981328,9.838058673677704,455.75,288.25
159,2,3,3,359.0,512.0,0,1,120975.0,99.2250778739323,9.83454587991296,83.67272727272727,428.3272727272727
159,2,3,3,359.0,512.0,0,2,151549.0,97.31819307990683,9.742243294572896,71.82142857142857,440.17857142857144
159,2,3,3,359.0,512.0,0,3,3116.0,99.68782995017304,2.262037510952383,127.0,385.0
159,2,3,3,359.0,512.0,1,1,337084.0,99.71826503241032,9.988580244404613,1374.6461538461538,-862.6461538461539
159,2,3,3,359.0,512.0,1,2,350954.0,99.87541286721404,9.993567279210293,1418.9723076923076,-906.9723076923077
159,2,3,3,359.0,512.0,1,3,12775.0,95.75821995096548,9.98917057575651,1384.7407407407406,-872.7407407407408
160,2,3,3,359.0,512.0,1,1,3475.0,99.86842112650577,9.832698251494424,589.6,-77.6
160,2,3,3,359.0,512.0,1,2,2085.0,96.90276228813232,9.756146751412736,620.8666666666667,-108.86666666666666
160,2,3,3,359.0,512.0,1,3,139.0,99.69800513713488,0.779857922767927,702.0,-190.0
160,3,2,4,401.0,975.0,0,1,464777.0,98.6969667541368,9.931395799923804,145.47552447552448,829.5244755244755
160,3,2,4,401.0,975.0,0,2,355921.0,99.8510620819818,9.925350502631185,155.45378151260505,819.546218487395
160,3,2,4,401.0,975.0,0,3,10372.0,82.51351483329145,8.114565572740828,132.0,843.0
160,3,2,4,401.0,975.0,1,1,291797.0,99.86347538952876,9.976627713980026,1163.769927536232,-188.76992753623188
160,3,2,4,401.0,975.0,1,2,315638.0,99.97354886899257,9.971900475627692,1165.5146804835924,-190.5146804835924
160,3,2,4,401.0,975.0,1,3,11604.0,99.13041149280484,8.41476406724023,1178.1739130434783,-203.17391304347825
161,0,1,7,169.0,784.0,0,1,272011.0,99.9532556917808,9.9118343118807,139.5185185185185,644.4814814814815
161,0,1,7,169.0,784.0,0,2,237697.0,98.54266266684326,9.941220776256143,119.96842105263158,664.0315789473684
161,0,1,7,169.0,784.0,0,3,11190.0,97.24556574525158,9.793746743487628,119.6,664.4
161,0,1,7,169.0,784.0,1,1,335182.0,99.93144522859444,9.995538407834044,1105.635593220339,-321.635593220339
161,0,1,7,169.0,784.0,1,2,343238.0,99.65763057170872,9.979123014147472,1075.3814262023218,-291.38142620232173
161,0,1,7,169.0,784.0,1,3,12646.0,97.08341057210518,9.861916881201314,1043.8181818181818,-259.8181818181818
161,3,2,4,401.0,975.0,1,1,9834.0,93.05421179088972,9.847077671760491,609.9090909090909,365.09090909090907
161,3,2,4,401.0,975.0,1,2,6705.0,87.94695136729749,9.79584190413852,693.6,281.4
161,3,2,4,401.0,975.0,1,3,447.0,45.09545839543941,3.1284417552414623,804.0,171.0
162,0,1,7,169.0,784.0,1,1,12105.0,96.80330781202176,9.799349123957418,229.6,554.4
162,0,1,7,169.0,784.0,1,2,12105.0,86.27194251535612,8.981578804240257,418.06666666666666,365.93333333333334
162,0,1,7,169.0,784.0,1,3,807.0,44.987860887962526,8.640493318133222,502.0,282.0
162,3,2,5,187.0,748.0,0,1,294420.0,99.8728617487035,9.961566668758753,107.86206896551724,640.1379310344828
162,3,2,5,187.0,748.0,0,2,438023.0,99.19723687698853,9.961735551012216,163.5625,584.4375
162,3,2,5,187.0,748.0,0,3,15970.0,85.46457418217831,7.756962764661138,99.16666666666667,648.8333333333334
162,3,2,5,187.0,748.0,1,1,328499.0,99.97209557649634,9.996726463052106,1028.9541595925298,-280.9541595925297
162,3,2,5,187.0,748.0,1,2,293268.0,99.76972969402746,9.998821735880972,1152.604089219331,-404.60408921933083
162,3,2,5,187.0,748.0,1,3,10153.0,98.8007818824242,9.863192493519504,1120.5714285714287,-372.57142857142856
163,1,3,7,304.0,877.0,0,1,124617.0,99.41119109500292,9.909631542204515,92.15384615384616,784.8461538461538
163,1,3,7,304.0,877.0,0,2,127200.0,95.91127160241884,9.99138379012448,112.06557377049181,764.9344262295082
163,1,3,7,304.0,877.0,0,3,5039.0,48.049257745609935,6.474544000279866,242.0,635.0
163,1,3,7,304.0,877.0,1,1,356957.0,99.99277883469269,9.995697802860713,2189.3575949367087,-1312.357594936709
163,1,3,7,304.0,877.0,1,2,365966.0,99.98217124975804,9.941546683282915,2118.4615384615386,-1241.4615384615386
163,1,3,7,304.0,877.0,1,3,14992.0,96.94888045209814,9.77302974637605,2261.48,-1384.48
163,3,2,5,187.0,748.0,1,1,5106.0,98.8483059667931,9.521495418441091,222.7391304347826,525.2608695652174
163,3,2,5,187.0,748.0,1,2,3330.0,98.27325460867242,9.62572643707457,293.46666666666664,454.53333333333336
163,3,2,5,187.0,748.0,1,3,222.0,23.76198334816236,1.6564351520213971,406.0,342.0
164,1,3,7,304.0,877.0,1,1,15280.0,99.48669611740652,9.966260531521984,568.75,308.25
164,1,3,7,304.0,877.0,1,2,11460.0,86.6435776562816,9.051946616046324,654.8666666666667,222.13333333333333
164,1,3,7,304.0,877.0,1,3,764.0,49.54625914755772,7.697025222438597,734.0,143.0
164,2,3,5,461.0,994.0,0,1,350987.0,99.75002776015783,9.879195806226404,160.9816513761468,833.0183486238532
164,2,3,5,461.0,994.0,0,2,402852.0,98.89474832926028,9.835786360351207,141.12698412698413,852.8730158730159
164,2,3,5,461.0,994.0,0,3,9274.0,83.07354615083906,8.331487693691336,188.25,805.75
164,2,3,5,461.0,994.0,1,1,302815.0,99.92500256633012,9.990073122865686,2220.4111675126906,-1226.4111675126903
164,2,3,5,461.0,994.0,1,2,294650.0,99.75247060647264,9.999771594278954,2341.3199300699303,-1347.31993006993
164,2,3,5,461.0,994.0,1,3,11962.0,98.69167653395826,9.717793446321709,2155.8260869565215,-1161.8260869565217
165,2,1,3,430.0,768.0,0,1,209275.0,99.73232545559432,9.974989256207904,130.54929577464787,637.4507042253521
165,2,1,3,430.0,768.0,0,2,338639.0,99.19888732706664,9.847719861029276,154.31932773109244,613.6806722689075
165,2,1,3,430.0,768.0,0,3,20405.0,79.29423373527187,9.853361073950827,78.16666666666667,689.8333333333334
165,2,1,3,430.0,768.0,1,1,336240.0,99.7166103786184,9.965269950688212,1357.2602523659307,-589.2602523659306
165,2,1,3,430.0,768.0,1,2,313551.0,99.87463325702473,9.998988998897978,1441.6363636363637,-673.6363636363636
165,2,1,3,430.0,768.0,1,3,12602.0,98.5548876348654,9.930971916991812,1346.0454545454545,-578.0454545454545
165,2,3,5,461.0,994.0,1,1,9885.0,97.65665341785932,9.564986846238,225.86666666666667,768.1333333333333
166,2,1,3,430.0,768.0,0,1,68864.0,99.42717482969668,8.938857909954699,723.5,44.5
166,2,1,3,430.0,768.0,0,2,64560.0,91.77243114944775,9.804935435370684,857.6,-89.6
166,2,1,3,430.0,768.0,0,3,4304.0,95.61036276232616,4.12089247207878,960.0,-192.0
166,3,0,9,184.0,748.0,0,1,267152.0,98.90094253541426,9.707645939959669,87.57333333333334,660.4266666666666
166,3,0,9,184.0,748.0,0,2,278951.0,99.16043424419284,9.910835875096538,123.68604651162791,624.3139534883721
166,3,0,9,184.0,748.0,0,3,18504.0,67.99210290293843,9.13322178757243,61.4,686.6
166,3,0,9,184.0,748.0,1,1,335623.0,99.97585988795436,9.991822408830496,1461.475357710652,-713.4753577106518
166,3,0,9,184.0,748.0,1,2,322347.0,99.83672307080782,9.994005835145176,1543.313725490196,-795.3137254901961
166,3,0,9,184.0,748.0,1,3,12852.0,98.9749937090633,9.788539928828436,1537.2727272727273,-789.2727272727273
167,0,1,7,240.0,933.0,0,1,338741.0,99.68090406797754,9.975084119492404,118.62135922330097,814.3786407766991
167,0,1,7,240.0,933.0,0,2,295028.0,99.27597281709178,9.966214202295856,145.48039215686273,787.5196078431372
167,0,1,7,240.0,933.0,0,3,11036.0,42.073830165284335,9.608587899028404,281.0,652.0
167,0,1,7,240.0,933.0,1,1,334183.0,99.76545833655152,9.998428495480251,1503.5844594594594,-570.5844594594595
167,0,1,7,240.0,933.0,1,2,329339.0,99.77033517194916,9.95626829877655,1539.3070469798658,-606.3070469798657
167,0,1,7,240.0,933.0,1,3,13331.0,93.2365748931322,9.38672144689632,1543.7916666666667,-610.7916666666666
167,3,0,9,184.0,748.0,1,1,17950.0,94.79566679027344,9.897314232334796,802.48,-54.48
167,3,0,9,184.0,748.0,1,2,10770.0,95.60538866608634,9.618659128452627,860.1333333333333,-112.13333333333334
167,3,0,9,184.0,748.0,1,3,718.0,22.3408682546398,1.0595854269026794,936.0,-188.0
168,0,1,7,240.0,933.0,1,1,3630.0,95.94611367975315,8.8692113892934,461.53333333333336,471.46666666666664
168,0,1,7,240.0,933.0,1,2,2178.0,94.02633492800594,9.656821182133957,621.8888888888889,311.1111111111111
168,3,1,0,174.0,714.0,0,1,321154.0,97.68782365833997,9.936429666809296,115.61475409836065,598.3852459016393
168,3,1,0,174.0,714.0,0,2,252925.0,99.83466754081029,9.822318715170884,93.41463414634147,620.5853658536586
168,3,1,0,174.0,714.0,0,3,21641.0,98.4418173680317,8.084913337169718,82.25,631.75
168,3,1,0,174.0,714.0,1,1,363485.0,99.9382511346533,9.93160978990132,1313.6061643835617,-599.6061643835617
168,3,1,0,174.0,714.0,1,2,373825.0,99.92991056330912,9.982623154070245,1287.7958199356913,-573.7958199356913
168,3,1,0,174.0,714.0,1,3,11001.0,97.75634013966103,9.629680059554914,1321.4,-607.4
169,2,2,4,362.0,735.0,0,1,187640.0,92.3783086521499,9.887040715498095,134.81967213114754,600.1803278688525
169,2,2,4,362.0,735.0,0,2,256894.0,98.2172918296466,9.2094758305187,147.3827160493827,587.6172839506173
169,2,2,4,362.0,735.0,0,3,6166.0,62.5319059050875,8.590537535145366,152.5,582.5
169,2,2,4,362.0,735.0,1,1,326265.0,99.88811545691767,9.99503595312918,1446.6080870917574,-711.6080870917574
169,2,2,4,362.0,735.0,1,2,319636.0,99.95068815088985,9.96239465968146,1423.4119547657513,-688.4119547657513
169,2,2,4,362.0,735.0,1,3,13611.0,90.5947472667164,9.958412187827022,1474.88,-739.88
169,3,1,0,174.0,714.0,1,1,10464.0,95.94643930629287,9.709843720472524,423.0,291.0
169,3,1,0,174.0,714.0,1,2,9810.0,89.43002885386261,9.456154268643376,610.3333333333334,103.66666666666667
169,3,1,0,174.0,714.0,1,3,654.0,85.5387010140621,3.81428911291927,703.0,11.0
170,0,2,6,295.0,587.0,0,1,126984.0,98.65061365992584,9.717882143343514,96.87301587301587,490.12698412698415
170,0,2,6,295.0,587.0,0,2,142661.0,99.85033376417158,9.814178325121713,122.28571428571429,464.7142857142857
170,0,2,6,295.0,587.0,0,3,6813.0,53.15690322598706,4.365097282637967,55.666666666666664,531.3333333333334
170,0,2,6,295.0,587.0,1,1,311493.0,99.6373852652211,9.994994107522988,1509.3753894080996,-922.3753894080996
170,0,2,6,295.0,587.0,1,2,321485.0,99.86636956347688,9.994100900460626,1459.0353846153846,-872.0353846153846
170,0,2,6,295.0,587.0,1,3,14250.0,96.39337715137228,9.55088173212934,1390.4,-803.4
170,2,2,4,362.0,735.0,1,1,12495.0,98.840777935138,8.720562111475191,355.8,379.2
170,2,2,4,362.0,735.0,1,2,5831.0,96.48711520269238,9.567261712329248,467.42857142857144,267.57142857142856
171,0,2,6,295.0,587.0,1,1,13995.0,94.80199022721112,9.715813398869969,347.6666666666667,239.33333333333334
171,0,2,6,295.0,587.0,1,2,13995.0,92.566037181636,9.977283201639372,538.0666666666667,48.93333333333333
171,0,2,6,295.0,587.0,1,3,933.0,49.95968676687277,9.447724357633744,619.0,-32.0
171,3,1,4,432.0,680.0,0,1,182180.0,96.52743376512755,9.93386674780026,98.01428571428572,581.9857142857143
171,3,1,4,432.0,680.0,0,2,191365.0,97.3489971165568,9.796128022019715,84.63636363636364,595.3636363636364
171,3,1,4,432.0,680.0,0,3,12035.0,97.81922909825342,6.273396792961698,132.4,547.6
171,3,1,4,432.0,680.0,1,1,359673.0,99.94062629588252,9.998509661784174,1040.2295597484276,-360.2295597484277
171,3,1,4,432.0,680.0,1,2,354138.0,99.93476445088744,9.997040108667669,1052.2286634460547,-372.2286634460547
171,3,1,4,432.0,680.0,1,3,11909.0,94.44194429617974,9.383192444487948,1084.090909090909,-404.09090909090907
172,1,1,2,232.0,839.0,0,1,395475.0,99.38926750393136,9.98079316346026,128.27083333333334,710.7291666666666
172,1,1,2,232.0,839.0,0,2,284289.0,99.74381795455072,9.888989605385252,164.232,674.768
172,1,1,2,232.0,839.0,0,3,6980.0,98.74627852026688,6.390648984938586,178.75,660.25
172,1,1,2,232.0,839.0,1,1,312952.0,99.5565254812454,9.995469243084486,1245.9964157706092,-406.9964157706093
172,1,1,2,232.0,839.0,1,2,320219.0,99.66085133694487,9.995132451938831,1288.871080139373,-449.87108013937285
172,1,1,2,232.0,839.0,1,3,14042.0,99.0017603174263,7.856237529186081,1209.2173913043478,-370.2173913043478
172,3,1,4,432.0,680.0,1,1,8352.0,97.1708952325591,9.29266439937823,366.94444444444446,313.05555555555554
172,3,1,4,432.0,680.0,1,2,6960.0,95.72996164998564,9.821675866128436,519.2666666666667,160.73333333333332
172,3,1,4,432.0,680.0,1,3,464.0,82.35520296481768,4.261100341816663,610.0,70.0
173,1,1,2,232.0,839.0,0,1,8385.0,97.6817972211013,9.37390535317859,398.26666666666665,440.73333333333335
173,1,1,2,232.0,839.0,0,2,7267.0,99.11311175202928,9.94178385980915,575.3076923076923,263.6923076923077
173,1,2,8,78.0,604.0,0,1,258150.0,99.6420354809268,9.900745009039191,93.43373493975903,510.56626506024094
173,1,2,8,78.0,604.0,0,2,331173.0,99.528928669734,9.165556009901856,95.20754716981132,508.79245283018867
173,1,2,8,78.0,604.0,0,3,7684.0,52.35178485046213,7.283197481009998,67.66666666666667,536.3333333333334
173,1,2,8,78.0,604.0,1,1,365984.0,99.89425628956867,9.972882155392869,922.1559485530547,-318.15594855305466
173,1,2,8,78.0,604.0,1,2,341786.0,99.62519393804632,9.98744087625655,894.9394957983193,-290.93949579831934
173,1,2,8,78.0,604.0,1,3,14425.0,99.24165179384046,9.944104648107457,977.0,-373.0
174,0,2,4,114.0,838.0,0,1,350833.0,95.27832217172792,9.731096173525303,112.4957264957265,725.5042735042736
174,0,2,4,114.0,838.0,0,2,288130.0,99.78433374809156,9.918899101004271,122.4326923076923,715.5673076923077
174,0,2,4,114.0,838.0,0,3,9771.0,92.70520955464757,9.968940829506312,132.5,705.5
174,0,2,4,114.0,838.0,1,1,348334.0,99.37963975703325,9.998311021206051,1179.2789115646258,-341.27891156462584
174,0,2,4,114.0,838.0,1,2,352194.0,99.97954659081442,9.98602865659914,1212.690756302521,-374.690756302521
174,0,2,4,114.0,838.0,1,3,15246.0,98.12647413070437,9.754787698676989,1169.5416666666667,-331.5416666666667
174,1,2,8,78.0,604.0,0,1,59910.0,90.31173066513874,9.21016703786506,200.93333333333334,403.06666666666666
174,1,2,8,78.0,604.0,0,2,55916.0,94.74004188297994,9.386316434758806,357.2142857142857,246.78571428571428
175,0,0,6,245.0,811.0,0,1,407300.0,99.1713841055798,9.945486081217089,135.95035460992906,675.049645390071
175,0,0,6,245.0,811.0,0,2,283926.0,99.59386209706494,9.822374404548768,142.84545454545454,668.1545454545454
175,0,0,6,245.0,811.0,0,3,14012.0,88.79890538213795,9.788446914819202,160.57142857142858,650.4285714285714
175,0,0,6,245.0,811.0,1,1,258662.0,99.93752419118474,9.970590436610028,1179.8280141843973,-368.82801418439715
175,0,0,6,245.0,811.0,1,2,275853.0,99.95597740620416,9.934523371578967,1208.4457627118645,-397.4457627118644
175,0,0,6,245.0,811.0,1,3,9320.0,91.64848907854322,9.364442204366462,1182.095238095238,-371.0952380952381
175,0,2,4,114.0,838.0,1,1,10020.0,81.87770323341587,9.84730890824753,611.5333333333333,226.46666666666667
175,0,2,4,114.0,838.0,1,2,8684.0,98.90458785167192,8.884341972120685,762.8461538461538,75.15384615384616
176,0,0,6,245.0,811.0,1,1,3910.0,97.63248345789891,9.810411556266402,788.9411764705883,22.058823529411764
176,0,0,6,245.0,811.0,1,2,3450.0,99.19403638161964,9.285826743902437,942.0666666666667,-131.06666666666666
176,0,0,6,245.0,811.0,1,3,230.0,84.06821762597414,8.659668531336068,1033.0,-222.0
176,0,3,6,138.0,796.0,0,1,240117.0,99.86800574475696,9.786217708662868,131.65822784810126,664.3417721518987
176,0,3,6,138.0,796.0,0,2,293865.0,95.05987133313788,9.71531398430272,183.43023255813952,612.5697674418604
176,0,3,6,138.0,796.0,0,3,14982.0,94.85839623439377,4.314662201054233,284.5,511.5
176,0,3,6,138.0,796.0,1,1,345909.0,99.56233829452762,9.999309687336504,1435.1408,-639.1408
176,0,3,6,138.0,796.0,1,2,329193.0,99.94053804773814,9.99255278988105,1509.3088235294117,-713.3088235294117
176,0,3,6,138.0,796.0,1,3,13298.0,98.4881270785822,8.950064173672988,1632.4347826086957,-836.4347826086956
177,0,3,6,138.0,796.0,1,1,2864.0,96.24447111670008,9.913244644409364,485.9375,310.0625
177,0,3,6,138.0,796.0,1,2,2685.0,95.88720389997118,8.41941394238954,650.8666666666667,145.13333333333333
177,0,3,6,138.0,796.0,1,3,179.0,20.74577880726753,0.4609883199977105,729.0,67.0
177,2,1,5,60.0,681.0,0,1,325007.0,97.65620652444922,9.991446245243123,107.23148148148148,573.7685185185185
177,2,1,5,60.0,681.0,0,2,265604.0,99.95560625328616,9.933118654018385,96.73626373626374,584.2637362637363
177,2,1,5,60.0,681.0,0,3,6606.0,68.3767894488796,9.010866487642136,155.0,526.0
177,2,1,5,60.0,681.0,1,1,394571.0,99.96719776983822,9.994090942106286,995.489932885906,-314.48993288590606
177,2,1,5,60.0,681.0,1,2,387812.0,99.95018072713265,9.998005864041016,1006.830313014827,-325.830313014827
177,2,1,5,60.0,681.0,1,3,16331.0,99.04665957128356,9.999159491039936,1012.125,-331.125
178,1,1,9,298.0,942.0,0,1,265227.0,99.91764186637016,9.98003456098707,154.2710280373832,787.7289719626168
178,1,1,9,298.0,942.0,0,2,307116.0,99.63344079877652,9.927347850199588,132.08490566037736,809.9150943396227
178,1,1,9,298.0,942.0,0,3,11007.0,89.23401263964702,8.072107094673708,163.6,778.4
178,1,1,9,298.0,942.0,1,1,283652.0,99.63817768935422,9.982127313742032,1262.132075471698,-320.1320754716981
178,1,1,9,298.0,942.0,1,2,292050.0,99.91545649399524,9.987601290937198,1174.3614864864865,-232.36148648648648
178,1,1,9,298.0,942.0,1,3,10063.0,93.97622965554925,9.853652862607284,1188.8636363636363,-246.86363636363637
178,2,1,5,60.0,681.0,1,1,4170.0,97.2802569274267,9.604582780132828,914.7666666666667,-233.76666666666668
178,2,1,5,60.0,681.0,1,2,2085.0,97.91439270203284,8.878554181370118,885.8666666666667,-204.86666666666667
178,2,1,5,60.0,681.0,1,3,139.0,83.64770134847639,7.21147674128278,1017.0,-336.0
179,1,1,9,298.0,942.0,1,1,4830.0,99.57232124680051,8.557506990948639,210.26666666666668,731.7333333333333
179,1,1,9,298.0,942.0,1,2,4186.0,88.38669380707472,9.5295019097414,386.84615384615387,555.1538461538462
179,2,3,9,152.0,669.0,0,1,148364.0,95.30481724651187,9.929944102467898,174.6,494.4
179,2,3,9,152.0,669.0,0,2,159940.0,97.3869113820474,9.686215955547478,120.8082191780822,548.1917808219179
179,2,3,9,152.0,669.0,0,3,2316.0,90.5982605483108,2.238720006385626,256.0,413.0
179,2,3,9,152.0,669.0,1,1,326584.0,99.86264319756955,9.9984277428504,2301.6553846153847,-1632.6553846153847
179,2,3,9,152.0,669.0,1,2,318347.0,99.90629656598573,9.979832704230278,2280.1624203821657,-1611.1624203821657
179,2,3,9,152.0,669.0,1,3,14276.0,98.14940750946064,9.927174040230506,2106.296296296296,-1437.2962962962963
180,0,3,3,398.0,831.0,0,1,200735.0,99.41505993286582,9.996201130928531,125.35106382978724,705.6489361702128
180,0,3,3,398.0,831.0,0,2,208185.0,98.97916405756632,9.993968200959769,119.37362637362638,711.6263736263736
180,0,3,3,398.0,831.0,0,3,7696.0,90.19401988173206,8.684179120864137,183.75,647.25
180,0,3,3,398.0,831.0,1,1,368806.0,99.98375866363163,9.998819260761088,1868.7451923076924,-1037.7451923076924
180,0,3,3,398.0,831.0,1,2,367810.0,99.9656971802586,9.985690976505444,1809.313504823151,-978.3135048231511
180,0,3,3,398.0,831.0,1,3,14359.0,90.36451453813989,9.963348723780395,1983.5,-1152.5
180,2,3,9,152.0,669.0,1,1,1112.0,69.17053174832127,5.531275422067897,645.0,24.0
181,0,3,3,398.0,831.0,0,1,27765.0,97.75649745012834,9.55471701067507,379.8,451.2
181,0,3,3,398.0,831.0,0,2,7404.0,52.68067181655356,9.49845650183531,518.0,313.0
181,1,0,7,475.0,502.0,0,1,148338.0,98.80921704768129,9.97066012937342,91.50909090909092,410.4909090909091
181,1,0,7,475.0,502.0,0,2,202205.0,99.1219489752128,9.57002883731283,84.41818181818182,417.58181818181816
181,1,0,7,475.0,502.0,0,3,9124.0,95.39633836119133,8.94549274232575,53.333333333333336,448.6666666666667
181,1,0,7,475.0,502.0,1,1,370527.0,99.6776022425209,9.989267858692436,1084.6646153846154,-582.6646153846153
181,1,0,7,475.0,502.0,1,2,397937.0,99.66499801730065,9.99201769994357,1100.244648318043,-598.2446483180428
181,1,0,7,475.0,502.0,1,3,15985.0,99.48136301638787,9.607476021916431,1082.84,-580.84
182,0,3,1,242.0,906.0,0,1,292856.0,96.55824886856496,9.925123215202586,120.87272727272727,785.1272727272727
182,0,3,1,242.0,906.0,0,2,288609.0,99.27507237900156,9.78620682363846,163.9532710280374,742.0467289719626
182,0,3,1,242.0,906.0,0,3,11396.0,89.43093450501236,7.040958545313498,183.25,722.75
182,0,3,1,242.0,906.0,1,1,351196.0,99.89808045139596,9.998276790470214,1528.6649659863945,-622.6649659863946
182,0,3,1,242.0,906.0,1,2,357909.0,99.83571614730376,9.963635239787743,1568.0084602368865,-662.0084602368867
182,0,3,1,242.0,906.0,1,3,13161.0,99.6966456031086,9.726812462466812,1526.8695652173913,-620.8695652173913
182,1,0,7,475.0,502.0,1,1,14498.0,97.88802929839758,9.751132904786894,597.7727272727273,-95.77272727272727
182,1,0,7,475.0,502.0,1,2,9885.0,97.2062037551291,9.647198928251282,671.2666666666667,-169.26666666666668
182,1,0,7,475.0,502.0,1,3,659.0,59.90018804750322,4.894575449087302,741.0,-239.0
183,0,3,1,242.0,906.0,0,1,34620.0,95.98314000327498,9.927758849200666,389.4,516.6
183,0,3,1,242.0,906.0,0,2,9232.0,83.06504262562648,6.165073214910265,499.0,407.0
183,0,3,6,55.0,951.0,0,1,439784.0,99.792587250718,9.990702896215986,128.8768115942029,822.1231884057971
183,0,3,6,55.0,951.0,0,2,334851.0,99.95670387593734,9.906186283965134,141.34545454545454,809.6545454545454
183,0,3,6,55.0,951.0,0,3,11881.0,76.10714022688026,4.693354267575264,195.25,755.75
183,0,3,6,55.0,951.0,1,1,288524.0,99.94528429286004,9.9814159483648,1443.6860670194003,-492.68606701940035
183,0,3,6,55.0,951.0,1,2,311613.0,99.80645817081876,9.98547012830238,1459.237061769616,-508.23706176961605
183,0,3,6,55.0,951.0,1,3,11951.0,96.22796183612788,9.731626378285249,1418.8333333333333,-467.8333333333333
184,0,3,6,55.0,951.0,1,1,8070.0,99.88201329174262,8.65314047209757,180.13333333333333,770.8666666666667
184,0,3,6,55.0,951.0,1,2,8070.0,95.13021928542142,9.170131488729256,355.6666666666667,595.3333333333334
184,3,0,2,62.0,723.0,0,1,183160.0,98.72490557609824,9.483469644830889,89.07042253521126,633.9295774647887
184,3,0,2,62.0,723.0,0,2,138049.0,98.2228069226666,9.9232764136088,77.14893617021276,645.8510638297872
184,3,0,2,62.0,723.0,0,3,6077.0,90.03631993408487,6.189120966914104,74.5,648.5
184,3,0,2,62.0,723.0,1,1,319783.0,99.84598608287774,9.995037250912768,2184.570977917981,-1461.570977917981
184,3,0,2,62.0,723.0,1,2,338908.0,99.81174366304737,9.9984855079359,2164.2027649769584,-1441.2027649769586
184,3,0,2,62.0,723.0,1,3,13029.0,96.57291534581952,9.946594456369908,2105.230769230769,-1382.2307692307693
185,0,1,4,71.0,811.0,0,1,196364.0,98.92691896226312,9.973789221765726,142.95238095238096,668.047619047619
185,0,1,4,71.0,811.0,0,2,362782.0,99.94020470461452,9.86333427413648,124.84873949579831,686.1512605042017
185,0,1,4,71.0,811.0,0,3,14917.0,58.64156987612439,5.452244574232119,189.5,621.5
185,0,1,4,71.0,811.0,1,1,386223.0,99.96081669673173,9.994296545416148,1337.760124610592,-526.7601246105919
185,0,1,4,71.0,811.0,1,2,348055.0,99.54357181871592,9.981316483567936,1343.6110154905336,-532.6110154905335
185,0,1,4,71.0,811.0,1,3,14721.0,99.79930962309147,9.759578569082375,1255.5833333333333,-444.5833333333333
185,3,0,2,62.0,723.0,1,1,6825.0,96.92724716388204,9.025012597724416,419.8,303.2
185,3,0,2,62.0,723.0,1,2,5915.0,92.4720662417873,9.555971393518748,634.6153846153846,88.38461538461539
186,0,1,4,71.0,811.0,0,1,69315.0,97.38703254466412,9.067765397750936,418.8666666666667,392.1333333333333
186,0,1,4,71.0,811.0,0,2,36968.0,98.15714552691064,9.777563177433958,567.125,243.875
186,3,3,8,279.0,634.0,0,1,256812.0,97.888045259097,9.995492082310465,109.62765957446808,524.3723404255319
186,3,3,8,279.0,634.0,0,2,264136.0,99.71061169228516,9.997300969089045,108.97894736842105,525.021052631579
186,3,3,8,279.0,634.0,0,3,4666.0,94.63127537031544,8.968972684005589,211.0,423.0
186,3,3,8,279.0,634.0,1,1,316353.0,99.87809428829831,9.988910654488176,788.8297872340426,-154.82978723404256
186,3,3,8,279.0,634.0,1,2,323846.0,99.98718454394742,9.96058955867966,821.255737704918,-187.25573770491803
186,3,3,8,279.0,634.0,1,3,12731.0,97.95854036908894,9.59361735094638,849.8846153846154,-215.8846153846154
187,0,1,1,350.0,987.0,0,1,387735.0,99.52945476549908,9.93538932865438,189.04511278195488,797.9548872180451
187,0,1,1,350.0,987.0,0,2,315340.0,98.5361864744804,9.951348541414108,205.192,781.808
187,0,1,1,350.0,987.0,0,3,9069.0,75.25801778218847,8.150274836679746,247.66666666666666,739.3333333333334
187,0,1,1,350.0,987.0,1,1,298034.0,99.8147821095084,9.996727095984628,1696.6404293381038,-709.6404293381038
187,0,1,1,350.0,987.0,1,2,321973.0,99.50345616195094,9.998940611298108,1641.931937172775,-654.9319371727748
187,0,1,1,350.0,987.0,1,3,13223.0,98.37854195335883,9.992226259067996,1734.5,-747.5
187,3,3,8,279.0,634.0,1,1,14000.0,93.1394621101613,9.853768060207504,762.0357142857143,-128.03571428571428
187,3,3,8,279.0,634.0,1,2,7500.0,99.44776752796012,9.352797773116322,751.0666666666667,-117.06666666666666
187,3,3,8,279.0,634.0,1,3,500.0,68.85363405376715,9.78225205929217,849.0,-215.0
188,0,1,1,350.0,987.0,1,1,28200.0,97.641260647194,9.997829708401628,467.3333333333333,519.6666666666666
188,0,1,1,350.0,987.0,1,2,15040.0,91.82901504969942,8.604153317681583,480.875,506.125
188,0,1,1,350.0,987.0,1,3,940.0,70.68415157908274,2.5633078005011214,559.0,428.0
188,1,1,0,89.0,982.0,0,1,207378.0,99.3353761509512,9.96490241907614,146.4875,835.5125
188,1,1,0,89.0,982.0,0,2,313131.0,99.83812865222612,9.922039342938714,152.77235772357724,829.2276422764228
188,1,1,0,89.0,982.0,0,3,2913.0,97.42463385788888,4.123903103891396,132.0,850.0
188,1,1,0,89.0,982.0,1,1,311728.0,99.79008877999512,9.982680393859926,1545.3573770491803,-563.3573770491803
188,1,1,0,89.0,982.0,1,2,286211.0,99.7783675616685,9.993001171561652,1572.2317073170732,-590.2317073170732
188,1,1,0,89.0,982.0,1,3,12164.0,99.39476065671158,9.43577643593478,1559.24,-577.24
189,0,3,2,442.0,699.0,0,1,325406.0,99.72691541803565,9.862078304017038,132.76470588235293,566.2352941176471
189,0,3,2,442.0,699.0,0,2,345330.0,98.02794464382345,9.78232433883769,112.08411214953271,586.9158878504672
189,0,3,2,442.0,699.0,0,3,11284.0,96.97496639972157,8.232304428520946,102.5,596.5
189,0,3,2,442.0,699.0,1,1,321524.0,99.70498103756957,9.991223317442593,1792.3416252072968,-1093.3416252072968
189,0,3,2,442.0,699.0,1,2,330207.0,99.9732812260984,9.974153199713845,1760.0383333333334,-1061.0383333333334
189,0,3,2,442.0,699.0,1,3,13225.0,98.4806873993392,9.287837554099704,1697.5416666666667,-998.5416666666666
189,1,1,0,89.0,982.0,1,1,8445.0,97.4482096132167,9.737508495172474,244.0,738.0
189,1,1,0,89.0,982.0,1,2,3378.0,93.6766994190213,9.216557585675492,337.3333333333333,644.6666666666666
190,0,2,1,334.0,967.0,0,1,274511.0,99.5874934856258,9.858269808899546,156.11111111111111,810.8888888888889
190,0,2,1,334.0,967.0,0,2,263191.0,99.56857177926848,9.969155041591904,137.03401360544217,829.9659863945578
190,0,2,1,334.0,967.0,0,3,9020.0,87.8375766532653,9.97144291778882,169.2,797.8
190,0,2,1,334.0,967.0,1,1,284863.0,99.89076147761604,9.946086929297136,1243.4117647058824,-276.4117647058824
190,0,2,1,334.0,967.0,1,2,279093.0,99.85775173894964,9.962861146079485,1246.4410163339383,-279.4410163339383
190,0,2,1,334.0,967.0,1,3,11455.0,95.26798221709588,9.48465376429123,1203.9545454545455,-236.95454545454547
190,0,3,2,442.0,699.0,1,1,9214.0,96.98981221020632,9.63354379445646,174.2941176470588,524.7058823529412
190,0,3,2,442.0,699.0,1,2,8130.0,95.00198583007791,8.641615886306006,342.06666666666666,356.93333333333334
190,0,3,2,442.0,699.0,1,3,542.0,85.16994808408033,0.7403025107188799,435.0,264.0
191,0,2,1,334.0,967.0,1,1,10125.0,94.9830304901356,9.046709920112717,761.2,205.8
191,0,2,1,334.0,967.0,1,2,2700.0,78.27204151941504,5.233694714813253,889.0,78.0
191,0,2,6,381.0,508.0,0,1,114793.0,99.81808675347,9.84639077046446,84.36111111111111,423.6388888888889
191,0,2,6,381.0,508.0,0,2,260758.0,99.86110211981368,9.604739286779324,60.328947368421055,447.67105263157896
191,0,2,6,381.0,508.0,0,3,16332.0,94.69376400850348,9.760376194550476,78.6,429.4
191,0,2,6,381.0,508.0,1,1,370347.0,99.97695123495788,9.998082809810024,1135.9506726457398,-627.9506726457399
191,0,2,6,381.0,508.0,1,2,363053.0,99.97328529928151,9.999496831272024,1176.3191153238547,-668.3191153238547
191,0,2,6,381.0,508.0,1,3,11763.0,99.42223094422,9.571820864077475,1242.9565217391305,-734.9565217391304
192,0,2,6,381.0,508.0,1,1,9600.0,98.34419807103386,9.693066848740104,174.06666666666666,333.93333333333334
192,0,2,6,381.0,508.0,1,2,5760.0,90.34817227131578,9.8000168336484,301.44444444444446,206.55555555555554
192,1,3,6,140.0,923.0,0,1,114218.0,99.80189029100788,9.876933687637656,83.80555555555556,839.1944444444445
192,1,3,6,140.0,923.0,0,2,124927.0,99.2057284458615,9.532566544179325,80.88095238095238,842.1190476190476
192,1,3,6,140.0,923.0,0,3,10518.0,99.39034004401051,7.858167664039897,158.33333333333334,764.6666666666666
192,1,3,6,140.0,923.0,1,1,371258.0,99.73044803896576,9.95867783692457,2774.5156950672645,-1851.5156950672647
192,1,3,6,140.0,923.0,1,2,370758.0,99.86328551266968,9.993558416910224,2651.9259818731116,-1728.9259818731118
192,1,3,6,140.0,923.0,1,3,14971.0,98.51784700808192,9.935851978436553,2675.16,-1752.16
193,0,3,8,320.0,979.0,0,1,185400.0,98.37319450895302,9.978898848010944,177.3495145631068,801.6504854368932
193,0,3,8,320.0,979.0,0,2,289271.0,98.93082488263336,9.999463875420334,172.875,806.125
193,0,3,8,320.0,979.0,0,3,9231.0,98.797926160359,8.150729910869849,238.0,741.0
193,0,3,8,320.0,979.0,1,1,319123.0,99.87684006917222,9.944833279013412,1398.7322033898306,-419.7322033898305
193,0,3,8,320.0,979.0,1,2,297549.0,99.91982473374772,9.9592139255891,1404.1754385964912,-425.17543859649123
193,0,3,8,320.0,979.0,1,3,14508.0,99.78174587342266,9.898426475065754,1283.5833333333333,-304.5833333333333
193,1,3,6,140.0,923.0,1,1,18200.0,97.94256430454176,9.715864624548267,661.6785714285714,261.32142857142856
193,1,3,6,140.0,923.0,1,2,9750.0,96.92895007776008,9.864997787501045,655.5333333333333,267.46666666666664
193,1,3,6,140.0,923.0,1,3,650.0,88.57436808341922,7.221608251311979,763.0,160.0
194,0,3,8,320.0,979.0,0,1,43590.0,75.33108253222726,9.914146669642587,359.8,619.2
194,3,0,9,310.0,929.0,0,1,375077.0,99.03255998885685,9.883802796585512,196.9037037037037,732.0962962962963
194,3,0,9,310.0,929.0,0,2,361196.0,99.31875188512716,9.926322726838466,183.46511627906978,745.5348837209302
194,3,0,9,310.0,929.0,0,3,14950.0,95.60636135435416,9.684117372220532,102.8,826.2
194,3,0,9,310.0,929.0,1,1,261327.0,99.93845363406196,9.99608499511959,1723.1130434782608,-794.1130434782609
194,3,0,9,310.0,929.0,1,2,272352.0,99.87877795843995,9.980742442232708,1619.9623931623933,-690.9623931623931
194,3,0,9,310.0,929.0,1,3,11179.0,99.46290232997043,9.754448649183155,1755.608695652174,-826.6086956521739
195,3,0,9,310.0,929.0,1,1,10260.0,94.35018962168138,9.077959133857908,347.4,581.6
195,3,0,9,310.0,929.0,1,2,10260.0,91.38775994131024,9.46832566874286,538.4,390.6
195,3,3,6,299.0,816.0,0,1,265339.0,99.24825163387098,9.99568035154846,147.79365079365078,668.2063492063492
195,3,3,6,299.0,816.0,0,2,176222.0,99.72298771397396,9.78282501913599,131.8034188034188,684.1965811965812
195,3,3,6,299.0,816.0,0,3,10977.0,84.9878632089958,8.565925034227934,119.66666666666667,696.3333333333334
195,3,3,6,299.0,816.0,1,1,273786.0,99.97839565568783,9.996486806671268,988.7426597582038,-172.74265975820379
195,3,3,6,299.0,816.0,1,2,280961.0,99.98576562993696,9.997615931591747,980.139175257732,-164.13917525773195
195,3,3,6,299.0,816.0,1,3,11430.0,91.72939296174954,9.99108876505736,1001.5454545454545,-185.54545454545453
196,2,1,8,137.0,925.0,0,1,343849.0,99.9305763536674,9.86880946296384,145.72727272727272,779.2727272727273
196,2,1,8,137.0,925.0,0,2,293919.0,99.74651177124892,9.824134768243804,165.625,759.375
196,2,1,8,137.0,925.0,0,3,6607.0,88.23114828867725,8.865680423524875,116.0,809.0
196,2,1,8,137.0,925.0,1,1,290931.0,99.36920078388016,9.989814461318304,1372.5846422338568,-447.58464223385687
196,2,1,8,137.0,925.0,1,2,296255.0,99.83298656123291,9.982966794228558,1346.7910189982729,-421.7910189982729
196,2,1,8,137.0,925.0,1,3,12999.0,94.5775422037124,9.70232607992406,1186.92,-261.92
196,3,3,6,299.0,816.0,1,1,9225.0,82.9724480563309,9.683557592416175,648.6,167.4
196,3,3,6,299.0,816.0,1,2,3690.0,81.38663625638091,9.19964157423051,776.8333333333334,39.166666666666664
197,1,3,9,179.0,629.0,0,1,202665.0,99.5606423878564,9.867130612180729,114.03669724770643,514.9633027522935
197,1,3,9,179.0,629.0,0,2,238689.0,98.78610050138222,9.93954944513094,125.1938775510204,503.8061224489796
197,1,3,9,179.0,629.0,0,3,9260.0,70.73011474539308,9.80641310501197,116.2,512.8
197,1,3,9,179.0,629.0,1,1,323578.0,99.9724400562447,9.974504189450164,815.0180921052631,-186.01809210526315
197,1,3,9,179.0,629.0,1,2,308944.0,99.80424343705528,9.974313278605743,849.9902597402597,-220.99025974025975
197,1,3,9,179.0,629.0,1,3,12989.0,98.24365488055184,9.009637604723435,775.4347826086956,-146.43478260869566
197,2,1,8,137.0,925.0,1,1,2068.0,99.33830654911831,2.523756014795889,691.5,233.5
198,0,1,6,85.0,911.0,0,1,401130.0,99.65067705437612,9.99585438455711,158.90540540540542,752.0945945945946
198,0,1,6,85.0,911.0,0,2,397028.0,99.88400754655572,9.979229841795602,164.07299270072994,746.92700729927
198,0,1,6,85.0,911.0,0,3,18041.0,64.0695913860248,9.639432525330452,242.5,668.5
198,0,1,6,85.0,911.0,1,1,263731.0,99.97144463315053,9.989043209933122,1581.3781362007169,-670.3781362007169
198,0,1,6,85.0,911.0,1,2,264464.0,99.74727302031928,9.976000189882374,1555.2949389179755,-644.2949389179755
198,0,1,6,85.0,911.0,1,3,10039.0,99.91715339552304,9.725768683172326,1636.2272727272727,-725.2272727272727
198,1,3,9,179.0,629.0,1,1,4185.0,97.47685651166184,9.679953108727252,483.73333333333335,145.26666666666668
198,1,3,9,179.0,629.0,1,2,837.0,90.04788297078085,9.731622739748872,602.6666666666666,26.333333333333332
199,0,1,6,85.0,911.0,1,1,2415.0,99.10705058106716,9.793360062131176,107.0,804.0
199,0,1,6,85.0,911.0,1,2,1449.0,87.76102291830762,8.117348217644192,225.33333333333334,685.6666666666666
199,1,1,6,178.0,587.0,0,1,464589.0,99.3602441619098,9.896132597485984,115.84105960264901,471.158940397351
199,1,1,6,178.0,587.0,0,2,268957.0,99.31662832211934,9.838219289353562,139.59139784946237,447.40860215053766
199,1,1,6,178.0,587.0,0,3,21293.0,96.27280563319636,9.594244638657738,106.5,480.5
199,1,1,6,178.0,587.0,1,1,297560.0,99.87184028354451,9.998600972939748,1260.3682310469314,-673.3682310469314
199,1,1,6,178.0,587.0,1,2,310116.0,99.92847442313186,9.980260379852728,1243.3126022913257,-656.3126022913257
199,1,1,6,178.0,587.0,1,3,10592.0,98.04997705983244,9.383428204001865,1195.590909090909,-608.5909090909091
200,1,1,6,178.0,587.0,1,1,5654.0,82.61922240375964,8.294986688581988,363.45454545454544,223.54545454545453
200,2,0,2,401.0,959.0,0,1,304138.0,99.21129023393094,9.984480463365491,153.32258064516128,805.6774193548387
200,2,0,2,401.0,959.0,0,2,268247.0,99.26786549153096,9.942204436686096,160.5042735042735,798.4957264957264
200,2,0,2,401.0,959.0,0,3,20088.0,98.15315896030476,9.933991829485496,171.125,787.875
200,2,0,2,401.0,959.0,1,1,297710.0,99.82699394703404,9.994605467695614,1327.434188034188,-368.434188034188
200,2,0,2,401.0,959.0,1,2,286559.0,99.85379840425324,9.994220603019404,1324.8070469798658,-365.8070469798658
200,2,0,2,401.0,959.0,1,3,8749.0,96.25650907136396,9.796239239923413,1314.2,-355.2
201,2,0,2,401.0,959.0,1,1,1650.0,99.21394827323512,9.858232017397912,765.1333333333333,193.86666666666667
201,2,0,2,401.0,959.0,1,2,1540.0,94.0470033333032,9.648953851180943,918.3571428571429,40.642857142857146
201,3,3,6,346.0,654.0,0,1,419055.0,99.96512648862772,9.995556768140428,102.58865248226951,551.4113475177305
201,3,3,6,346.0,654.0,0,2,421546.0,99.69569390764484,9.98550362830514,121.80689655172414,532.1931034482759
201,3,3,6,346.0,654.0,0,3,15447.0,97.42141155949552,9.899326734312544,90.2,563.8
201,3,3,6,346.0,654.0,1,1,297803.0,99.96451291575028,9.980163282635177,1000.6938053097346,-346.6938053097345
201,3,3,6,346.0,654.0,1,2,287822.0,99.78345122602022,9.974438101012105,1018.5126353790614,-364.51263537906135
201,3,3,6,346.0,654.0,1,3,13618.0,99.68579863071542,9.202660717239164,1092.1304347826087,-438.1304347826087
202,0,3,3,370.0,631.0,0,1,230890.0,99.2686016868113,9.817985012687176,109.18867924528301,521.811320754717
202,0,3,3,370.0,631.0,0,2,277304.0,99.92279857516732,9.962847703800993,129.37362637362637,501.6263736263736
202,0,3,3,370.0,631.0,0,3,3421.0,33.79980757297197,1.3058233614466186,5.0,626.0
202,0,3,3,370.0,631.0,1,1,303135.0,99.76161088923436,9.978200830571868,1116.9098497495827,-485.90984974958263
202,0,3,3,370.0,631.0,1,2,302174.0,99.82611256325652,9.988419568652525,1136.1973684210527,-505.19736842105266
202,0,3,3,370.0,631.0,1,3,13698.0,94.99914749804508,9.822978617090822,1142.9259259259259,-511.9259259259259
202,3,3,6,346.0,654.0,1,1,14205.0,94.7366086279862,7.047186021635393,784.8666666666667,-130.86666666666667
202,3,3,6,346.0,654.0,1,2,13258.0,97.66102402527638,9.91953260490594,987.3571428571429,-333.35714285714283
203,0,3,3,370.0,631.0,1,1,7429.0,98.47519388681496,9.28597238838721,426.29411764705884,204.7058823529412
203,0,3,3,370.0,631.0,1,2,6555.0,93.70287485888964,9.69742405933042,578.4666666666667,52.53333333333333
203,0,3,3,370.0,631.0,1,3,437.0,93.66183479913552,5.330719025421758,675.0,-44.0
203,1,2,0,233.0,931.0,0,1,295932.0,99.21553073396244,9.986616319948578,142.784,788.216
203,1,2,0,233.0,931.0,0,2,209802.0,99.971681273656,9.900035265156674,109.13186813186813,821.8681318681319
203,1,2,0,233.0,931.0,0,3,7903.0,92.79250805227645,9.623399495814224,199.5,731.5
203,1,2,0,233.0,931.0,1,1,302103.0,99.9280330367956,9.993429249773582,1162.8062283737024,-231.80622837370242
203,1,2,0,233.0,931.0,1,2,335571.0,99.76825683460018,9.997514176192656,1176.851729818781,-245.85172981878088
203,1,2,0,233.0,931.0,1,3,12456.0,88.75395589487407,9.808798069760188,1260.391304347826,-329.39130434782606
204,1,2,0,233.0,931.0,1,1,14040.0,97.67056713724556,9.95679934494978,779.0,152.0
204,1,2,0,233.0,931.0,1,2,8424.0,99.4904389349903,9.77604513400659,917.8888888888889,13.11111111111111
204,3,3,0,254.0,658.0,0,1,311174.0,99.11328344716586,9.914227142989247,101.44186046511628,556.5581395348837
204,3,3,0,254.0,658.0,0,2,291941.0,99.74868488278128,9.863721688866583,104.39024390243902,553.609756097561
204,3,3,0,254.0,658.0,0,3,10727.0,67.2526459259849,9.663477422942911,123.0,535.0
204,3,3,0,254.0,658.0,1,1,342680.0,99.8958445047834,9.998464822470671,1152.806138933764,-494.80613893376415
204,3,3,0,254.0,658.0,1,2,341749.0,99.90396907457074,9.976027008155356,1155.0,-497.0
204,3,3,0,254.0,658.0,1,3,12995.0,99.47467853678955,9.875674350403171,1156.12,-498.12
205,0,0,0,206.0,666.0,0,1,199209.0,99.8482898862421,9.96336875271321,92.91379310344827,573.0862068965517
205,0,0,0,206.0,666.0,0,2,209020.0,97.13074335647627,9.489809938310309,131.47272727272727,534.5272727272727
205,0,0,0,206.0,666.0,0,3,7388.0,61.06599550779073,2.6910028306464184,69.5,596.5
205,0,0,0,206.0,666.0,1,1,365338.0,99.99160715005206,9.965322003445229,2093.313271604938,-1427.3132716049383
205,0,0,0,206.0,666.0,1,2,367781.0,99.61762303257063,9.979228366107751,2080.3188180404354,-1414.3188180404354
205,0,0,0,206.0,666.0,1,3,14647.0,99.55626211982286,9.674557259545525,2060.44,-1394.44
205,3,3,0,254.0,658.0,1,1,2610.0,97.87184128465104,9.02287655400087,778.6666666666666,-120.66666666666667
205,3,3,0,254.0,658.0,1,2,2610.0,85.59613943653088,9.80131778620648,969.8666666666667,-311.8666666666667
205,3,3,0,254.0,658.0,1,3,174.0,28.709789346279383,8.720832972954366,1059.0,-401.0
206,0,0,0,206.0,666.0,1,1,11805.0,98.75533739007946,9.108561988518622,379.1333333333333,286.8666666666667
206,0,0,0,206.0,666.0,1,2,6296.0,69.46238655605802,8.423712147657408,499.5,166.5
206,0,2,4,149.0,560.0,0,1,140313.0,97.86064932575572,9.875008262605496,124.9672131147541,435.0327868852459
206,0,2,4,149.0,560.0,0,2,240415.0,99.0194682140328,9.94577626001164,67.2125,492.7875
206,0,2,4,149.0,560.0,0,3,7118.0,77.60593908260405,7.772438476795408,87.0,473.0
206,0,2,4,149.0,560.0,1,1,352645.0,99.96602082233451,9.971363756565747,1324.4922360248447,-764.4922360248447
206,0,2,4,149.0,560.0,1,2,352991.0,99.7620118084217,9.99572616573312,1334.4048,-774.4048
206,0,2,4,149.0,560.0,1,3,12452.0,94.6008941658911,9.927932053430188,1311.36,-751.36
207,0,2,4,149.0,560.0,1,1,10800.0,90.69824870881436,9.774861623395244,602.9333333333333,-42.93333333333333
207,0,2,4,149.0,560.0,1,2,4320.0,81.4004260463176,9.863424245840845,739.1666666666666,-179.16666666666666
207,2,0,3,80.0,622.0,0,1,216399.0,98.17402495513258,9.95598328221164,89.25925925925925,532.7407407407408
207,2,0,3,80.0,622.0,0,2,326042.0,99.93528385205605,9.98970026964218,97.00869565217391,524.991304347826
207,2,0,3,80.0,622.0,0,3,7415.0,97.36112247291445,7.763131358125381,52.75,569.25
207,2,0,3,80.0,622.0,1,1,366475.0,99.92689334703492,9.996575783791126,915.6768,-293.6768
207,2,0,3,80.0,622.0,1,2,344181.0,99.9969006142411,9.9829345972133,1005.9224283305227,-383.9224283305228
207,2,0,3,80.0,622.0,1,3,13339.0,96.28561772982818,9.732118842787012,1043.125,-421.125
208,2,0,3,80.0,622.0,1,1,4114.0,99.24296750258507,9.850103330541568,276.6363636363636,345.3636363636364
208,2,1,8,381.0,765.0,0,1,283515.0,97.79122288635452,9.988091230921183,126.30973451327434,638.6902654867257
208,2,1,8,381.0,765.0,0,2,335984.0,99.03013004285545,9.975793731862971,132.11510791366908,632.884892086331
208,2,1,8,381.0,765.0,0,3,7771.0,80.07493472836012,7.6675313965458844,116.75,648.25
208,2,1,8,381.0,765.0,1,1,306411.0,99.71730271892255,9.975240252830334,1428.755033557047,-663.755033557047
208,2,1,8,381.0,765.0,1,2,296950.0,99.87935176935898,9.98504470066117,1499.432055749129,-734.432055749129
208,2,1,8,381.0,765.0,1,3,12857.0,89.98882252213696,9.698065644082645,1460.9166666666667,-695.9166666666666
209,2,1,8,381.0,765.0,1,1,29940.0,95.72917567783854,9.639626544882091,542.2666666666667,222.73333333333332
209,2,1,8,381.0,765.0,1,2,14970.0,90.8616489116805,9.814293011831314,549.1333333333333,215.86666666666667
209,2,1,8,381.0,765.0,1,3,998.0,62.65314402639966,6.963388662867044,631.0,134.0
209,2,2,8,475.0,988.0,0,1,174158.0,99.31412574716748,9.909045188600803,153.63541666666666,834.3645833333334
209,2,2,8,475.0,988.0,0,2,135199.0,99.99243624696588,9.986630418532725,162.8314606741573,825.1685393258427
209,2,2,8,475.0,988.0,0,3,1916.0,93.38970886592789,5.332130876290595,271.0,717.0
209,2,2,8,475.0,988.0,1,1,312817.0,99.90645680474157,9.993589240177398,1666.0185185185185,-678.0185185185185
209,2,2,8,475.0,988.0,1,2,316003.0,99.9563933295097,9.98548855803081,1679.4022988505747,-691.4022988505748
209,2,2,8,475.0,988.0,1,3,13994.0,99.160424896007,9.936528305001463,1674.2,-686.2
210,2,2,8,475.0,988.0,1,1,14280.0,91.28222055341884,9.681852752785044,639.0,349.0
210,2,2,8,475.0,988.0,1,2,13328.0,99.71168483439216,9.972940211173244,860.3571428571429,127.64285714285714
210,2,3,4,251.0,774.0,0,1,328027.0,98.72820416944548,9.971679339686904,111.96062992125984,662.0393700787401
210,2,3,4,251.0,774.0,0,2,218718.0,99.7823784028252,9.984341068905172,130.0096153846154,643.9903846153846
210,2,3,4,251.0,774.0,0,3,14762.0,79.5446678602985,9.476099551954992,90.8,683.2
210,2,3,4,251.0,774.0,1,1,353959.0,99.94177933715616,9.99643188305784,1069.5034602076125,-295.5034602076125
210,2,3,4,251.0,774.0,1,2,353546.0,99.82447741924874,9.988338551478003,1055.1798319327731,-281.1798319327731
210,2,3,4,251.0,774.0,1,3,13384.0,96.0021779939667,9.743553571664371,1119.695652173913,-345.69565217391306
211,2,3,4,251.0,774.0,1,1,5505.0,98.80488209577916,8.96172413147218,729.3333333333334,44.666666666666664
211,2,3,4,251.0,774.0,1,2,4771.0,94.89536190920757,9.44599019283923,879.4615384615385,-105.46153846153847
211,3,3,1,240.0,622.0,0,1,233891.0,97.3117821285196,9.987663302165991,126.81818181818181,495.1818181818182
211,3,3,1,240.0,622.0,0,2,114979.0,98.77500135852414,9.581192431594236,87.87234042553192,534.1276595744681
211,3,3,1,240.0,622.0,0,3,10488.0,99.11798043480093,9.47351418384147,72.0,550.0
211,3,3,1,240.0,622.0,1,1,340737.0,99.99573527506357,9.988344045898614,1328.4886731391587,-706.4886731391585
211,3,3,1,240.0,622.0,1,2,365690.0,99.9851847701579,9.978796731732627,1314.2450229709036,-692.2450229709035
211,3,3,1,240.0,622.0,1,3,13955.0,99.0280476034485,9.90487936202469,1338.0,-716.0
212,1,2,3,370.0,667.0,0,1,251363.0,97.07328875891388,9.950282406255932,86.29577464788733,580.7042253521126
212,1,2,3,370.0,667.0,0,2,221918.0,99.3794361751204,9.954897326806332,157.70491803278688,509.2950819672131
212,1,2,3,370.0,667.0,0,3,7179.0,88.10202983325416,8.571341114228177,48.0,619.0
212,1,2,3,370.0,667.0,1,1,358868.0,99.78676384603187,9.993524602955068,1405.8926905132193,-738.8926905132192
212,1,2,3,370.0,667.0,1,2,361645.0,99.84364858913209,9.97947310553186,1411.0766871165645,-744.0766871165645
212,1,2,3,370.0,667.0,1,3,14267.0,98.93300576686664,9.926265790489166,1486.0,-819.0
212,3,3,1,240.0,622.0,1,1,2982.0,88.5326324656642,8.746953022019575,351.1666666666667,270.8333333333333
213,0,1,6,250.0,604.0,0,1,251416.0,99.6895622316036,9.98300145861876,143.30208333333334,460.6979166666667
213,0,1,6,250.0,604.0,0,2,226914.0,98.7244108527125,9.949056722993786,91.05555555555556,512.9444444444445
213,0,1,6,250.0,604.0,0,3,9163.0,96.78247693222066,4.560322645603544,100.0,504.0
213,0,1,6,250.0,604.0,1,1,332236.0,99.9865751849994,9.987718030768743,982.2085385878489,-378.2085385878489
213,0,1,6,250.0,604.0,1,2,315622.0,99.9285870826404,9.984204809373908,994.0425531914893,-390.0425531914894
213,0,1,6,250.0,604.0,1,3,11654.0,95.12522636891904,9.941688284488194,912.8260869565217,-308.82608695652175
213,1,2,3,370.0,667.0,1,1,10080.0,98.64270556387214,9.85640891771421,461.06666666666666,205.93333333333334
213,1,2,3,370.0,667.0,1,2,8736.0,90.1693797161212,9.685789470121726,622.2307692307693,44.76923076923077
214,0,1,6,250.0,604.0,1,1,5100.0,99.46234156531727,9.3897050679967,142.2,461.8
214,0,1,6,250.0,604.0,1,2,5100.0,90.65855073491616,9.78061608215691,325.2,278.8
214,2,0,5,265.0,895.0,0,1,309084.0,99.81808951946148,9.931805159367691,160.1032258064516,734.8967741935484
214,2,0,5,265.0,895.0,0,2,278319.0,99.93254542862894,9.97648826269068,153.45138888888889,741.5486111111111
214,2,0,5,265.0,895.0,0,3,15569.0,79.10274895751998,9.235332724326971,175.875,719.125
214,2,0,5,265.0,895.0,1,1,326340.0,99.92147212437185,9.995372012991236,1082.3436363636363,-187.34363636363636
214,2,0,5,265.0,895.0,1,2,323953.0,99.8946684277778,9.987494486136184,1131.1642599277977,-236.16425992779784
214,2,0,5,265.0,895.0,1,3,11317.0,97.7000595622966,9.945830701181569,1092.05,-197.05
215,2,0,5,265.0,895.0,1,1,9600.0,96.9612876498532,9.791470832108288,346.8666666666667,548.1333333333333
215,3,3,0,214.0,720.0,0,1,280035.0,99.73913830700954,9.917136439144032,134.6015625,585.3984375
215,3,3,0,214.0,720.0,0,2,229493.0,99.50755782202997,9.959446815256037,96.21649484536083,623.7835051546392
215,3,3,0,214.0,720.0,0,3,12384.0,87.0710566975711,8.780303372657926,79.5,640.5
215,3,3,0,214.0,720.0,1,1,336070.0,99.96352815950304,9.957143928347476,1043.1178509532062,-323.11785095320624
215,3,3,0,214.0,720.0,1,2,364139.0,99.84999089094794,9.99767943046668,986.5218800648298,-266.5218800648298
215,3,3,0,214.0,720.0,1,3,13173.0,99.42104099796354,9.6040201566049,925.0909090909091,-205.0909090909091
216,0,3,0,107.0,636.0,0,1,392772.0,99.77870632762875,9.874096512587688,118.84172661870504,517.158273381295
216,0,3,0,107.0,636.0,0,2,281492.0,99.86206647027602,9.976616264592431,105.14893617021276,530.8510638297872
216,0,3,0,107.0,636.0,0,3,12681.0,97.53061052033578,6.718852244443887,97.0,539.0
216,0,3,0,107.0,636.0,1,1,323977.0,99.95009238494131,9.99236088002453,1096.7619047619048,-460.76190476190476
216,0,3,0,107.0,636.0,1,2,354966.0,99.86659855301149,9.994488150687175,1059.334975369458,-423.3349753694581
216,0,3,0,107.0,636.0,1,3,12513.0,99.46212045095416,9.618385390459824,1190.2083333333333,-554.2083333333334
216,3,3,0,214.0,720.0,1,1,13620.0,94.9584918975565,9.751897774807096,298.8666666666667,421.1333333333333
216,3,3,0,214.0,720.0,1,2,9988.0,94.08845108686548,6.9809463483500265,422.09090909090907,297.90909090909093
217,0,3,0,107.0,636.0,1,1,10829.0,96.56273927527536,9.682725653161118,716.9411764705883,-80.94117647058823
217,0,3,0,107.0,636.0,1,2,9555.0,85.55865296893786,9.978823415573382,837.8,-201.8
217,0,3,0,107.0,636.0,1,3,637.0,32.34621048671754,3.017360384334124,913.0,-277.0
217,2,1,7,490.0,687.0,0,1,298873.0,99.5607154577747,9.996144377078544,102.6355140186916,584.3644859813085
217,2,1,7,490.0,687.0,0,2,361842.0,99.94894273841668,9.819815712549808,159.28571428571428,527.7142857142857
217,2,1,7,490.0,687.0,0,3,12843.0,94.93910227159432,9.303148675514093,208.8,478.2
217,2,1,7,490.0,687.0,1,1,359698.0,99.76099300728588,9.989690084019506,1598.1691792294807,-911.1691792294807
217,2,1,7,490.0,687.0,1,2,342882.0,99.99032254705268,9.957798743926157,1705.1925795053003,-1018.1925795053004
217,2,1,7,490.0,687.0,1,3,13980.0,95.2732485451606,9.709454975785636,1695.8636363636363,-1008.8636363636364
218,1,0,6,75.0,902.0,0,1,156969.0,98.96449324979945,9.954875914727753,153.58227848101265,748.4177215189874
218,1,0,6,75.0,902.0,0,2,202336.0,99.02367121747076,9.877868531086376,167.8904109589041,734.1095890410959
218,1,0,6,75.0,902.0,0,3,4387.0,71.17376530308454,6.569728141915424,376.0,526.0
218,1,0,6,75.0,902.0,1,1,349877.0,99.9952460094306,9.994218934084616,1285.18901453958,-383.18901453957994
218,1,0,6,75.0,902.0,1,2,348408.0,99.8451097579435,9.99467376183052,1278.9168,-376.9168
218,1,0,6,75.0,902.0,1,3,12264.0,99.19493078061252,9.726370748116416,1319.6153846153845,-417.61538461538464
218,2,1,7,490.0,687.0,0,1,93104.0,95.6844849527822,9.751053932658134,778.2173913043479,-91.21739130434783
218,2,1,7,490.0,687.0,0,2,60720.0,98.33955328725132,9.766438463577977,849.2666666666667,-162.26666666666668
218,2,1,7,490.0,687.0,0,3,4048.0,66.39255549175056,8.512871093369098,914.0,-227.0
219,0,3,6,386.0,994.0,0,1,329932.0,99.3767482474816,9.923896162040482,137.92142857142858,856.0785714285714
219,0,3,6,386.0,994.0,0,2,282406.0,99.00393304473276,9.886926052930702,161.98529411764707,832.0147058823529
219,0,3,6,386.0,994.0,0,3,14379.0,96.32167924888576,9.629146140872988,134.71428571428572,859.2857142857143
219,0,3,6,386.0,994.0,1,1,332031.0,99.71770300268976,9.98582651611613,1349.3054545454545,-355.30545454545455
219,0,3,6,386.0,994.0,1,2,341926.0,99.93723740394393,9.948116000979336,1367.594306049822,-373.5943060498221
219,0,3,6,386.0,994.0,1,3,11833.0,95.44016929675234,9.718924093010548,1356.8,-362.8
219,1,0,6,75.0,902.0,1,1,21420.0,98.69979013125784,9.829640259754193,732.8666666666667,169.13333333333333
219,1,0,6,75.0,902.0,1,2,10710.0,97.14316847781764,9.83160814521713,701.9333333333333,200.06666666666666
219,1,0,6,75.0,902.0,1,3,714.0,53.37583521568977,4.497649292514502,809.0,93.0
220,0,3,6,386.0,994.0,1,1,4190.0,79.18497136299423,5.143599471541728,645.0,349.0
220,3,3,0,198.0,591.0,0,1,193714.0,99.79717745400376,9.906991611674922,108.28915662650603,482.71084337349396
220,3,3,0,198.0,591.0,0,2,227156.0,98.81356801432756,9.84594453869671,133.5212765957447,457.47872340425533
220,3,3,0,198.0,591.0,1,1,301864.0,99.84037213943364,9.993094851673472,1754.3987341772151,-1163.3987341772151
220,3,3,0,198.0,591.0,1,2,306201.0,99.96503055685916,9.987631849815116,1798.5056542810985,-1207.5056542810985
220,3,3,0,198.0,591.0,1,3,13984.0,99.61188037942848,9.982069330213616,1708.5357142857142,-1117.5357142857142
221,2,1,5,198.0,749.0,0,1,372595.0,99.53409806717502,9.975142567687714,89.16528925619835,659.8347107438017
221,2,1,5,198.0,749.0,0,2,449836.0,98.8637444679228,9.808900443077786,132.36029411764707,616.6397058823529
221,2,1,5,198.0,749.0,0,3,17687.0,86.03198510686275,9.347928465178455,131.33333333333334,617.6666666666666
221,2,1,5,198.0,749.0,1,1,276600.0,99.98571797385644,9.990837527626947,868.217094017094,-119.21709401709401
221,2,1,5,198.0,749.0,1,2,275988.0,99.82724774365929,9.98500469240274,912.0884955752213,-163.08849557522123
221,2,1,5,198.0,749.0,1,3,11651.0,96.31795991775532,9.960515560209426,902.6363636363636,-153.63636363636363
221,3,3,0,198.0,591.0,1,1,9765.0,97.50635968763466,9.173324880843497,421.8,169.2
221,3,3,0,198.0,591.0,1,2,7812.0,98.19512122907864,8.651239493018588,585.9166666666666,5.083333333333333
222,2,1,3,301.0,651.0,0,1,223752.0,99.46276985879702,9.942632301868024,119.20481927710843,531.7951807228916
222,2,1,3,301.0,651.0,0,2,250040.0,99.10749102707382,9.96635813477646,102.31818181818181,548.6818181818181
222,2,1,3,301.0,651.0,0,3,21989.0,97.4038414829991,9.641424374124917,156.0,495.0
222,2,1,3,301.0,651.0,1,1,295373.0,99.88786354637628,9.989654112331191,1012.4003215434084,-361.4003215434084
222,2,1,3,301.0,651.0,1,2,299829.0,99.81411454243116,9.924740910248309,967.1623376623377,-316.1623376623377
222,2,1,3,301.0,651.0,1,3,10975.0,99.05105209504744,9.590447784194346,1067.6190476190477,-416.6190476190476
222,2,1,5,198.0,749.0,0,1,64350.0,86.17549518481601,9.219984327971073,408.4,340.6
222,2,1,5,198.0,749.0,0,2,38610.0,90.19038028115033,9.958455997383854,545.6666666666666,203.33333333333334
223,2,1,3,301.0,651.0,1,1,6810.0,97.47352635895624,9.467168383638992,136.66666666666666,514.3333333333334
223,2,1,3,301.0,651.0,1,2,4086.0,96.34796715832124,9.351256592812378,293.6666666666667,357.3333333333333
223,2,3,9,307.0,635.0,0,1,289546.0,99.6434865917634,9.95258474567214,125.56989247311827,509.4301075268817
223,2,3,9,307.0,635.0,0,2,283989.0,99.18398584038108,9.974355708273524,89.69565217391305,545.304347826087
223,2,3,9,307.0,635.0,0,3,18100.0,57.57018278643308,7.913171304355373,102.16666666666667,532.8333333333334
223,2,3,9,307.0,635.0,1,1,396425.0,99.98531828051864,9.995681769027042,811.4323001631321,-176.43230016313214
223,2,3,9,307.0,635.0,1,2,395320.0,99.86118670447026,9.990096442318636,800.1778140293637,-165.1778140293638
223,2,3,9,307.0,635.0,1,3,14033.0,93.9214869048788,8.922561026365564,761.7272727272727,-126.72727272727273
224,2,2,0,381.0,613.0,0,1,73118.0,97.78369689685348,9.939500544310487,96.5952380952381,516.4047619047619
224,2,2,0,381.0,613.0,0,2,175342.0,99.58805066888232,9.952610728792555,97.73170731707317,515.2682926829268
224,2,2,0,381.0,613.0,0,3,643.0,94.76035297357272,9.455703460611652,147.0,466.0
224,2,2,0,381.0,613.0,1,1,344798.0,99.9615710751284,9.997146760918689,1738.9879336349925,-1125.9879336349925
224,2,2,0,381.0,613.0,1,2,315796.0,99.66968558841825,9.99784243396882,1852.0761750405186,-1239.0761750405186
224,2,2,0,381.0,613.0,1,3,14020.0,98.36234816936168,8.632686314305062,1744.2592592592594,-1131.2592592592594
224,2,3,9,307.0,635.0,1,1,6900.0,91.97441677874744,9.572028413163997,442.46666666666664,192.53333333333333
224,2,3,9,307.0,635.0,1,2,6440.0,89.63736310643638,7.628933619326323,603.7857142857143,31.214285714285715
225,2,2,0,381.0,613.0,1,1,9225.0,97.7434667125892,8.221876277187803,367.2,245.8
225,2,2,0,381.0,613.0,1,2,9225.0,98.84340401026594,9.680275374128652,524.2,88.8
225,2,2,0,381.0,613.0,1,3,615.0,31.54823569426331,2.42601321476742,596.0,17.0
225,3,3,9,100.0,880.0,0,1,253760.0,99.8477831184123,9.967828299005932,125.86868686868686,754.1313131313132
225,3,3,9,100.0,880.0,0,2,210225.0,99.72532560208296,9.988834760046023,187.10227272727272,692.8977272727273
225,3,3,9,100.0,880.0,0,3,3840.0,56.77793399257425,8.124420292259757,197.5,682.5
225,3,3,9,100.0,880.0,1,1,323406.0,99.98057225960744,9.965908877297109,1090.6326194398682,-210.6326194398682
225,3,3,9,100.0,880.0,1,2,329614.0,99.71803366060696,9.996045687846372,1114.2324058919803,-234.23240589198036
225,3,3,9,100.0,880.0,1,3,13747.0,99.35412469264897,9.580649841958907,1177.64,-297.64
226,1,2,1,436.0,672.0,0,1,198384.0,99.25541679619036,9.906589521548677,112.203125,559.796875
226,1,2,1,436.0,672.0,0,2,269986.0,97.76811112867676,9.984793415756684,95.15841584158416,576.8415841584158
226,1,2,1,436.0,672.0,0,3,10687.0,98.9769193650712,9.555560239298456,76.5,595.5
226,1,2,1,436.0,672.0,1,1,382835.0,99.87208734701916,9.971764584568955,1450.4258970358815,-778.4258970358815
226,1,2,1,436.0,672.0,1,2,361987.0,99.87669163854946,9.9894214093998,1542.153078202995,-870.1530782029951
226,1,2,1,436.0,672.0,1,3,13340.0,95.09819454591592,9.329151640016992,1427.125,-755.125
226,3,3,9,100.0,880.0,0,1,13260.0,92.33337725595034,9.597434419625891,570.9333333333333,309.06666666666666
226,3,3,9,100.0,880.0,0,2,9724.0,95.9626331770207,9.598188286194278,721.1818181818181,158.8181818181818
227,1,2,1,436.0,672.0,0,1,18360.0,94.01714254962312,9.767896774244686,297.5,374.5
227,1,2,1,436.0,672.0,0,2,13770.0,94.90884257524448,9.429674773965884,411.93333333333334,260.06666666666666
227,1,2,1,436.0,672.0,0,3,918.0,63.09606077655169,9.196073741403817,510.0,162.0
227,2,2,6,219.0,763.0,0,1,245605.0,99.94452173041306,9.840864309295672,141.47058823529412,621.5294117647059
227,2,2,6,219.0,763.0,0,2,297056.0,98.82007578303856,9.843756072063156,108.27884615384616,654.7211538461538
227,2,2,6,219.0,763.0,0,3,10996.0,89.142522623292,7.823366312554879,80.0,683.0
227,2,2,6,219.0,763.0,1,1,332405.0,99.96882595667569,9.972424966922349,1170.2650406504065,-407.2650406504065
227,2,2,6,219.0,763.0,1,2,316097.0,99.79425175098102,9.997130783456203,1178.9915966386554,-415.99159663865544
227,2,2,6,219.0,763.0,1,3,12419.0,98.65139867426495,9.992530507829049,1195.5416666666667,-432.5416666666667
228,2,1,4,116.0,848.0,0,1,361848.0,99.916030223881,9.841758745626912,142.65454545454546,705.3454545454546
228,2,1,4,116.0,848.0,0,2,405108.0,99.80809435863554,9.894794847271209,125.7741935483871,722.2258064516129
228,2,1,4,116.0,848.0,0,3,26483.0,85.10641868919667,8.904183568871737,121.5,726.5
228,2,1,4,116.0,848.0,1,1,340545.0,99.49152307531465,9.995132496465551,1666.3166666666666,-818.3166666666667
228,2,1,4,116.0,848.0,1,2,343908.0,99.9717235129213,9.965831503029667,1610.742372881356,-762.7423728813559
228,2,1,4,116.0,848.0,1,3,11690.0,99.52858422198425,9.801257579619197,1892.7,-1044.7
228,2,2,6,219.0,763.0,1,1,5340.0,93.64737768870836,8.948955019164321,362.9,400.1
229,2,1,4,116.0,848.0,1,1,14460.0,97.48724315027906,8.354280683814846,823.6,24.4
229,2,1,4,116.0,848.0,1,2,10604.0,98.25767723199635,9.852643258872757,968.0,-120.0
229,3,2,0,487.0,615.0,0,1,208064.0,99.23139941097436,9.924806671601903,109.07462686567165,505.92537313432837
229,3,2,0,487.0,615.0,0,2,194945.0,98.91365435400223,9.982974023244775,90.19540229885058,524.8045977011494
229,3,2,0,487.0,615.0,0,3,11930.0,87.13519134604283,8.964568962588505,129.0,486.0
229,3,2,0,487.0,615.0,1,1,296416.0,99.95710298200017,9.993291003157765,1062.0470219435736,-447.04702194357367
229,3,2,0,487.0,615.0,1,2,294282.0,99.93846507075638,9.977611657654712,1096.7560975609756,-481.7560975609756
229,3,2,0,487.0,615.0,1,3,12823.0,96.4551009153014,9.528339143801976,998.4,-383.4
230,0,0,9,248.0,614.0,0,1,231401.0,99.85389507557558,9.88645473105495,127.16346153846153,486.83653846153845
230,0,0,9,248.0,614.0,0,2,277759.0,99.56168948767862,9.9258264645173,76.82608695652173,537.1739130434783
230,0,0,9,248.0,614.0,0,3,5954.0,50.49284718148312,8.933432725760012,130.66666666666666,483.3333333333333
230,0,0,9,248.0,614.0,1,1,329028.0,99.96339088960306,9.999477190156831,1036.3527454242928,-422.35274542429283
230,0,0,9,248.0,614.0,1,2,319082.0,99.99428188670176,9.991849045061146,1052.9444444444443,-438.94444444444446
230,0,0,9,248.0,614.0,1,3,14732.0,97.28771826329208,9.906820967073871,961.48,-347.48
230,3,2,0,487.0,615.0,1,1,13875.0,92.57178144341005,9.769598944748758,201.6,413.4
230,3,2,0,487.0,615.0,1,2,5550.0,95.22880819332065,9.538011654432667,324.3333333333333,290.6666666666667
231,0,0,9,248.0,614.0,1,1,6858.0,91.90836397053324,8.062950060752994,453.94444444444446,160.05555555555554
231,0,0,9,248.0,614.0,1,2,5715.0,97.63670185311356,8.943886320896842,561.6,52.4
231,0,0,9,248.0,614.0,1,3,381.0,75.53914588634179,7.966401333296609,640.0,-26.0
231,0,2,6,105.0,890.0,0,1,132649.0,99.766513546935,9.97019370289763,179.26582278481013,710.7341772151899
231,0,2,6,105.0,890.0,0,2,155902.0,98.74205532196936,9.93742548506136,157.20212765957447,732.7978723404256
231,0,2,6,105.0,890.0,0,3,8096.0,80.84613688501925,9.862228116984936,173.8,716.2
231,0,2,6,105.0,890.0,1,1,277214.0,99.82080099677675,9.97739211617773,2335.9020866773676,-1445.9020866773676
231,0,2,6,105.0,890.0,1,2,270100.0,99.92830233081426,9.99149537044681,2394.5761589403974,-1504.5761589403974
231,0,2,6,105.0,890.0,1,3,10574.0,98.64846432687304,9.526539690163972,2490.181818181818,-1600.1818181818182
232,0,2,6,105.0,890.0,1,1,5085.0,98.6073496933872,9.385320381106805,498.4,391.6
232,0,2,6,105.0,890.0,1,2,3051.0,80.18999277123504,7.190796346056137,628.0,262.0
232,3,0,3,97.0,710.0,0,1,248240.0,99.86393434848456,9.957470956003808,115.06603773584905,594.933962264151
232,3,0,3,97.0,710.0,0,2,186077.0,98.30651569255208,9.95739224291898,132.86315789473684,577.1368421052632
232,3,0,3,97.0,710.0,0,3,4781.0,48.63960661036542,9.034347779675624,84.33333333333333,625.6666666666666
232,3,0,3,97.0,710.0,1,1,322881.0,99.88860003110486,9.96547745342189,991.6026711185309,-281.6026711185309
232,3,0,3,97.0,710.0,1,2,327047.0,99.73323222160516,9.982562344835207,1013.2840722495895,-303.2840722495895
232,3,0,3,97.0,710.0,1,3,13659.0,96.48333578087151,9.116415249866968,991.04,-281.04
233,1,0,7,272.0,502.0,0,1,141798.0,99.7022034788442,9.988217939813149,126.73170731707317,375.2682926829268
233,1,0,7,272.0,502.0,0,2,331627.0,99.53853076790996,9.97210955609216,85.61176470588235,416.38823529411764
233,1,0,7,272.0,502.0,0,3,13270.0,92.30599543187024,7.396913136029197,168.0,334.0
233,1,0,7,272.0,502.0,1,1,391867.0,99.6324406741494,9.992070066566797,952.856071964018,-450.856071964018
233,1,0,7,272.0,502.0,1,2,383340.0,99.75820548090697,9.979719115915785,990.5096774193548,-488.50967741935483
233,1,0,7,272.0,502.0,1,3,14609.0,99.69421664376664,9.600606292384642,969.04,-467.04
233,3,0,3,97.0,710.0,1,1,5190.0,99.4701985323137,9.721453456127868,350.1333333333333,359.8666666666667
233,3,0,3,97.0,710.0,1,2,3114.0,90.83585760897064,7.754725651496156,495.44444444444446,214.55555555555554
234,1,0,7,272.0,502.0,1,1,13356.0,91.2446220290194,9.83892626883862,823.4761904761905,-321.4761904761905
234,1,0,7,272.0,502.0,1,2,9540.0,81.42267558269208,9.890583171574354,921.5333333333333,-419.53333333333336
234,1,0,7,272.0,502.0,1,3,636.0,41.909973420369234,0.830944691123956,1007.0,-505.0
234,2,2,6,272.0,768.0,0,1,260541.0,98.71182040283436,9.974733347620504,145.90178571428572,622.0982142857143
234,2,2,6,272.0,768.0,0,2,204105.0,99.57598644335155,9.941351876644337,144.45794392523365,623.5420560747664
234,2,2,6,272.0,768.0,0,3,6657.0,73.39087009699047,7.298755278243783,116.25,651.75
234,2,2,6,272.0,768.0,1,1,326587.0,99.95974224412797,9.979250922836844,1278.7874149659865,-510.7874149659864
234,2,2,6,272.0,768.0,1,2,343618.0,99.73611386272448,9.986103564790271,1259.8375634517768,-491.83756345177665
234,2,2,6,272.0,768.0,1,3,12422.0,88.40472849734084,9.784470268142377,1291.2173913043478,-523.2173913043479
235,1,0,2,495.0,917.0,0,1,592312.0,98.40200164140346,9.964859456280164,164.83798882681563,752.1620111731844
235,1,0,2,495.0,917.0,0,2,432568.0,99.94225477384045,9.976199962176516,141.66666666666666,775.3333333333334
235,1,0,2,495.0,917.0,0,3,10710.0,77.9039779219292,7.160792456646413,207.66666666666666,709.3333333333334
235,1,0,2,495.0,917.0,1,1,301261.0,99.82486784672555,9.99560236769394,865.3339731285988,51.66602687140115
235,1,0,2,495.0,917.0,1,2,326918.0,99.96483492289885,9.998835677804792,827.5508021390374,89.44919786096257
235,1,0,2,495.0,917.0,1,3,14603.0,98.31044238690004,9.453535229770674,837.1666666666666,79.83333333333333
235,2,2,6,272.0,768.0,0,1,58460.0,86.69787724383082,9.945855623475277,708.4,59.6
235,2,2,6,272.0,768.0,0,2,43845.0,94.2019005272244,9.760876889621432,796.0666666666667,-28.066666666666666
235,2,2,6,272.0,768.0,0,3,2923.0,90.53195278764912,7.27538562625935,874.0,-106.0
236,1,0,2,495.0,917.0,1,1,14450.0,90.74896081416854,9.94769395922791,678.44,238.56
236,1,0,2,495.0,917.0,1,2,8670.0,94.37724298929363,9.553774407636862,697.4,219.6
236,1,0,2,495.0,917.0,1,3,578.0,40.69748787256261,7.215650918337949,803.0,114.0
236,1,0,8,83.0,964.0,0,1,272462.0,99.17763521839277,9.975289153671184,162.40495867768595,801.595041322314
236,1,0,8,83.0,964.0,0,2,422308.0,98.26105744180076,9.985422944600908,169.9611111111111,794.0388888888889
236,1,0,8,83.0,964.0,0,3,17896.0,90.5819417593496,7.878429663682503,164.83333333333334,799.1666666666666
236,1,0,8,83.0,964.0,1,1,294442.0,99.97034674223924,9.999967707925514,1659.006968641115,-695.006968641115
236,1,0,8,83.0,964.0,1,2,277660.0,99.71516567982216,9.978003892722043,1623.3853564547205,-659.3853564547206
236,1,0,8,83.0,964.0,1,3,10663.0,99.31591857586646,9.982691646213832,1514.2857142857142,-550.2857142857143
237,1,0,8,83.0,964.0,0,1,76580.0,96.5735591971874,9.42248132277177,422.35,541.65
237,1,0,8,83.0,964.0,0,2,57435.0,85.14791061042081,9.436429087676606,510.46666666666664,453.53333333333336
237,1,0,8,83.0,964.0,0,3,3829.0,31.492155142404396,4.599833596031263,591.0,373.0
237,3,2,2,73.0,858.0,0,1,439321.0,98.85304838234204,9.975763029074988,123.20134228187919,734.7986577181208
237,3,2,2,73.0,858.0,0,2,387892.0,99.86851680532656,9.962967045628725,131.0,727.0
237,3,2,2,73.0,858.0,0,3,8551.0,90.62279916109172,9.551918759366243,144.33333333333334,713.6666666666666
237,3,2,2,73.0,858.0,1,1,280098.0,99.9186403360447,9.982978021417216,1256.8333333333333,-398.8333333333333
237,3,2,2,73.0,858.0,1,2,313405.0,99.99284591346488,9.992954648213717,1250.7373913043477,-392.73739130434785
237,3,2,2,73.0,858.0,1,3,13702.0,93.6679398338678,8.811269300784367,1158.375,-300.375
238,3,2,2,73.0,858.0,1,1,15865.0,98.33682356089456,8.735062633858528,351.94736842105266,506.05263157894734
238,3,2,2,73.0,858.0,1,2,12525.0,90.85832359497986,9.22971489630752,454.73333333333335,403.26666666666665
238,3,2,2,73.0,858.0,1,3,835.0,35.54224912537527,1.232712717580079,546.0,312.0
238,3,2,8,96.0,920.0,0,1,228642.0,99.54714673097725,9.909042014182862,145.02173913043478,774.9782608695652
238,3,2,8,96.0,920.0,0,2,270082.0,99.41006657104988,9.86633592334254,136.07339449541286,783.9266055045872
238,3,2,8,96.0,920.0,0,3,15380.0,79.9567179643762,9.62334915758987,173.0,747.0
238,3,2,8,96.0,920.0,1,1,324663.0,99.97198214674506,9.988537013597366,1167.0443349753696,-247.04433497536945
238,3,2,8,96.0,920.0,1,2,316656.0,99.90555335539084,9.981940998483774,1131.2406779661017,-211.24067796610169
238,3,2,8,96.0,920.0,1,3,11340.0,95.17469813082398,9.73262099959985,1069.095238095238,-149.0952380952381
239,2,2,7,279.0,626.0,0,1,212887.0,99.94963095233116,9.863060178352468,80.2125,545.7875
239,2,2,7,279.0,626.0,0,2,224105.0,99.39170389616908,9.78907469440155,127.7840909090909,498.21590909090907
239,2,2,7,279.0,626.0,0,3,4201.0,66.08043500517972,1.8704002579246128,32.5,593.5
239,2,2,7,279.0,626.0,1,1,356128.0,99.91050769332492,9.9803759610674,1212.3408,-586.3408
239,2,2,7,279.0,626.0,1,2,364100.0,99.88057086268496,9.99368049816457,1220.5888,-594.5888
239,2,2,7,279.0,626.0,1,3,14092.0,98.88495562474252,9.824746360607922,1155.423076923077,-529.4230769230769
239,3,2,8,96.0,920.0,1,1,4290.0,96.19152861426352,9.553187039231863,798.1333333333333,121.86666666666666
239,3,2,8,96.0,920.0,1,2,286.0,32.296704465157745,2.3567550196877,894.0,26.0
240,2,2,7,279.0,626.0,1,1,2244.0,98.73100899191031,7.701459281709515,815.2941176470588,-189.2941176470588
240,2,2,7,279.0,626.0,1,2,1980.0,98.23520709309688,9.053872126232498,965.9333333333333,-339.93333333333334
240,2,2,7,279.0,626.0,1,3,132.0,70.35767126542234,6.448699619884181,1094.0,-468.0
240,3,0,2,184.0,822.0,0,1,403870.0,99.75137326734658,9.971272901172062,152.296875,669.703125
240,3,0,2,184.0,822.0,0,2,350595.0,99.83350460612547,9.97239482916962,185.79245283018867,636.2075471698113
240,3,0,2,184.0,822.0,0,3,19544.0,94.52760472291637,8.413957507069505,116.33333333333333,705.6666666666666
240,3,0,2,184.0,822.0,1,1,281187.0,99.76775550006074,9.98087080542884,2009.4139130434783,-1187.4139130434783
240,3,0,2,184.0,822.0,1,2,297706.0,99.8884736556404,9.997477528422056,2056.9425675675675,-1234.9425675675675
240,3,0,2,184.0,822.0,1,3,9319.0,98.20801583061734,9.76624029715217,2138.6190476190477,-1316.6190476190477
241,0,3,1,194.0,917.0,0,1,463378.0,99.99254383983268,9.809751258882876,173.79289940828403,743.207100591716
241,0,3,1,194.0,917.0,0,2,445177.0,99.82447325337031,9.982270215408978,157.76190476190476,759.2380952380952
241,0,3,1,194.0,917.0,0,3,18780.0,88.74166877549767,9.378330681115386,171.85714285714286,745.1428571428571
241,0,3,1,194.0,917.0,1,1,320114.0,99.90183206353709,9.988271045971745,1000.2447817836812,-83.24478178368122
241,0,3,1,194.0,917.0,1,2,334280.0,99.9663762396247,9.985728759915064,1028.2603773584906,-111.26037735849057
241,0,3,1,194.0,917.0,1,3,12478.0,86.59413744528523,9.24654922395008,997.6,-80.6
241,3,0,2,184.0,822.0,1,1,2712.0,90.94070494154582,9.600732443658336,511.0833333333333,310.9166666666667
241,3,0,2,184.0,822.0,1,2,1695.0,95.74966980682184,9.703487446087452,561.3333333333334,260.6666666666667
241,3,0,2,184.0,822.0,1,3,113.0,73.83776288647081,4.453222553814693,666.0,156.0
242,0,3,1,194.0,917.0,1,1,21984.0,94.68341743231043,9.64450301859286,437.0416666666667,479.9583333333333
242,0,3,1,194.0,917.0,1,2,13740.0,84.39657278044076,8.80249523470962,479.8,437.2
242,0,3,1,194.0,917.0,1,3,916.0,67.99104669784752,7.209655313302948,571.0,346.0
242,1,1,2,58.0,905.0,0,1,210465.0,99.04778479128233,9.825863755156677,161.83908045977012,743.1609195402299
242,1,1,2,58.0,905.0,0,2,218201.0,99.90812981855998,9.900168143228456,138.60227272727272,766.3977272727273
242,1,1,2,58.0,905.0,0,3,11277.0,86.58986777312725,6.227478297053636,134.75,770.25
242,1,1,2,58.0,905.0,1,1,304321.0,99.86986123359452,9.993730324529238,1256.888341543514,-351.88834154351395
242,1,1,2,58.0,905.0,1,2,318101.0,99.8871456472082,9.969419108714664,1282.5409836065573,-377.5409836065574
242,1,1,2,58.0,905.0,1,3,12931.0,95.2554500869186,9.277730978618573,1302.4782608695652,-397.4782608695652
243,1,1,2,58.0,905.0,1,1,1717.0,99.90257697770284,8.946345577369572,792.0,113.0
243,1,1,2,58.0,905.0,1,2,1515.0,99.28846625955916,9.9783930648972,924.1333333333333,-19.133333333333333
243,1,1,2,58.0,905.0,1,3,101.0,71.05932283679266,8.869575456447434,1034.0,-129.0
243,2,2,0,203.0,704.0,0,1,301117.0,96.21456404171234,9.961834748652269,138.4144144144144,565.5855855855856
243,2,2,0,203.0,704.0,0,2,296218.0,97.45605832794804,9.889499114369976,124.16528925619835,579.8347107438017
243,2,2,0,203.0,704.0,0,3,10117.0,98.30005036380376,6.276642209214682,123.8,580.2
243,2,2,0,203.0,704.0,1,1,309034.0,99.8021679569104,9.999783316892332,1049.347972972973,-345.34797297297297
243,2,2,0,203.0,704.0,1,2,298914.0,99.9315580251528,9.955933777553788,1117.8821490467938,-413.88214904679376
243,2,2,0,203.0,704.0,1,3,11494.0,95.5823571073102,9.876048155079475,1123.7727272727273,-419.77272727272725
244,0,0,8,64.0,962.0,0,1,341337.0,99.86880738954696,9.984157789437733,169.09734513274336,792.9026548672566
244,0,0,8,64.0,962.0,0,2,307660.0,99.09077648673056,9.911878802957752,159.7128712871287,802.2871287128713
244,0,0,8,64.0,962.0,0,3,7463.0,93.43472637617568,8.521031689083024,139.0,823.0
244,0,0,8,64.0,962.0,1,1,346575.0,99.94764384930863,9.997627774051526,1868.2859589041095,-906.2859589041096
244,0,0,8,64.0,962.0,1,2,342424.0,99.93094680329908,9.971752279880336,1836.9447236180904,-874.9447236180905
244,0,0,8,64.0,962.0,1,3,13060.0,98.71163877583324,9.28570894740094,1939.8260869565217,-977.8260869565217
244,2,2,0,203.0,704.0,1,1,3496.0,96.21161233507452,9.8129195885014,708.4347826086956,-4.434782608695652
244,2,2,0,203.0,704.0,1,2,2280.0,98.48105070950427,9.565685372275787,770.7333333333333,-66.73333333333333
244,2,2,0,203.0,704.0,1,3,152.0,98.9109243119486,8.459358424965703,851.0,-147.0
245,0,0,8,64.0,962.0,0,1,24810.0,96.50079806832116,7.70485157918581,814.5333333333333,147.46666666666667
245,0,0,8,64.0,962.0,0,2,19848.0,92.14097733776843,8.429767614294656,1007.0833333333334,-45.083333333333336
245,0,3,9,286.0,615.0,0,1,254216.0,99.66863466477876,9.93646560746676,81.85714285714286,533.1428571428571
245,0,3,9,286.0,615.0,0,2,191948.0,98.13208512881111,9.97282948663302,96.44,518.56
245,0,3,9,286.0,615.0,0,3,2485.0,93.5582082024306,6.556720212654591,87.5,527.5
245,0,3,9,286.0,615.0,1,1,327089.0,99.85851259517268,9.973546258828463,1247.814332247557,-632.814332247557
245,0,3,9,286.0,615.0,1,2,336745.0,99.95229839745858,9.996027562988193,1257.7875399361023,-642.7875399361022
245,0,3,9,286.0,615.0,1,3,14670.0,99.16519930664836,9.885842988939316,1282.3461538461538,-667.3461538461538
246,0,3,9,286.0,615.0,1,1,2895.0,96.77745547279754,9.115579304121333,776.5333333333333,-161.53333333333333
246,0,3,9,286.0,615.0,1,2,2702.0,99.2707867349989,9.345264886933982,915.3571428571429,-300.35714285714283
246,1,3,4,334.0,761.0,0,1,336031.0,99.44887458886647,9.941796223270064,114.61111111111111,646.3888888888889
246,1,3,4,334.0,761.0,0,2,312510.0,99.53220887321297,9.833114564941688,165.24444444444444,595.7555555555556
246,1,3,4,334.0,761.0,0,3,12326.0,95.07578289847436,7.952101276079433,210.75,550.25
246,1,3,4,334.0,761.0,1,1,342008.0,99.62077205381756,9.98549944279454,1641.2451298701299,-880.2451298701299
246,1,3,4,334.0,761.0,1,2,326868.0,99.75037115417976,9.991409293470326,1714.623973727422,-953.623973727422
246,1,3,4,334.0,761.0,1,3,13437.0,98.49117695540434,9.877036908151252,1817.375,-1056.375
247,1,3,4,334.0,761.0,1,1,4710.0,99.65963860789024,9.31744761804325,722.0,39.0
247,1,3,4,334.0,761.0,1,2,1570.0,91.71352169289868,7.874613006072808,841.6,-80.6
247,2,2,6,111.0,562.0,0,1,210993.0,99.62602978705144,9.972104000437232,89.05263157894737,472.94736842105266
247,2,2,6,111.0,562.0,0,2,133688.0,98.121557358097,9.913704691625696,77.4375,484.5625
247,2,2,6,111.0,562.0,0,3,6213.0,65.27098010233652,4.889636950267144,42.0,520.0
247,2,2,6,111.0,562.0,1,1,336518.0,99.9017748595008,9.99905162606885,1113.5180327868852,-551.5180327868852
247,2,2,6,111.0,562.0,1,2,342332.0,99.87309317613372,9.9775526031387,1079.055900621118,-517.055900621118
247,2,2,6,111.0,562.0,1,3,12862.0,92.22593546054348,9.917377847197578,979.8076923076923,-417.8076923076923
248,2,2,6,111.0,562.0,1,1,7980.0,99.79576496399272,8.601379990129267,120.06666666666666,441.93333333333334
248,2,2,6,111.0,562.0,1,2,1596.0,91.1971055491755,4.324670471421575,228.66666666666666,333.3333333333333
248,3,3,7,208.0,522.0,0,1,110858.0,98.8557606583838,9.345302010983454,53.7027027027027,468.2972972972973
248,3,3,7,208.0,522.0,0,2,103846.0,99.07814985630144,9.540696424309466,86.85,435.15
248,3,3,7,208.0,522.0,0,3,4419.0,21.98943140705728,4.304642470694957,46.0,476.0
248,3,3,7,208.0,522.0,1,1,373032.0,99.82874549522673,9.981575158864004,999.1464872944694,-477.14648729446935
248,3,3,7,208.0,522.0,1,2,353674.0,99.93779628267434,9.997045488166604,1024.4149253731343,-502.41492537313434
248,3,3,7,208.0,522.0,1,3,15468.0,97.48938335138828,9.870388891468693,1114.5555555555557,-592.5555555555555
249,1,0,3,377.0,832.0,0,1,382778.0,99.3786663278358,9.904346728113971,149.36434108527132,682.6356589147287
249,1,0,3,377.0,832.0,0,2,328503.0,99.75771885997683,9.691197753899417,143.44444444444446,688.5555555555555
249,1,0,3,377.0,832.0,0,3,19197.0,97.071394718286,8.931555847313483,161.0,671.0
249,1,0,3,377.0,832.0,1,1,294845.0,99.9705391729832,9.994245739563354,1204.2350877192982,-372.23508771929824
249,1,0,3,377.0,832.0,1,2,304760.0,99.89532023097554,9.995049698829291,1208.657627118644,-376.6576271186441
249,1,0,3,377.0,832.0,1,3,11201.0,97.23073362563156,9.52434504172489,1307.0,-475.0
249,3,3,7,208.0,522.0,1,1,15372.0,95.2587158635544,9.976411851608423,448.5238095238095,73.47619047619048
249,3,3,7,208.0,522.0,1,2,10980.0,91.78760963128042,9.749514676488928,520.2,1.8
249,3,3,7,208.0,522.0,1,3,732.0,79.39067455087036,0.1976373609479997,603.0,-81.0
250,1,0,3,377.0,832.0,1,1,8280.0,98.95407167071352,9.712469350252306,693.0,139.0
250,1,0,3,377.0,832.0,1,2,4416.0,90.86862692994248,9.898842047503113,819.25,12.75
250,3,3,9,476.0,620.0,0,1,239790.0,99.35529626663798,9.752534838353874,109.82558139534883,510.1744186046512
250,3,3,9,476.0,620.0,0,2,264525.0,99.85464226801508,9.986031193301674,106.67368421052632,513.3263157894737
250,3,3,9,476.0,620.0,0,3,16921.0,90.69268668978646,8.187227892206034,78.66666666666667,541.3333333333334
250,3,3,9,476.0,620.0,1,1,344784.0,99.95658927441568,9.979577082685228,1035.075928917609,-415.075928917609
250,3,3,9,476.0,620.0,1,2,346798.0,99.8509511345088,9.974246199939794,1064.0131147540983,-444.01311475409835
250,3,3,9,476.0,620.0,1,3,11404.0,89.22309823962154,9.772364156817927,1046.2272727272727,-426.22727272727275
251,3,2,8,470.0,584.0,0,1,240659.0,98.95589208404436,9.770246066308315,92.19607843137256,491.80392156862746
251,3,2,8,470.0,584.0,0,2,210199.0,99.66616852174788,9.945206973800886,104.7,479.3
251,3,2,8,470.0,584.0,0,3,6428.0,81.29681355004668,9.188831282642676,96.0,488.0
251,3,2,8,470.0,584.0,1,1,347623.0,99.9269453415039,9.99813031935504,1068.6318407960198,-484.6318407960199
251,3,2,8,470.0,584.0,1,2,363789.0,99.95820166219228,9.989803241562694,1020.6016,-436.6016
251,3,2,8,470.0,584.0,1,3,12742.0,99.11631590804282,9.860972866516498,1110.4,-526.4
251,3,3,9,476.0,620.0,1,1,14145.0,93.53108476208412,9.901073320045167,582.4666666666667,37.53333333333333
251,3,3,9,476.0,620.0,1,2,7544.0,77.14832312719139,8.84216760062227,733.125,-113.125
252,2,3,3,89.0,874.0,0,1,261013.0,96.97889231252049,9.966737873509686,148.30693069306932,725.6930693069307
252,2,3,3,89.0,874.0,0,2,269948.0,99.89306268497344,9.959482532252112,110.18085106382979,763.8191489361702
252,2,3,3,89.0,874.0,0,3,10284.0,69.75687814666367,8.436514081663631,171.25,702.75
252,2,3,3,89.0,874.0,1,1,309994.0,99.96046949132985,9.950618571270605,987.8655737704918,-113.8655737704918
252,2,3,3,89.0,874.0,1,2,324410.0,99.46116757975302,9.96328873404523,990.0210016155089,-116.02100161550888
252,2,3,3,89.0,874.0,1,3,12750.0,96.96457413947162,9.109850730315776,1007.7916666666666,-133.79166666666666
252,3,2,8,470.0,584.0,1,1,2178.0,94.51613709910164,9.167496027483416,347.22222222222223,236.77777777777777
253,2,3,3,89.0,874.0,1,1,18582.0,97.4622245331783,9.522540528020144,842.2105263157895,31.789473684210527
253,2,3,3,89.0,874.0,1,2,14670.0,96.45053347569204,9.499310322415798,955.7333333333333,-81.73333333333333
253,2,3,3,89.0,874.0,1,3,978.0,53.74345435472868,9.216727784228672,1015.0,-141.0
253,3,1,1,383.0,890.0,0,1,389967.0,98.30616342444875,9.963730847410687,181.12307692307692,708.876923076923
253,3,1,1,383.0,890.0,0,2,349734.0,99.07466292787166,9.937362359027652,134.1171875,755.8828125
253,3,1,1,383.0,890.0,0,3,18331.0,90.29690388860116,8.97006802757004,167.14285714285714,722.8571428571429
253,3,1,1,383.0,890.0,1,1,314052.0,99.86765262970572,9.994579114798729,1038.8493870402801,-148.84938704028022
253,3,1,1,383.0,890.0,1,2,306312.0,99.98836593522162,9.976235502475804,1038.9561403508771,-148.9561403508772
253,3,1,1,383.0,890.0,1,3,10637.0,89.41622263528008,9.49483076993236,1061.65,-171.65
254,0,2,7,87.0,612.0,0,1,158221.0,99.53107927442451,9.968425803179098,79.85714285714286,532.1428571428571
254,0,2,7,87.0,612.0,0,2,171534.0,99.79992210102006,9.99976420597218,79.75,532.25
254,0,2,7,87.0,612.0,0,3,4161.0,88.50548166795502,7.185274164048819,167.0,445.0
254,0,2,7,87.0,612.0,1,1,385573.0,99.61869602510846,9.980811325577264,1114.4451219512196,-502.4451219512195
254,0,2,7,87.0,612.0,1,2,378794.0,99.89978361960677,9.993254150838377,1092.6899224806202,-480.68992248062017
254,0,2,7,87.0,612.0,1,3,15688.0,94.12197969995808,9.316008506764684,1090.111111111111,-478.1111111111111
254,3,1,1,383.0,890.0,1,1,3435.0,98.10238632127542,8.44423423496838,470.3333333333333,419.6666666666667
254,3,1,1,383.0,890.0,1,2,2748.0,95.71284235242796,9.643744270070108,633.1666666666666,256.8333333333333
255,0,2,7,87.0,612.0,1,1,21814.0,99.79476289751034,9.597675601833464,500.84615384615387,111.15384615384616
255,0,2,7,87.0,612.0,1,2,12585.0,99.58332656481808,9.779533580893997,533.0,79.0
255,0,2,7,87.0,612.0,1,3,839.0,95.35015368017744,9.04486751579312,624.0,-12.0
255,3,0,1,414.0,975.0,0,1,267240.0,97.842713472361,9.843850935075556,178.29473684210527,796.7052631578947
255,3,0,1,414.0,975.0,0,2,306693.0,99.98035161799262,9.762054804388482,145.8440366972477,829.1559633027523
255,3,0,1,414.0,975.0,0,3,8658.0,71.81206852318495,5.754186974974553,174.33333333333334,800.6666666666666
255,3,0,1,414.0,975.0,1,1,308892.0,99.91259976006803,9.999684258079352,1466.914858096828,-491.914858096828
255,3,0,1,414.0,975.0,1,2,312904.0,99.786247785947,9.94706688761452,1442.202037351443,-467.2020373514431
255,3,0,1,414.0,975.0,1,3,14082.0,96.30661259321788,9.885819563367797,1418.4583333333333,-443.4583333333333
256,0,3,8,310.0,719.0,0,1,213084.0,99.7815673644784,9.919237358722942,111.64,607.36
256,0,3,8,310.0,719.0,0,2,223819.0,98.93691461173724,9.856587480237122,140.2,578.8
256,0,3,8,310.0,719.0,0,3,1324.0,44.66560299846038,1.2276105475109622,33.0,686.0
256,0,3,8,310.0,719.0,1,1,317780.0,99.84894660141104,9.95530827872874,968.2644628099174,-249.26446280991735
256,0,3,8,310.0,719.0,1,2,309519.0,99.891665519498,9.979265132140895,1055.5966386554621,-336.5966386554622
256,0,3,8,310.0,719.0,1,3,14554.0,97.67153908400206,9.59784663188877,951.4444444444445,-232.44444444444446
256,3,0,1,414.0,975.0,1,1,14175.0,92.21060658200908,9.216160251399629,788.4,186.6
256,3,0,1,414.0,975.0,1,2,14175.0,79.82685132614563,9.824561733966048,993.3333333333334,-18.333333333333332
257,0,0,7,57.0,873.0,0,1,503310.0,99.56851315184004,9.975470842655564,116.64835164835165,756.3516483516484
257,0,0,7,57.0,873.0,0,2,398114.0,99.67403415208868,9.960794398047488,176.15441176470588,696.8455882352941
257,0,0,7,57.0,873.0,0,3,21403.0,81.86870118665564,8.582665423442652,131.16666666666666,741.8333333333334
257,0,0,7,57.0,873.0,1,1,310707.0,99.95738631850904,9.998830660542245,900.5992509363296,-27.59925093632959
257,0,0,7,57.0,873.0,1,2,326623.0,99.6733284200183,9.97711212809526,829.576124567474,43.42387543252595
257,0,0,7,57.0,873.0,1,3,12924.0,96.92743923354148,9.753247144485163,828.5909090909091,44.40909090909091
257,0,3,8,310.0,719.0,1,1,2680.0,80.67595144522366,8.57706327332912,298.25,420.75
258,0,0,7,57.0,873.0,0,1,11980.0,95.44567587065022,8.006201565741112,317.5,555.5
258,1,2,3,334.0,910.0,0,1,180561.0,99.9103367382301,9.873054538386764,164.71186440677965,745.2881355932203
258,1,2,3,334.0,910.0,0,2,271739.0,99.19721912534474,9.839068270943732,125.4186046511628,784.5813953488372
258,1,2,3,334.0,910.0,0,3,8729.0,80.04565888623392,7.430677652787613,130.66666666666666,779.3333333333334
258,1,2,3,334.0,910.0,1,1,348777.0,99.88371828726537,9.996832542442776,1711.392694063927,-801.3926940639269
258,1,2,3,334.0,910.0,1,2,328742.0,99.84207881652716,9.994583976721067,1670.280701754386,-760.280701754386
258,1,2,3,334.0,910.0,1,3,12962.0,97.9484067742602,9.993289919607363,1834.64,-924.64
259,1,0,3,367.0,536.0,0,1,233764.0,99.8917284312315,9.979274601136176,67.88888888888889,468.1111111111111
259,1,0,3,367.0,536.0,0,2,259219.0,98.96952962343346,9.469057715417138,97.9076923076923,438.0923076923077
259,1,0,3,367.0,536.0,0,3,6651.0,64.73961434466614,9.66761962068908,87.5,448.5
259,1,0,3,367.0,536.0,1,1,396618.0,99.79932394663172,9.99532014868609,1839.5729813664595,-1303.5729813664595
259,1,0,3,367.0,536.0,1,2,390259.0,99.72347763781598,9.998187122375729,1849.4398148148148,-1313.4398148148148
259,1,0,3,367.0,536.0,1,3,16400.0,97.12455132235544,9.897462189201203,1750.3076923076924,-1214.3076923076924
259,1,2,3,334.0,910.0,1,1,2928.0,94.64082397663805,8.529684193561968,448.0,462.0
260,1,0,3,367.0,536.0,1,1,5850.0,92.35314708355295,9.9150232554026,222.53333333333333,313.46666666666664
260,1,0,3,367.0,536.0,1,2,1950.0,97.94410759377394,7.823401919765151,349.6,186.4
260,2,1,9,285.0,598.0,0,1,327016.0,99.9655080136422,9.979644663292328,91.05384615384615,506.94615384615383
260,2,1,9,285.0,598.0,0,2,247487.0,95.45718695386994,9.872950286785803,117.69473684210526,480.30526315789473
260,2,1,9,285.0,598.0,0,3,7324.0,97.63503039314917,9.458671327766291,190.0,408.0
260,2,1,9,285.0,598.0,1,1,294143.0,99.98596448186558,9.996082415685043,926.3217391304348,-328.32173913043476
260,2,1,9,285.0,598.0,1,2,324107.0,99.95677526778152,9.992912544711606,940.5024469820555,-342.50244698205546
260,2,1,9,285.0,598.0,1,3,13993.0,99.35390153415145,8.666610434564802,916.04,-318.04
261,0,0,4,329.0,913.0,0,1,224495.0,99.48118404159446,9.912480702381751,130.5679012345679,782.4320987654321
261,0,0,4,329.0,913.0,0,2,230228.0,95.7590758553438,9.865852913641724,158.21917808219177,754.7808219178082
261,0,0,4,329.0,913.0,0,3,6843.0,50.69580963195483,3.885442512987458,85.33333333333333,827.6666666666666
261,0,0,4,329.0,913.0,1,1,311571.0,99.8946002667799,9.993578569397336,1653.6324237560193,-740.6324237560193
261,0,0,4,329.0,913.0,1,2,329824.0,99.9888469828147,9.985835540291234,1646.1824,-733.1824
261,0,0,4,329.0,913.0,1,3,12650.0,92.86898457119732,9.91395897553934,1653.0416666666667,-740.0416666666666
261,2,1,9,285.0,598.0,1,1,3120.0,99.01445852785427,8.689112998363123,690.9375,-92.9375
261,2,1,9,285.0,598.0,1,2,2925.0,98.49882771149882,8.526869436718435,866.6666666666666,-268.6666666666667
261,2,1,9,285.0,598.0,1,3,195.0,22.093948552111264,4.538550923481678,939.0,-341.0
262,0,0,4,329.0,913.0,1,1,10410.0,95.89283976858674,9.265918687404536,197.93333333333334,715.0666666666667
262,0,0,4,329.0,913.0,1,2,5552.0,97.95880244191584,8.338744991342212,320.0,593.0
262,1,0,8,68.0,619.0,0,1,154907.0,99.95484786586958,9.864526301524196,102.98809523809524,516.0119047619048
262,1,0,8,68.0,619.0,0,2,216813.0,98.69101775199869,9.968232440876948,86.07777777777778,532.9222222222222
262,1,0,8,68.0,619.0,0,3,9670.0,81.7889349523268,8.285635721284581,97.75,521.25
262,1,0,8,68.0,619.0,1,1,330852.0,99.85669594459333,9.994483924704577,951.9838969404187,-332.9838969404187
262,1,0,8,68.0,619.0,1,2,322431.0,99.9598431473969,9.996125797414049,938.2341463414634,-319.23414634146343
262,1,0,8,68.0,619.0,1,3,11837.0,98.81593495736364,9.50957333032023,848.7083333333334,-229.70833333333334
263,0,0,8,116.0,898.0,0,1,341462.0,99.3265205804107,9.993036612948686,145.75590551181102,752.2440944881889
263,0,0,8,116.0,898.0,0,2,377865.0,99.97581557555075,9.861385621436794,144.57142857142858,753.4285714285714
263,0,0,8,116.0,898.0,0,3,11739.0,74.47570321278116,7.908269785004922,116.0,782.0
263,0,0,8,116.0,898.0,1,1,322775.0,99.76516713771616,9.993067339104856,714.7969283276451,183.20307167235495
263,0,0,8,116.0,898.0,1,2,334948.0,99.9085938382725,9.995832771161146,723.9655172413793,174.0344827586207
263,0,0,8,116.0,898.0,1,3,12491.0,98.55231701858172,9.90137149175226,715.3913043478261,182.6086956521739
263,1,0,8,68.0,619.0,1,1,3496.0,90.02404482053173,9.851183566637028,241.75,377.25
264,0,0,3,473.0,772.0,0,1,230335.0,99.21257472627433,9.928619219333063,78.2872340425532,693.7127659574468
264,0,0,3,473.0,772.0,0,2,161898.0,99.75444701056688,9.49342701039916,154.9558823529412,617.0441176470588
264,0,0,3,473.0,772.0,0,3,4084.0,93.41985890325395,7.251020874661379,19.0,753.0
264,0,0,3,473.0,772.0,1,1,373618.0,99.9174157470429,9.993883203292604,1552.5485996705106,-780.5485996705107
264,0,0,3,473.0,772.0,1,2,397575.0,99.88331009450208,9.992234554274752,1570.5372424722661,-798.5372424722663
264,0,0,3,473.0,772.0,1,3,13912.0,95.4297337455708,9.984024642933822,1563.4166666666667,-791.4166666666666
264,0,0,8,116.0,898.0,1,1,15257.0,93.79865657673142,9.783008732411474,779.3684210526316,118.63157894736842
264,0,0,8,116.0,898.0,1,2,12045.0,87.0561069520166,8.854861121991867,893.2666666666667,4.733333333333333
264,0,0,8,116.0,898.0,1,3,803.0,91.97723095585243,9.320063675553673,974.0,-76.0
265,0,0,3,473.0,772.0,1,1,4770.0,94.86150026279672,9.661244912220322,106.2,665.8
265,0,0,3,473.0,772.0,1,2,4452.0,94.94249794222624,9.88836353290424,285.7857142857143,486.2142857142857
265,2,1,3,478.0,635.0,0,1,106652.0,96.50504796897306,9.771768315807911,99.4390243902439,535.560975609756
265,2,1,3,478.0,635.0,0,2,189964.0,99.31252758860124,9.644259821915206,123.96875,511.03125
265,2,1,3,478.0,635.0,0,3,1567.0,23.83822416719329,8.386935747089716,162.0,473.0
265,2,1,3,478.0,635.0,1,1,360381.0,99.63212792377595,9.954530023941205,2339.8222891566265,-1704.8222891566265
265,2,1,3,478.0,635.0,1,2,325115.0,99.59539737793487,9.994079341387163,2476.6771653543306,-1841.6771653543308
265,2,1,3,478.0,635.0,1,3,13760.0,96.20603172455009,9.418452878415833,2243.074074074074,-1608.0740740740741
266,2,1,3,478.0,635.0,1,1,2751.0,95.6808036192202,9.46377753474441,897.047619047619,-262.04761904761904
266,2,1,3,478.0,635.0,1,2,1965.0,99.7225930065386,9.89681016859331,1021.0666666666667,-386.06666666666666
266,2,1,3,478.0,635.0,1,3,131.0,51.89031233431216,2.6197958021310352,1120.0,-485.0
266,3,3,3,329.0,775.0,0,1,227694.0,99.59065592758488,9.965147885197055,142.85714285714286,632.1428571428571
266,3,3,3,329.0,775.0,0,2,307348.0,99.68770294151416,9.975411185378288,97.83333333333333,677.1666666666666
266,3,3,3,329.0,775.0,0,3,23472.0,95.53257082557734,8.482704985995897,127.125,647.875
266,3,3,3,329.0,775.0,1,1,338599.0,99.92212951705336,9.964505532981155,1674.7491961414792,-899.749196141479
266,3,3,3,329.0,775.0,1,2,317588.0,99.89148144080258,9.998953533497929,1731.293220338983,-956.293220338983
266,3,3,3,329.0,775.0,1,3,7315.0,98.97161278896172,9.987845168674037,1814.2105263157894,-1039.2105263157894
267,1,1,6,168.0,702.0,0,1,173920.0,99.91514593999864,9.761190501640607,119.04347826086956,582.9565217391304
267,1,1,6,168.0,702.0,0,2,283919.0,99.86684021215665,9.80970342790846,109.69902912621359,592.3009708737864
267,1,1,6,168.0,702.0,0,3,7804.0,95.25762133467263,8.07557840648547,168.33333333333334,533.6666666666666
267,1,1,6,168.0,702.0,1,1,397112.0,99.78441283200824,9.93987185904244,1281.9544740973313,-579.9544740973313
267,1,1,6,168.0,702.0,1,2,349870.0,99.83737889003152,9.947315034519136,1343.89243697479,-641.8924369747899
267,1,1,6,168.0,702.0,1,3,15789.0,97.99269791300158,9.277485960024746,1301.32,-599.32
267,3,3,3,329.0,775.0,0,1,65130.0,98.08478653159143,9.678609018731644,159.13333333333333,615.8666666666667
267,3,3,3,329.0,775.0,0,2,65130.0,96.32381769118535,9.591745750521456,369.06666666666666,405.93333333333334
268,1,0,1,207.0,629.0,0,1,241399.0,99.34725749183993,9.971171280343222,105.65306122448979,523.3469387755102
268,1,0,1,207.0,629.0,0,2,335097.0,99.05412203555343,9.972160195448968,111.18253968253968,517.8174603174604
268,1,0,1,207.0,629.0,0,3,8280.0,99.93498195188351,5.8831038860061575,174.0,455.0
268,1,0,1,207.0,629.0,1,1,304048.0,99.94506897003104,9.980582304173891,1166.3305921052631,-537.3305921052631
268,1,0,1,207.0,629.0,1,2,292557.0,99.9185182013234,9.981333793852908,1142.873920552677,-513.8739205526771
268,1,0,1,207.0,629.0,1,3,13380.0,85.65936314461162,9.8493851633911,1114.7692307692307,-485.7692307692308
268,1,1,6,168.0,702.0,1,1,7785.0,96.31819876517136,9.401411301988258,670.0,32.0
268,1,1,6,168.0,702.0,1,2,4152.0,89.41030165720305,9.788744845076405,816.375,-114.375
269,1,0,1,207.0,629.0,1,1,13271.0,96.36167812394098,9.816636808426418,616.8260869565217,12.173913043478262
269,1,0,1,207.0,629.0,1,2,8655.0,89.10661432558136,9.805199588445166,688.9333333333333,-59.93333333333333
269,1,0,1,207.0,629.0,1,3,577.0,83.65875773067305,7.071798363982311,770.0,-141.0
269,1,0,6,159.0,917.0,0,1,320593.0,98.7510003822385,9.903197805834656,129.6095238095238,787.3904761904762
269,1,0,6,159.0,917.0,0,2,269696.0,98.42559216741064,9.91987225479456,144.05555555555554,772.9444444444445
269,1,0,6,159.0,917.0,0,3,13157.0,57.04281066540019,8.554719408368094,227.25,689.75
269,1,0,6,159.0,917.0,1,1,363742.0,99.493001899572,9.994467815522496,1366.4881756756756,-449.4881756756757
269,1,0,6,159.0,917.0,1,2,371342.0,99.95525693883718,9.973714437944498,1313.0230263157894,-396.0230263157895
269,1,0,6,159.0,917.0,1,3,14506.0,96.92136386097762,9.993783848000811,1385.1739130434783,-468.17391304347825
270,1,0,6,159.0,917.0,1,1,1161.0,99.35698310862269,9.641870186345658,275.22222222222223,641.7777777777778
270,2,2,2,251.0,698.0,0,1,169279.0,96.17151243081406,9.954361322615778,98.21176470588236,599.7882352941176
270,2,2,2,251.0,698.0,0,2,159813.0,99.86325307375394,9.928727557399087,147.03896103896105,550.961038961039
270,2,2,2,251.0,698.0,0,3,5332.0,97.02761432077082,9.719710231090051,132.0,566.0
270,2,2,2,251.0,698.0,1,1,326107.0,99.73423359838876,9.998183878897,1707.8562300319488,-1009.8562300319488
270,2,2,2,251.0,698.0,1,2,341816.0,99.846309232766,9.972147272541294,1737.9262166405024,-1039.9262166405024
270,2,2,2,251.0,698.0,1,3,13887.0,94.41463288008076,9.540234980421427,1653.68,-955.68
271,2,2,2,251.0,698.0,0,1,23370.0,93.09927351051576,9.194188456144827,614.2666666666667,83.73333333333333
271,2,2,2,251.0,698.0,0,2,17138.0,97.49109167578132,8.518211941395217,728.4545454545455,-30.454545454545453
271,3,2,1,239.0,603.0,0,1,109256.0,96.9543619808029,9.476715684437728,102.3529411764706,500.6470588235294
271,3,2,1,239.0,603.0,0,2,244483.0,93.98110552595588,9.708076629560836,88.84375,514.15625
271,3,2,1,239.0,603.0,0,3,6966.0,99.51794023311736,8.219611967822871,152.0,451.0
271,3,2,1,239.0,603.0,1,1,374580.0,99.9877357738217,9.987323063481776,1540.2574404761904,-937.2574404761905
271,3,2,1,239.0,603.0,1,2,347929.0,99.90976736731912,9.96455872770021,1505.551724137931,-902.551724137931
271,3,2,1,239.0,603.0,1,3,14717.0,96.51860817249263,9.929375484036202,1654.6153846153845,-1051.6153846153845
272,2,0,0,442.0,753.0,0,1,241225.0,99.85185853994872,9.969321035327534,120.40229885057471,632.5977011494252
272,2,0,0,442.0,753.0,0,2,374830.0,99.55362532742564,9.957161767950367,120.78787878787878,632.2121212121212
272,2,0,0,442.0,753.0,0,3,8677.0,79.65992481096293,9.084306983777491,99.5,653.5
272,2,0,0,442.0,753.0,1,1,350897.0,99.98811972896428,9.999066975180227,944.6416938110749,-191.64169381107493
272,2,0,0,442.0,753.0,1,2,332209.0,99.97388521284452,9.97514193507354,979.1166077738516,-226.1166077738516
272,2,0,0,442.0,753.0,1,3,13082.0,99.74418790312264,8.877321623617618,996.0,-243.0
272,3,2,1,239.0,603.0,1,1,10621.0,99.34381434307883,9.91034698405132,411.05263157894734,191.94736842105263
272,3,2,1,239.0,603.0,1,2,8385.0,98.8813544086089,9.602901734653337,545.0666666666667,57.93333333333333
272,3,2,1,239.0,603.0,1,3,559.0,36.45349393534942,0.6515696983220054,610.0,-7.0
273,2,0,0,442.0,753.0,1,1,3536.0,97.3628693265246,9.98133798399709,266.84615384615387,486.15384615384613
273,2,0,0,442.0,753.0,1,2,2040.0,97.25606437968766,7.031245066755893,314.2,438.8
273,2,0,0,442.0,753.0,1,3,136.0,66.1064751942483,7.915493434228207,398.0,355.0
273,3,3,5,70.0,957.0,0,1,286179.0,98.67057633787182,9.98939310758926,118.13392857142857,838.8660714285714
273,3,3,5,70.0,957.0,0,2,229409.0,99.54231048980284,9.940448757645168,155.34408602150538,801.6559139784946
273,3,3,5,70.0,957.0,0,3,18033.0,96.9758455879252,8.209351919778886,140.0,817.0
273,3,3,5,70.0,957.0,1,1,310479.0,99.78296642106474,9.979517963584518,1437.7920962199312,-480.7920962199313
273,3,3,5,70.0,957.0,1,2,336304.0,99.91038874600196,9.995028068165231,1424.6595041322314,-467.6595041322314
273,3,3,5,70.0,957.0,1,3,11554.0,94.37753800372968,9.818552088847536,1526.4,-569.4
274,0,2,1,479.0,675.0,0,1,224688.0,99.98365005160738,9.908825615046627,183.15384615384616,491.84615384615387
274,0,2,1,479.0,675.0,0,2,211807.0,97.26631519477505,9.98384020604358,131.51282051282053,543.4871794871794
274,0,2,1,479.0,675.0,0,3,10571.0,69.31258504965969,9.816486093512482,212.0,463.0
274,0,2,1,479.0,675.0,1,1,386577.0,99.93413603481729,9.992912356488144,1612.8277511961724,-937.8277511961722
274,0,2,1,479.0,675.0,1,2,382194.0,99.94070675582584,9.99197918137248,1614.9711538461538,-939.9711538461538
274,0,2,1,479.0,675.0,1,3,13182.0,97.40205978953507,8.749302240773456,1794.7083333333333,-1119.7083333333333
274,3,3,5,70.0,957.0,0,1,30660.0,78.61927077939211,8.177571309261506,120.53333333333333,836.4666666666667
274,3,3,5,70.0,957.0,0,2,22484.0,96.9797869451866,9.99593369509173,281.6363636363636,675.3636363636364
275,0,2,1,479.0,675.0,1,1,9000.0,97.93666096047116,9.758240308825972,702.0666666666667,-27.066666666666666
275,0,2,1,479.0,675.0,1,2,6000.0,94.6794699237542,9.596990333192728,839.4,-164.4
275,2,0,6,102.0,752.0,0,1,271180.0,99.26379987227396,9.887482931144184,105.05050505050505,646.9494949494949
275,2,0,6,102.0,752.0,0,2,226633.0,99.24523521176386,9.745953945145487,106.31,645.69
275,2,0,6,102.0,752.0,0,3,5863.0,33.42460972825361,5.247533675708635,54.0,698.0
275,2,0,6,102.0,752.0,1,1,354721.0,99.75162486205215,9.956064758430564,1246.2854785478548,-494.2854785478548
275,2,0,6,102.0,752.0,1,2,369343.0,99.97580449813944,9.97231260355641,1278.849087893864,-526.8490878938641
275,2,0,6,102.0,752.0,1,3,14287.0,92.20665079926106,9.922212051188191,1283.076923076923,-531.0769230769231
276,1,0,9,183.0,895.0,0,1,260666.0,98.77084532097568,9.93139278048278,201.98,693.02
276,1,0,9,183.0,895.0,0,2,297753.0,99.55294958358569,9.995300492692497,135.04065040650406,759.959349593496
276,1,0,9,183.0,895.0,0,3,6926.0,86.88296839724438,5.643756440487955,220.66666666666666,674.3333333333334
276,1,0,9,183.0,895.0,1,1,352423.0,99.95557487111972,9.99060867185358,1547.3338842975206,-652.3338842975206
276,1,0,9,183.0,895.0,1,2,329924.0,99.75091641023606,9.988390681887786,1514.712802768166,-619.7128027681661
276,1,0,9,183.0,895.0,1,3,14531.0,98.30872028233856,9.607655585029294,1516.6,-621.6
276,2,0,6,102.0,752.0,1,1,12450.0,96.01651344460792,9.555116978882456,792.0666666666667,-40.06666666666667
276,2,0,6,102.0,752.0,1,2,11620.0,96.18176160310946,9.993164373394066,934.0714285714286,-182.07142857142858
277,0,2,3,227.0,804.0,0,1,346874.0,99.75299986974382,9.990822967917827,136.8581560283688,667.1418439716313
277,0,2,3,227.0,804.0,0,2,488252.0,99.92865003238065,9.98148618594036,96.19298245614036,707.8070175438596
277,0,2,3,227.0,804.0,0,3,18385.0,88.42102039244776,8.032893870929088,149.16666666666666,654.8333333333334
277,0,2,3,227.0,804.0,1,1,280267.0,99.99784999494524,9.989231605947136,1071.0143112701253,-267.01431127012523
277,0,2,3,227.0,804.0,1,2,257991.0,99.87027705308884,9.990918372935615,1050.573055028463,-246.573055028463
277,0,2,3,227.0,804.0,1,3,10578.0,95.13133654830833,8.935900058352185,939.5714285714286,-135.57142857142858
277,1,0,9,183.0,895.0,1,1,2260.0,93.98596659412564,8.524350584600992,835.95,59.05
277,1,0,9,183.0,895.0,1,2,1695.0,96.52969364023588,9.779977834677936,935.3333333333334,-40.333333333333336
277,1,0,9,183.0,895.0,1,3,113.0,79.45042885671202,2.9976200296610447,1027.0,-132.0
278,0,2,3,227.0,804.0,0,1,68940.0,95.12749927804192,9.629931479360504,791.6666666666666,12.333333333333334
278,0,2,3,227.0,804.0,0,2,41364.0,96.07538381746816,9.914851715347565,919.8888888888889,-115.88888888888889
278,1,0,7,218.0,514.0,0,1,235359.0,99.57030773792484,9.934855315395732,87.32954545454545,426.67045454545456
278,1,0,7,218.0,514.0,0,2,313601.0,99.5145032987059,9.913033306742038,84.3047619047619,429.6952380952381
278,1,0,7,218.0,514.0,0,3,8431.0,61.956100043304616,9.554075477147183,105.5,408.5
278,1,0,7,218.0,514.0,1,1,383497.0,99.85243297324462,9.97235646681827,826.8622366288492,-312.86223662884925
278,1,0,7,218.0,514.0,1,2,348793.0,99.98015034495842,9.996714700379778,789.3216666666667,-275.32166666666666
278,1,0,7,218.0,514.0,1,3,14492.0,92.24558487707334,9.468098244223585,865.8333333333334,-351.8333333333333
279,1,0,7,218.0,514.0,1,1,11850.0,94.4968826143634,9.327006662497734,149.06666666666666,364.93333333333334
279,1,0,7,218.0,514.0,1,2,7110.0,86.5556944371659,9.242981756209913,309.22222222222223,204.77777777777777
279,3,1,0,80.0,517.0,0,1,195192.0,99.47018567759936,9.943943428453094,74.42622950819673,442.57377049180326
279,3,1,0,80.0,517.0,0,2,202505.0,99.93921451277087,9.987321940037129,111.08450704225352,405.9154929577465
279,3,1,0,80.0,517.0,0,3,9767.0,52.511552394167815,8.395368819218797,128.0,389.0
279,3,1,0,80.0,517.0,1,1,377984.0,99.95353255732658,9.980596890151892,990.7136222910217,-473.7136222910217
279,3,1,0,80.0,517.0,1,2,368584.0,99.96947818621425,9.99886461404784,997.7630331753554,-480.7630331753555
279,3,1,0,80.0,517.0,1,3,14666.0,97.56240370743676,9.886880734340709,1008.28,-491.28
280,2,0,8,269.0,507.0,0,1,116329.0,98.56815425882192,9.902199359188506,105.63157894736842,401.36842105263156
280,2,0,8,269.0,507.0,0,2,96411.0,99.64773708395244,9.833689601968498,61.15217391304348,445.8478260869565
280,2,0,8,269.0,507.0,0,3,12347.0,98.69840979944668,8.97756789634142,90.0,417.0
280,2,0,8,269.0,507.0,1,1,344766.0,99.61365939300433,9.99932328380086,1579.5427286356821,-1072.5427286356821
280,2,0,8,269.0,507.0,1,2,352568.0,99.91617092932523,9.982060788292792,1587.0601503759399,-1080.0601503759399
280,2,0,8,269.0,507.0,1,3,13557.0,99.69547261723118,9.704827930653524,1635.375,-1128.375
280,3,1,0,80.0,517.0,1,1,8085.0,95.15126583017474,9.889963826747866,806.8,-289.8
280,3,1,0,80.0,517.0,1,2,1078.0,38.75026990307313,7.904757013382172,902.0,-385.0
281,1,3,0,171.0,606.0,0,1,93143.0,98.59936171605904,9.794528112030346,70.75,535.25
281,1,3,0,171.0,606.0,0,2,129090.0,99.63527420864888,9.993571166989732,117.24528301886792,488.75471698113205
281,1,3,0,171.0,606.0,0,3,2845.0,22.507725146119107,4.422766256529144,8.0,598.0
281,1,3,0,171.0,606.0,1,1,358890.0,99.88431772300844,9.99394739757491,1507.7876506024097,-901.7876506024096
281,1,3,0,171.0,606.0,1,2,333929.0,99.96763235785085,9.973940426280125,1557.2045454545455,-951.2045454545455
281,1,3,0,171.0,606.0,1,3,13983.0,99.04758030162732,9.796857548281054,1563.4444444444443,-957.4444444444445
281,2,0,8,269.0,507.0,1,1,7830.0,99.17123273559608,9.882556070576152,176.2,330.8
282,1,3,0,171.0,606.0,1,1,2678.0,98.79404518181111,9.32295576130627,653.1923076923077,-47.19230769230769
282,1,3,0,171.0,606.0,1,2,1545.0,92.7067237544796,9.356140722164012,677.2666666666667,-71.26666666666667
282,1,3,0,171.0,606.0,1,3,103.0,82.95926439212803,3.0142166632824976,773.0,-167.0
282,2,3,8,394.0,886.0,0,1,199056.0,99.40522096617605,9.985695063284693,104.14,781.86
282,2,3,8,394.0,886.0,0,2,149352.0,99.94696576740614,9.912579938573348,209.87179487179486,676.1282051282051
282,2,3,8,394.0,886.0,0,3,10740.0,97.76053353425476,5.8700332653547695,150.33333333333334,735.6666666666666
282,2,3,8,394.0,886.0,1,1,336340.0,99.95029059280476,9.99395525158271,2105.496894409938,-1219.4968944099378
282,2,3,8,394.0,886.0,1,2,337627.0,99.5088459744464,9.952609532170753,2164.5538694992415,-1278.5538694992413
282,2,3,8,394.0,886.0,1,3,12409.0,97.25210993339708,9.774617308474737,2094.0,-1208.0
283,0,2,4,65.0,788.0,0,1,209556.0,98.68037007704272,9.990059180536852,124.0,664.0
283,0,2,4,65.0,788.0,0,2,307703.0,99.6114048952041,9.935217038839196,143.4255319148936,644.5744680851063
283,0,2,4,65.0,788.0,0,3,5767.0,68.54168539138831,7.543180178829242,229.0,559.0
283,0,2,4,65.0,788.0,1,1,374337.0,99.9163025709612,9.982453225413533,1600.9937304075236,-812.9937304075235
283,0,2,4,65.0,788.0,1,2,353489.0,99.79942801076696,9.990565752937432,1598.3673805601318,-810.3673805601318
283,0,2,4,65.0,788.0,1,3,16162.0,98.83420488568837,9.239174743635472,1474.1923076923076,-686.1923076923077
283,2,3,8,394.0,886.0,1,1,12045.0,97.83797801909472,8.416498881317803,366.4,519.6
283,2,3,8,394.0,886.0,1,2,10439.0,96.0707043719089,8.825348796640624,513.9230769230769,372.0769230769231
284,0,2,4,65.0,788.0,1,1,11058.0,94.52968692981328,9.322464513971564,417.42105263157896,370.57894736842104
284,0,2,4,65.0,788.0,1,2,8730.0,95.71813232572936,9.08471574959717,556.9333333333333,231.06666666666666
284,0,2,4,65.0,788.0,1,3,582.0,41.15082635012521,8.894238194765432,645.0,143.0
284,2,2,7,293.0,973.0,0,1,350935.0,99.87944091539428,9.878449079067712,193.6193181818182,779.3806818181819
284,2,2,7,293.0,973.0,0,2,284848.0,99.44681241181776,9.990682755157977,202.66447368421052,770.3355263157895
284,2,2,7,293.0,973.0,0,3,8094.0,87.35619431559027,9.356503957062074,112.83333333333333,860.1666666666666
284,2,2,7,293.0,973.0,1,1,281234.0,99.99981835208008,9.99334736352904,1694.1102661596958,-721.1102661596958
284,2,2,7,293.0,973.0,1,2,286465.0,99.74126721340367,9.99679499351918,1707.820512820513,-734.8205128205128
284,2,2,7,293.0,973.0,1,3,11068.0,93.11802875054612,9.415187179449983,1738.6190476190477,-765.6190476190476
285,2,2,7,293.0,973.0,0,1,67054.0,97.32783040628809,8.954907002255428,342.5,630.5
285,2,2,7,293.0,973.0,0,2,38685.0,96.47591156354646,5.745778476468077,369.46666666666664,603.5333333333333
285,2,2,7,293.0,973.0,0,3,2579.0,69.45390911902734,0.3240937782659447,485.0,488.0
285,3,0,3,178.0,885.0,0,1,443331.0,99.83340930556702,9.998168788510508,147.69565217391303,737.304347826087
285,3,0,3,178.0,885.0,0,2,476394.0,99.9713753512252,9.99214584585539,170.26543209876544,714.7345679012345
285,3,0,3,178.0,885.0,0,3,16898.0,95.5891639040886,7.850179282632564,112.0,773.0
285,3,0,3,178.0,885.0,1,1,299807.0,99.97014713138738,9.969334853059252,1018.795497185741,-133.79549718574108
285,3,0,3,178.0,885.0,1,2,297100.0,99.57357236014694,9.993796649051252,1034.3432835820895,-149.34328358208955
285,3,0,3,178.0,885.0,1,3,10418.0,99.50220476104349,9.592403234602973,1022.2857142857143,-137.28571428571428
286,2,2,9,418.0,668.0,0,1,278110.0,99.90402366561582,9.989592657725172,94.75,573.25
286,2,2,9,418.0,668.0,0,2,258201.0,99.7477424267262,9.87627658898223,118.22988505747126,549.7701149425287
286,2,2,9,418.0,668.0,0,3,10222.0,69.78614753839068,7.0827027153085655,113.66666666666667,554.3333333333334
286,2,2,9,418.0,668.0,1,1,351077.0,99.89265707696016,9.993945639193637,1207.4864,-539.4864
286,2,2,9,418.0,668.0,1,2,334005.0,99.98579065045205,9.996697179699437,1215.4594155844156,-547.4594155844156
286,2,2,9,418.0,668.0,1,3,13967.0,99.41618124616456,9.829490043405375,1257.52,-589.52
286,3,0,3,178.0,885.0,1,1,12795.0,98.49337270160444,9.813502217311417,714.2666666666667,170.73333333333332
286,3,0,3,178.0,885.0,1,2,8530.0,88.02821438107239,9.92441916320134,856.4,28.6
287,2,2,9,418.0,668.0,1,1,1725.0,99.4173842736901,7.453054535011589,735.3333333333334,-67.33333333333333
287,2,2,9,418.0,668.0,1,2,1610.0,98.51857045142754,9.988799068318247,914.0714285714286,-246.07142857142858
287,2,3,4,312.0,819.0,0,1,356671.0,99.63990193907556,9.970266247270208,140.95049504950495,678.049504950495
287,2,3,4,312.0,819.0,0,2,211319.0,99.24375310080627,9.9820169396213,199.55384615384617,619.4461538461538
287,2,3,4,312.0,819.0,0,3,6262.0,64.46288717049077,3.865411156370663,171.5,647.5
287,2,3,4,312.0,819.0,1,1,375070.0,99.85376225192748,9.992506289694056,1452.1788079470198,-633.1788079470199
287,2,3,4,312.0,819.0,1,2,382841.0,99.86115215623826,9.990680676347871,1436.6640378548896,-617.6640378548896
287,2,3,4,312.0,819.0,1,3,14178.0,99.86212433626856,9.592591607745112,1449.1923076923076,-630.1923076923077
288,2,3,4,312.0,819.0,1,1,6201.0,98.3026792093366,9.185544052080864,499.77777777777777,319.22222222222223
288,3,3,9,99.0,702.0,0,1,199116.0,98.3936559329488,9.877861253362136,144.55696202531647,557.4430379746835
288,3,3,9,99.0,702.0,0,2,315817.0,99.21398871473944,9.75152776982172,97.16071428571429,604.8392857142857
288,3,3,9,99.0,702.0,0,3,8505.0,97.0361441164364,8.307121351917989,155.0,547.0
288,3,3,9,99.0,702.0,1,1,332383.0,99.63907781143182,9.98651129322141,918.0806962025316,-216.08069620253164
288,3,3,9,99.0,702.0,1,2,316754.0,99.98188174559384,9.99830261874308,957.9966722129784,-255.99667221297838
288,3,3,9,99.0,702.0,1,3,12556.0,95.99309668127404,9.97835080943991,905.7083333333334,-203.70833333333334
289,0,2,6,173.0,650.0,0,1,120157.0,92.87340263951572,9.921148054772075,63.22857142857143,586.7714285714286
289,0,2,6,173.0,650.0,0,2,177537.0,99.8633426653936,9.991694016568871,133.07272727272726,516.9272727272727
289,0,2,6,173.0,650.0,0,3,3929.0,52.25066240508211,8.14028999228012,18.0,632.0
289,0,2,6,173.0,650.0,1,1,364163.0,99.99856543991766,9.95390032322473,1661.0014925373134,-1011.0014925373134
289,0,2,6,173.0,650.0,1,2,349947.0,99.9996185115668,9.990552234422418,1642.1348837209302,-992.1348837209302
289,0,2,6,173.0,650.0,1,3,14768.0,99.93711717805505,9.77187826990334,1722.4444444444443,-1072.4444444444443
289,3,3,9,99.0,702.0,1,1,9135.0,80.51160113771387,9.15243483527179,556.0,146.0
289,3,3,9,99.0,702.0,1,2,7917.0,77.16350762214581,9.17883736678057,700.2307692307693,1.7692307692307692
290,0,2,6,173.0,650.0,1,1,3005.0,97.49521291894344,5.833639396109367,333.2,316.8
290,1,3,0,459.0,878.0,0,1,298733.0,99.54336099333906,9.954143554924324,120.40366972477064,757.5963302752293
290,1,3,0,459.0,878.0,0,2,319146.0,99.362699246891,9.845532623232792,169.13761467889907,708.8623853211009
290,1,3,0,459.0,878.0,0,3,1761.0,80.25690336810867,9.78879965602037,229.0,649.0
290,1,3,0,459.0,878.0,1,1,385968.0,99.96971914945074,9.98786839071922,1260.049504950495,-382.0495049504951
290,1,3,0,459.0,878.0,1,2,380222.0,99.97540729956587,9.999639079849876,1284.2814569536424,-406.28145695364236
290,1,3,0,459.0,878.0,1,3,18053.0,98.10115372850107,8.762391659044651,1168.2592592592594,-290.25925925925924
291,1,3,0,459.0,878.0,1,1,3885.0,98.98238842566867,9.679856430874665,432.1333333333333,445.8666666666667
291,1,3,0,459.0,878.0,1,2,3108.0,96.35632141189356,9.080973452722656,602.4166666666666,275.5833333333333
291,2,3,4,188.0,689.0,0,1,284301.0,99.76661130126207,9.94174955351871,132.8846153846154,556.1153846153846
291,2,3,4,188.0,689.0,0,2,377552.0,99.88634423052132,9.949077788786626,120.8581560283688,568.1418439716313
291,2,3,4,188.0,689.0,0,3,16469.0,88.8835677170024,8.298595482825004,179.57142857142858,509.42857142857144
291,2,3,4,188.0,689.0,1,1,345611.0,99.7845405327418,9.995605244406535,909.4792013311148,-220.4792013311148
291,2,3,4,188.0,689.0,1,2,318262.0,99.94730559756606,9.978211871253157,900.192513368984,-211.19251336898395
291,2,3,4,188.0,689.0,1,3,12383.0,97.63371799096196,9.860810713802469,921.1904761904761,-232.1904761904762
292,0,1,4,253.0,808.0,0,1,165588.0,98.91525894807351,9.989936347817787,145.04123711340208,662.9587628865979
292,0,1,4,253.0,808.0,0,2,127252.0,99.79512552215576,9.7528133602906,162.0,646.0
292,0,1,4,253.0,808.0,0,3,13851.0,80.2952205550591,8.834619965904226,110.0,698.0
292,0,1,4,253.0,808.0,1,1,332406.0,99.93019064962684,9.942901165927772,1977.838063439065,-1169.838063439065
292,0,1,4,253.0,808.0,1,2,337864.0,99.88584055071838,9.98148423090172,2002.0065573770491,-1194.0065573770491
292,0,1,4,253.0,808.0,1,3,11820.0,92.39930849906617,9.82805861215589,2254.190476190476,-1446.1904761904761
292,2,3,4,188.0,689.0,0,1,111216.0,98.66573152759726,9.484293809627657,775.0416666666666,-86.04166666666667
292,2,3,4,188.0,689.0,0,2,69510.0,98.71898243593832,8.72862502052681,801.5333333333333,-112.53333333333333
292,2,3,4,188.0,689.0,0,3,4634.0,52.499347391020365,7.1286020654053806,890.0,-201.0
293,0,1,4,253.0,808.0,1,1,12614.0,95.4759621139855,8.695425324975973,456.5882352941176,351.4117647058824
293,0,1,4,253.0,808.0,1,2,11130.0,98.31945910263768,9.297961901087152,581.7333333333333,226.26666666666668
293,0,1,4,253.0,808.0,1,3,742.0,72.99477318938503,1.2813471236381158,656.0,152.0
293,0,3,9,366.0,789.0,0,1,354868.0,99.30608529355248,9.956832453651693,157.26190476190476,631.7380952380952
293,0,3,9,366.0,789.0,0,2,420189.0,99.05916569243084,9.968606113833166,145.01459854014598,643.985401459854
293,0,3,9,366.0,789.0,0,3,13719.0,84.7191967699027,7.214462463042091,201.25,587.75
293,0,3,9,366.0,789.0,1,1,302595.0,99.88763563028787,9.986925492819854,949.4887348353553,-160.48873483535527
293,0,3,9,366.0,789.0,1,2,291391.0,99.91598298874264,9.961256586112944,964.3208556149733,-175.32085561497325
293,0,3,9,366.0,789.0,1,3,11884.0,95.04766808651458,9.006684015614983,996.695652173913,-207.69565217391303
294,0,1,3,327.0,854.0,0,1,398388.0,99.6411970182739,9.979699128133152,146.33587786259542,707.6641221374045
294,0,1,3,327.0,854.0,0,2,450966.0,99.70895312346074,9.997643452393651,170.5,683.5
294,0,1,3,327.0,854.0,0,3,11542.0,81.21622261959656,9.056928557789782,202.0,652.0
294,0,1,3,327.0,854.0,1,1,285885.0,99.94598309897788,9.968079843245649,913.8318584070796,-59.83185840707964
294,0,1,3,327.0,854.0,1,2,263339.0,99.9825406032445,9.964754368866512,923.2236363636364,-69.22363636363636
294,0,1,3,327.0,854.0,1,3,11336.0,97.15239848932993,8.881996623071938,1018.1363636363636,-164.13636363636363
294,0,3,9,366.0,789.0,1,1,16800.0,97.52652388455228,7.570605531705348,318.68,470.32
294,0,3,9,366.0,789.0,1,2,10080.0,98.28924607249822,9.72201933699816,351.6,437.4
294,0,3,9,366.0,789.0,1,3,672.0,87.4705297309142,0.0483460571081539,447.0,342.0
295,0,1,3,327.0,854.0,1,1,7485.0,99.75884402704077,9.046359224757364,269.6666666666667,584.3333333333334
295,0,1,3,327.0,854.0,1,2,3992.0,77.80702730862475,9.47287919528122,419.375,434.625
295,0,3,5,253.0,817.0,0,1,222210.0,99.30575339297076,9.941372500123776,153.0,664.0
295,0,3,5,253.0,817.0,0,2,250478.0,98.96736084293192,9.873890338450272,109.6986301369863,707.3013698630137
295,0,3,5,253.0,817.0,0,3,15029.0,97.8510907710717,9.901715319050014,156.4,660.6
295,0,3,5,253.0,817.0,1,1,363947.0,99.70925748418824,9.9724555235717,1407.0825396825396,-590.0825396825397
295,0,3,5,253.0,817.0,1,2,359102.0,99.64310547158418,9.982004157889154,1422.5205696202531,-605.5205696202531
295,0,3,5,253.0,817.0,1,3,13155.0,94.31505523725554,9.973724745630118,1434.9130434782608,-617.9130434782609
296,0,2,0,120.0,557.0,0,1,330246.0,99.52272550215078,9.92854980626155,98.01904761904763,458.9809523809524
296,0,2,0,120.0,557.0,0,2,180899.0,97.85437528063837,9.962576226226162,75.11940298507463,481.8805970149254
296,0,2,0,120.0,557.0,0,3,10364.0,99.73241411999028,9.310015194631251,87.0,470.0
296,0,2,0,120.0,557.0,1,1,321032.0,99.97676548118764,9.994729469964884,1005.6283333333333,-448.62833333333333
296,0,2,0,120.0,557.0,1,2,347895.0,99.99760572961304,9.97835042908598,1005.3620689655172,-448.36206896551727
296,0,2,0,120.0,557.0,1,3,11320.0,99.2494695455794,9.9078316216884,1029.4545454545455,-472.45454545454544
296,0,3,5,253.0,817.0,0,1,31410.0,97.21448448651827,9.559011211586188,329.2,487.8
296,0,3,5,253.0,817.0,0,2,16752.0,99.0602593859729,9.324053249178244,487.375,329.625
297,0,2,0,120.0,557.0,0,1,11460.0,91.8168011110478,9.19240427681815,388.26666666666665,168.73333333333332
297,0,2,0,120.0,557.0,0,2,10696.0,99.75047912023166,9.709791612148496,581.6428571428571,-24.642857142857142
297,2,0,2,307.0,692.0,0,1,82046.0,98.4204608823191,9.922450033006683,88.6,603.4
297,2,0,2,307.0,692.0,0,2,121178.0,98.97289236804195,9.901893816629611,111.81666666666666,580.1833333333333
297,2,0,2,307.0,692.0,0,3,7604.0,41.46270641242695,6.107904127422711,201.0,491.0
297,2,0,2,307.0,692.0,1,1,386720.0,99.82868307890077,9.99520845147438,1452.2368421052631,-760.2368421052631
297,2,0,2,307.0,692.0,1,2,370299.0,99.768850554824,9.968898557720417,1457.1377151799686,-765.1377151799687
297,2,0,2,307.0,692.0,1,3,15863.0,98.585575968012,9.876981905215809,1389.92,-697.92
298,1,0,4,180.0,747.0,0,1,131878.0,99.78047371858426,9.72985044278172,80.78,666.22
298,1,0,4,180.0,747.0,0,2,199803.0,99.86575006724246,9.958863144646228,85.24418604651163,661.7558139534884
298,1,0,4,180.0,747.0,0,3,5322.0,83.59725603485681,7.62348905058732,161.5,585.5
298,1,0,4,180.0,747.0,1,1,345440.0,99.94140931509934,9.996856707058036,1255.6885496183206,-508.6885496183206
298,1,0,4,180.0,747.0,1,2,329506.0,99.9485625688534,9.977054235838274,1338.9888,-591.9888
298,1,0,4,180.0,747.0,1,3,13274.0,93.64009086276954,9.999025949523082,1352.2692307692307,-605.2692307692307
298,2,0,2,307.0,692.0,1,1,10545.0,91.17290547967656,9.913599070612308,432.46666666666664,259.53333333333336
298,2,0,2,307.0,692.0,1,2,1406.0,78.77640417305162,8.937299198562297,526.5,165.5
299,1,0,4,180.0,747.0,1,1,7575.0,99.91141615828543,9.93359503984624,126.33333333333333,620.6666666666666
299,1,0,4,180.0,747.0,1,2,2525.0,66.17414632121427,7.741752736382108,264.2,482.8
299,2,0,0,204.0,716.0,0,1,223181.0,99.55131384930938,9.930945028988967,147.52325581395348,568.4767441860465
299,2,0,0,204.0,716.0,0,2,287531.0,99.65832538109704,9.984299917361144,116.13223140495867,599.8677685950413
299,2,0,0,204.0,716.0,0,3,8814.0,74.18552961358307,6.447531275895727,101.25,614.75
299,2,0,0,204.0,716.0,1,1,356255.0,99.796530880047,9.991029781970203,874.9483870967742,-158.94838709677418
299,2,0,0,204.0,716.0,1,2,336392.0,99.87086313369484,9.99241380869929,932.313458262351,-216.31345826235093
299,2,0,0,204.0,716.0,1,3,14182.0,97.20168478556062,9.257121784463395,849.75,-133.75
300,1,3,4,189.0,630.0,0,1,172772.0,99.25228285389056,9.884574608192526,104.6,525.4
300,1,3,4,189.0,630.0,0,2,254736.0,99.79295262239846,9.97647573629285,106.39795918367346,523.6020408163265
300,1,3,4,189.0,630.0,0,3,17539.0,97.48196357563064,9.921450907849415,97.0,533.0
300,1,3,4,189.0,630.0,1,1,338297.0,99.9481399487976,9.994142193986676,1131.2290322580645,-501.22903225806454
300,1,3,4,189.0,630.0,1,2,324382.0,99.91846664564002,9.995376468661002,1091.3062913907286,-461.30629139072846
300,1,3,4,189.0,630.0,1,3,10899.0,97.67416679359113,9.844106754536496,1245.3333333333333,-615.3333333333334
300,2,0,0,204.0,716.0,1,1,12870.0,93.27898395016886,9.933081149370176,641.0666666666667,74.93333333333334
300,2,0,0,204.0,716.0,1,2,9438.0,91.3276334608696,9.70740719305578,791.0,-75.0
301,1,3,4,189.0,630.0,0,1,30400.0,97.58323883372614,9.73952343109636,709.05,-79.05
301,1,3,4,189.0,630.0,0,2,22800.0,99.15091511452331,9.963475359278895,809.7333333333333,-179.73333333333332
301,1,3,4,189.0,630.0,0,3,1520.0,97.29159875326616,6.619190355583084,950.0,-320.0
301,1,3,8,219.0,958.0,0,1,446735.0,99.5405186788101,9.99103656801983,131.43814432989691,826.5618556701031
301,1,3,8,219.0,958.0,0,2,440338.0,99.89249903178776,9.82259874199755,137.40588235294118,820.5941176470589
301,1,3,8,219.0,958.0,0,3,21253.0,91.438041173024,8.838049396269387,151.7,806.3
301,1,3,8,219.0,958.0,1,1,317012.0,99.5851279887746,9.998236238505644,732.7376725838265,225.26232741617358
301,1,3,8,219.0,958.0,1,2,329610.0,99.52843767345294,9.99354802434818,747.4128787878788,210.58712121212122
301,1,3,8,219.0,958.0,1,3,11504.0,99.94962869641024,8.985869955635547,724.3529411764706,233.64705882352942
302,1,3,8,219.0,958.0,1,1,924.0,51.95492248400675,3.414147039362657,493.0,465.0
302,2,2,9,331.0,701.0,0,1,446207.0,99.72728933399029,9.997788196984947,115.9037037037037,585.0962962962963
302,2,2,9,331.0,701.0,0,2,368542.0,98.95478199949748,9.995403485224616,152.72072072072072,548.2792792792793
302,2,2,9,331.0,701.0,0,3,14867.0,89.91890436085791,6.376592056727626,49.5,651.5
302,2,2,9,331.0,701.0,1,1,324751.0,99.86850003129172,9.906149701819787,1013.3527397260274,-312.3527397260274
302,2,2,9,331.0,701.0,1,2,336567.0,99.97557780922013,9.996121965455,993.687707641196,-292.687707641196
302,2,2,9,331.0,701.0,1,3,14208.0,94.25677276477865,9.373119177976823,982.625,-281.625
303,2,2,9,331.0,701.0,1,1,9645.0,92.18381157084478,9.304591091048586,268.46666666666664,432.53333333333336
303,2,2,9,331.0,701.0,1,2,3215.0,93.0247157958401,9.6703339919466,383.2,317.8
303,3,1,0,156.0,505.0,0,1,202131.0,97.00859399810484,9.839708573353068,91.44927536231884,413.5507246376812
303,3,1,0,156.0,505.0,0,2,151830.0,98.70079805456449,9.890094367522552,79.01428571428572,425.98571428571427
303,3,1,0,156.0,505.0,0,3,1656.0,46.70911054464148,5.490269718272591,123.0,382.0
303,3,1,0,156.0,505.0,1,1,356169.0,99.88846547850504,9.997354870254416,1008.4709576138148,-503.47095761381473
303,3,1,0,156.0,505.0,1,2,367591.0,99.94343412703364,9.981264803177996,1014.98125,-509.98125
303,3,1,0,156.0,505.0,1,3,18192.0,97.80841314223842,9.744517393930868,886.4814814814815,-381.48148148148147
304,2,2,5,84.0,707.0,0,1,211885.0,99.18258457807818,9.925905881706782,104.97435897435898,602.025641025641
304,2,2,5,84.0,707.0,0,2,140080.0,99.14784986551868,9.921506919821756,97.2,609.8
304,2,2,5,84.0,707.0,1,1,380810.0,99.67773858631293,9.97511166987351,1642.7639553429028,-935.7639553429027
304,2,2,5,84.0,707.0,1,2,394531.0,99.74098921832989,9.984358393332368,1615.436641221374,-908.4366412213741
304,2,2,5,84.0,707.0,1,3,15988.0,99.22697791208748,9.952852207882158,1602.75,-895.75
304,3,1,0,156.0,505.0,1,1,4635.0,87.61867030569474,9.532117703741733,238.6,266.4
304,3,1,0,156.0,505.0,1,2,2472.0,97.00406903170462,9.760751950419271,371.75,133.25
305,0,1,5,142.0,803.0,0,1,182233.0,99.53948528222574,9.812823448227086,121.96,681.04
305,0,1,5,142.0,803.0,0,2,224113.0,99.71394653317134,9.947461818743848,126.9381443298969,676.0618556701031
305,0,1,5,142.0,803.0,0,3,8025.0,73.25875898411343,9.374174171455138,171.5,631.5
305,0,1,5,142.0,803.0,1,1,331724.0,99.97462262642968,9.980950206238584,1015.2172470978442,-212.2172470978441
305,0,1,5,142.0,803.0,1,2,338275.0,99.68088395533933,9.982827200693134,976.8768718801997,-173.87687188019967
305,0,1,5,142.0,803.0,1,3,12925.0,94.40291359721334,9.989456397656124,946.695652173913,-143.69565217391303
305,2,2,5,84.0,707.0,1,1,8532.0,97.5939784872418,9.899766555256228,328.72222222222223,378.27777777777777
305,2,2,5,84.0,707.0,1,2,7110.0,98.86294670724584,9.436166007859846,440.53333333333336,266.46666666666664
305,2,2,5,84.0,707.0,1,3,474.0,31.457013779217892,5.6448619598015615,504.0,203.0
306,0,1,5,142.0,803.0,1,1,6420.0,99.24059466387422,9.53621555115958,173.06666666666666,629.9333333333333
306,2,0,0,198.0,935.0,0,1,400637.0,99.65531899904798,9.989095121637106,148.45528455284554,786.5447154471544
306,2,0,0,198.0,935.0,0,2,307401.0,99.8878472802804,9.947784153035787,129.2095238095238,805.7904761904762
306,2,0,0,198.0,935.0,0,3,10175.0,90.59039276631113,8.73284008445225,147.75,787.25
306,2,0,0,198.0,935.0,1,1,318469.0,99.87934276299094,9.99862088334393,1538.627147766323,-603.627147766323
306,2,0,0,198.0,935.0,1,2,343263.0,99.59229995833664,9.9989348485828,1550.5526315789473,-615.5526315789474
306,2,0,0,198.0,935.0,1,3,13566.0,99.2658603849269,9.820759751588565,1663.0416666666667,-728.0416666666666
307,2,0,0,198.0,935.0,1,1,5145.0,98.40983616776764,9.982041754193856,570.2,364.8
307,2,0,0,198.0,935.0,1,2,5145.0,96.30069182715418,9.912120927417396,738.2,196.8
307,2,0,2,229.0,795.0,0,1,118639.0,99.93956331604927,9.892843769519343,108.921875,686.078125
307,2,0,2,229.0,795.0,0,2,49424.0,99.56477894964549,9.872839442596309,71.8,723.2
307,2,0,2,229.0,795.0,0,3,3267.0,49.56065049970404,9.49770665509101,98.5,696.5
307,2,0,2,229.0,795.0,1,1,330749.0,99.66061030527194,9.998666175025264,1891.204368174727,-1096.204368174727
307,2,0,2,229.0,795.0,1,2,350694.0,99.98868081574908,9.976769337121777,1876.2021276595744,-1081.2021276595744
307,2,0,2,229.0,795.0,1,3,14451.0,96.44511147232922,9.933880732828229,1978.2692307692307,-1183.2692307692307
308,1,1,0,235.0,949.0,0,1,528816.0,99.777510384804,9.950021059558347,162.78787878787878,786.2121212121212
308,1,1,0,235.0,949.0,0,2,448164.0,99.61986291416564,9.851066196787976,170.84722222222223,778.1527777777778
308,1,1,0,235.0,949.0,0,3,24935.0,73.138447611685,9.785370303480866,170.0,779.0
308,1,1,0,235.0,949.0,1,1,327402.0,99.69442457228637,9.991573293268893,1026.2983114446529,-77.29831144465291
308,1,1,0,235.0,949.0,1,2,342361.0,99.98007807866,9.990176660501096,1024.8772563176894,-75.87725631768953
308,1,1,0,235.0,949.0,1,3,12052.0,96.13398384707465,9.56034443595184,1033.421052631579,-84.42105263157895
308,2,0,2,229.0,795.0,1,1,3960.0,99.33842931154544,9.876734400139895,603.2272727272727,191.77272727272728
308,2,0,2,229.0,795.0,1,2,2700.0,97.58101583915048,9.641868713937315,684.0666666666667,110.93333333333334
308,2,0,2,229.0,795.0,1,3,180.0,92.9166874708578,7.991707855025299,791.0,4.0
309,0,2,6,269.0,620.0,0,1,442799.0,99.34941464774072,9.96528353184875,125.47402597402598,494.52597402597405
309,0,2,6,269.0,620.0,0,2,339482.0,99.60535411092,9.632157619931109,101.26050420168067,518.7394957983194
309,0,2,6,269.0,620.0,0,3,10310.0,85.60265943729786,8.67982122251064,65.0,555.0
309,0,2,6,269.0,620.0,1,1,293474.0,99.63519499896478,9.9805546668934,991.622504537205,-371.6225045372051
309,0,2,6,269.0,620.0,1,2,323874.0,99.99675918498188,9.997958226839994,940.1529411764706,-320.15294117647056
309,0,2,6,269.0,620.0,1,3,12418.0,98.0544855565246,9.484928400726009,1002.125,-382.125
309,1,1,0,235.0,949.0,1,1,12630.0,92.90001764977303,9.234598222848456,369.2,579.8
309,1,1,0,235.0,949.0,1,2,842.0,85.10311751331315,7.433277801858152,485.0,464.0
310,0,0,9,398.0,632.0,0,1,148770.0,99.39112012517596,9.950236830489098,110.67469879518072,521.3253012048193
310,0,0,9,398.0,632.0,0,2,140476.0,94.40776247457624,9.940032525448723,111.75925925925925,520.2407407407408
310,0,0,9,398.0,632.0,0,3,2270.0,66.12703790600168,7.139335106636333,65.0,567.0
310,0,0,9,398.0,632.0,1,1,342358.0,99.81704806113116,9.994248942020189,1204.577849117175,-572.577849117175
310,0,0,9,398.0,632.0,1,2,375645.0,99.756123901337,9.97105498603142,1149.601226993865,-517.601226993865
310,0,0,9,398.0,632.0,1,3,15657.0,98.20962826396736,9.585525176503651,1171.1153846153845,-539.1153846153846
310,0,2,6,269.0,620.0,1,1,9300.0,97.01624023164354,7.135537773934372,585.2,34.8
310,0,2,6,269.0,620.0,1,2,4960.0,84.46155612745984,9.947031523784728,724.125,-104.125
311,0,0,9,398.0,632.0,0,1,16110.0,98.68623507648758,6.161706105467884,705.1333333333333,-73.13333333333334
311,0,0,9,398.0,632.0,0,2,10740.0,97.94082754782008,9.980091666196197,847.9,-215.9
311,0,2,0,326.0,750.0,0,1,318154.0,99.97310521091448,9.796935973996248,127.90350877192982,622.0964912280701
311,0,2,0,326.0,750.0,0,2,272177.0,99.3713359605806,9.670009038786215,132.6421052631579,617.3578947368421
311,0,2,0,326.0,750.0,0,3,16555.0,61.00905499871494,8.357286571419378,64.75,685.25
311,0,2,0,326.0,750.0,1,1,336218.0,99.98766040313686,9.993687729461511,1552.5566835871405,-802.5566835871405
311,0,2,0,326.0,750.0,1,2,340656.0,99.91317850055336,9.98033549544206,1596.577302631579,-846.577302631579
311,0,2,0,326.0,750.0,1,3,12792.0,94.99562400849896,9.572064777424009,1551.6666666666667,-801.6666666666666
312,0,2,0,326.0,750.0,1,1,3672.0,97.50775625980438,9.410255495637006,609.9583333333334,140.04166666666666
312,0,2,0,326.0,750.0,1,2,2295.0,93.7100587190694,8.7493268896485,667.2,82.8
312,0,2,0,326.0,750.0,1,3,153.0,59.042442632502265,7.168484904797254,733.0,17.0
312,1,0,3,486.0,834.0,0,1,436803.0,99.78520602581352,9.90812117008935,147.33986928104576,686.6601307189543
312,1,0,3,486.0,834.0,0,2,347211.0,99.90502013853512,9.84251067745057,153.62295081967213,680.3770491803278
312,1,0,3,486.0,834.0,0,3,15582.0,90.38706895615664,6.200391849612801,96.0,738.0
312,1,0,3,486.0,834.0,1,1,340994.0,99.69114376837156,9.99251780512283,1821.4106813996316,-987.4106813996317
312,1,0,3,486.0,834.0,1,2,365269.0,99.97961493187154,9.991408178924768,1778.6145833333333,-944.6145833333334
312,1,0,3,486.0,834.0,1,3,13876.0,92.7160334960322,9.853128649043107,1936.2857142857142,-1102.2857142857142
313,1,0,3,486.0,834.0,1,1,4545.0,93.99657118857785,9.551694739492776,677.2,156.8
313,1,0,3,486.0,834.0,1,2,3636.0,97.7555469540679,9.686283416195367,805.5,28.5
313,3,3,8,216.0,616.0,0,1,353149.0,99.48344684530628,9.980008868355062,84.89393939393939,531.1060606060606
313,3,3,8,216.0,616.0,0,2,200561.0,99.61194316354243,9.88536407241016,106.67164179104478,509.32835820895525
313,3,3,8,216.0,616.0,0,3,11138.0,94.25105259310872,9.01986738811445,51.8,564.2
313,3,3,8,216.0,616.0,1,1,323820.0,99.93568884033752,9.98322622198963,1563.7853403141362,-947.7853403141361
313,3,3,8,216.0,616.0,1,2,345139.0,99.84691595980269,9.998435491703564,1488.7732283464568,-872.7732283464567
313,3,3,8,216.0,616.0,1,3,12489.0,98.46886847511568,9.832019938401254,1590.0869565217392,-974.0869565217391
314,3,3,2,373.0,962.0,0,1,164360.0,98.66912480634028,9.874441119995025,97.38983050847457,864.6101694915254
314,3,3,2,373.0,962.0,0,2,180099.0,96.4412690536002,9.96396679266756,158.43396226415095,803.566037735849
314,3,3,2,373.0,962.0,0,3,7072.0,60.15530870713543,9.199604581657002,75.0,887.0
314,3,3,2,373.0,962.0,1,1,315526.0,99.95386061617592,9.991687495237924,2120.9984326018807,-1158.998432601881
314,3,3,2,373.0,962.0,1,2,333890.0,99.8128622442769,9.983860141594386,2132.9937984496123,-1170.9937984496123
314,3,3,2,373.0,962.0,1,3,12116.0,99.40141274947896,9.902498403157846,2171.52,-1209.52
314,3,3,8,216.0,616.0,1,1,19090.0,99.52249281787812,9.414665918263358,797.6521739130435,-181.65217391304347
314,3,3,8,216.0,616.0,1,2,12450.0,93.00959646697288,8.886627380740054,854.3333333333334,-238.33333333333334
314,3,3,8,216.0,616.0,1,3,830.0,28.21101543535481,5.296464555110747,955.0,-339.0
315,0,3,2,379.0,579.0,0,1,201132.0,99.07070809047612,9.922048737955103,100.48235294117647,478.5176470588235
315,0,3,2,379.0,579.0,0,2,162657.0,99.58967799285664,9.786031538529134,80.09210526315789,498.9078947368421
315,0,3,2,379.0,579.0,0,3,6360.0,86.473983243462,6.073001002367676,47.333333333333336,531.6666666666666
315,0,3,2,379.0,579.0,1,1,400139.0,99.90044651544162,9.989296607149432,912.8228663446055,-333.8228663446055
315,0,3,2,379.0,579.0,1,2,405464.0,99.99588068845196,9.987707751613922,954.0126182965299,-375.01261829653
315,0,3,2,379.0,579.0,1,3,17699.0,98.45662534590213,9.5878469773336,999.08,-420.08
315,3,3,2,373.0,962.0,1,1,10620.0,99.37666522521069,8.716162396560382,394.93333333333334,567.0666666666667
315,3,3,2,373.0,962.0,1,2,2832.0,74.05954187702183,5.850857397701931,495.75,466.25
316,0,3,2,379.0,579.0,1,1,7185.0,93.45021723375244,9.99734121261434,112.13333333333334,466.8666666666667
316,0,3,2,379.0,579.0,1,2,7185.0,96.30878201090962,9.876198193638691,274.6666666666667,304.3333333333333
316,3,2,4,140.0,879.0,0,1,99214.0,98.84930075068904,9.913610811256904,159.23809523809524,719.7619047619048
316,3,2,4,140.0,879.0,0,2,137982.0,98.76304035007904,9.993453242113262,95.04938271604938,783.9506172839506
316,3,2,4,140.0,879.0,0,3,7936.0,90.229441530782,9.653682340846473,99.8,779.2
316,3,2,4,140.0,879.0,1,1,362626.0,99.56788359060448,9.963761751217968,1553.0778816199377,-674.0778816199377
316,3,2,4,140.0,879.0,1,2,344368.0,99.85862669014293,9.990993721133126,1591.6391585760518,-712.6391585760517
316,3,2,4,140.0,879.0,1,3,13222.0,99.3369637138254,9.982220907150165,1686.8260869565217,-807.8260869565217
317,2,2,2,134.0,732.0,0,1,285290.0,98.416057328661,9.966740389298357,132.75,599.25
317,2,2,2,134.0,732.0,0,2,308016.0,96.72150823988687,9.901445838391332,121.74166666666666,610.2583333333333
317,2,2,2,134.0,732.0,0,3,7267.0,72.37491426597975,5.408775984504432,166.75,565.25
317,2,2,2,134.0,732.0,1,1,375535.0,99.92128763831552,9.958489102091606,793.1247947454845,-61.1247947454844
317,2,2,2,134.0,732.0,1,2,362575.0,99.96301908477932,9.998769747737349,785.8650927487353,-53.86509274873524
317,2,2,2,134.0,732.0,1,3,14719.0,99.64438577065582,9.580127174531466,809.5833333333334,-77.58333333333333
317,3,2,4,140.0,879.0,1,1,6027.0,99.7734936183658,9.107468143383846,333.7142857142857,545.2857142857143
318,2,2,2,134.0,732.0,1,1,6336.0,93.7364532788386,8.70127329980663,188.27777777777777,543.7222222222222
318,2,2,2,134.0,732.0,1,2,5280.0,98.58560587740288,9.584816190552894,306.8666666666667,425.1333333333333
318,2,2,2,134.0,732.0,1,3,352.0,69.40675906817108,8.576809149846248,412.0,320.0
318,3,1,7,477.0,696.0,0,1,359341.0,99.79700565369804,9.81671187695764,97.19827586206897,598.801724137931
318,3,1,7,477.0,696.0,0,2,331892.0,99.5937954270692,9.88856388784904,122.39423076923077,573.6057692307693
318,3,1,7,477.0,696.0,0,3,4149.0,62.09568246043453,6.1118773984246735,221.0,475.0
318,3,1,7,477.0,696.0,1,1,355603.0,99.35258465495126,9.998972327329286,1161.1621160409557,-465.16211604095565
318,3,1,7,477.0,696.0,1,2,352989.0,99.99030254810066,9.906871752586383,1107.8501683501684,-411.85016835016836
318,3,1,7,477.0,696.0,1,3,14355.0,99.73615320698411,9.861959283236375,960.88,-264.88
319,1,0,6,160.0,888.0,0,1,47669.0,97.09893483904904,9.98808756615183,111.125,776.875
319,1,0,6,160.0,888.0,0,2,67195.0,98.24901362973591,9.93171057770792,126.625,761.375
319,1,0,6,160.0,888.0,0,3,5145.0,91.4425176161294,6.767530073665736,66.66666666666667,821.3333333333334
319,1,0,6,160.0,888.0,1,1,388877.0,99.908948465015,9.986278460376305,1570.1723625557206,-682.1723625557206
319,1,0,6,160.0,888.0,1,2,374030.0,99.8244753782396,9.98351579794679,1652.0623052959502,-764.0623052959502
319,1,0,6,160.0,888.0,1,3,12145.0,94.02658386628462,8.905884410725108,1590.625,-702.625
319,3,1,7,477.0,696.0,1,1,8370.0,98.33166104365024,9.710863238433626,686.8666666666667,9.133333333333333
319,3,1,7,477.0,696.0,1,2,8370.0,99.3274064403912,9.835395703338891,853.4,-157.4
319,3,1,7,477.0,696.0,1,3,558.0,34.65837212313755,8.042214321842673,946.0,-250.0
320,1,0,6,160.0,888.0,0,1,51480.0,92.3208538831028,8.00760249271509,220.06666666666666,667.9333333333333
320,1,0,6,160.0,888.0,0,2,48048.0,99.89091634773386,9.070513853559875,381.5,506.5
320,2,2,1,454.0,968.0,0,1,242963.0,98.29307122572295,9.967718204142948,153.33333333333334,814.6666666666666
320,2,2,1,454.0,968.0,0,2,248007.0,98.97685790745368,9.98873330986968,202.83333333333334,765.1666666666666
320,2,2,1,454.0,968.0,0,3,8812.0,98.02157338646894,9.715638690352971,118.66666666666667,849.3333333333334
320,2,2,1,454.0,968.0,1,1,344035.0,99.97748047922012,9.98176826231424,1662.5533661740558,-694.5533661740558
320,2,2,1,454.0,968.0,1,2,341277.0,99.86765216814108,9.995574196590963,1651.087027914614,-683.0870279146142
320,2,2,1,454.0,968.0,1,3,13918.0,98.9191008720998,9.693441805515713,1720.4,-752.4
321,1,0,2,120.0,777.0,0,1,327337.0,98.75243122525018,9.68417729318909,89.61607142857143,687.3839285714286
321,1,0,2,120.0,777.0,0,2,280601.0,99.91705806826282,9.922986902106638,121.46017699115045,655.5398230088496
321,1,0,2,120.0,777.0,0,3,5896.0,76.35364073545125,8.366563607318282,133.0,644.0
321,1,0,2,120.0,777.0,1,1,301849.0,99.91962917219873,9.976993057148508,1126.6897133220912,-349.68971332209105
321,1,0,2,120.0,777.0,1,2,294809.0,99.79334786595128,9.93567980595992,1149.1805792163543,-372.1805792163543
321,1,0,2,120.0,777.0,1,3,14194.0,97.53028743831672,9.582465540515294,1100.36,-323.36
321,2,2,1,454.0,968.0,1,1,1815.0,86.38244290059254,9.70825278071214,630.7333333333333,337.26666666666665
321,2,2,1,454.0,968.0,1,2,1573.0,91.54940265861885,9.74201535095852,797.9230769230769,170.07692307692307
322,1,0,2,120.0,777.0,0,1,6660.0,99.4641758945029,9.62230122931151,250.83333333333334,526.1666666666666
322,2,1,9,206.0,927.0,0,1,410268.0,98.41966981008676,9.967169466805696,179.17391304347825,747.8260869565217
322,2,1,9,206.0,927.0,0,2,514269.0,99.85201835695256,9.977990696838932,164.63186813186815,762.3681318681319
322,2,1,9,206.0,927.0,0,3,24165.0,90.1743202909736,8.183444110464196,188.11111111111111,738.8888888888889
322,2,1,9,206.0,927.0,1,1,305019.0,99.66458714708236,9.923085694563635,881.7020109689214,45.29798903107861
322,2,1,9,206.0,927.0,1,2,303324.0,99.8273578013617,9.975488765333145,901.3860640301318,25.613935969868173
322,2,1,9,206.0,927.0,1,3,10584.0,94.7850911664631,9.848785129249908,850.2105263157895,76.78947368421052
323,0,2,4,457.0,770.0,0,1,297213.0,98.00125484007474,9.924723090530426,128.07142857142858,641.9285714285714
323,0,2,4,457.0,770.0,0,2,179715.0,96.31098193058656,9.678083052145276,109.65432098765432,660.3456790123457
323,0,2,4,457.0,770.0,0,3,11696.0,89.83396470262772,8.642267079098012,106.8,663.2
323,0,2,4,457.0,770.0,1,1,336180.0,99.9770501301652,9.988995625446698,1098.3908629441623,-328.39086294416245
323,0,2,4,457.0,770.0,1,2,352130.0,99.85995671469558,9.999380411691302,1099.7941653160453,-329.7941653160454
323,0,2,4,457.0,770.0,1,3,13849.0,95.65184744953864,9.963554843611783,1141.7272727272727,-371.72727272727275
323,2,1,9,206.0,927.0,1,1,10659.0,97.16665345056916,9.525366772507455,276.29411764705884,650.7058823529412
323,2,1,9,206.0,927.0,1,2,9405.0,96.06844491505316,9.976458691113075,441.93333333333334,485.06666666666666
323,2,1,9,206.0,927.0,1,3,627.0,40.15985119890139,0.3802982909762886,545.0,382.0
324,0,2,4,457.0,770.0,1,1,13170.0,93.44616111943418,9.378112291574222,558.2666666666667,211.73333333333332
324,0,2,4,457.0,770.0,1,2,12292.0,99.70698440741148,9.066769396622028,757.7857142857143,12.214285714285714
324,0,3,8,126.0,640.0,0,1,220636.0,99.35251454300744,9.9595436663921,80.57303370786516,559.4269662921348
324,0,3,8,126.0,640.0,0,2,388082.0,99.85063878738688,9.985344808746948,111.3112582781457,528.6887417218543
324,0,3,8,126.0,640.0,0,3,8708.0,99.75752464206104,7.671765965044271,84.5,555.5
324,0,3,8,126.0,640.0,1,1,313245.0,99.92957369765584,9.954328176103878,901.8733766233767,-261.8733766233766
324,0,3,8,126.0,640.0,1,2,268363.0,99.65172431892049,9.986115240535476,973.8448905109489,-333.8448905109489
324,0,3,8,126.0,640.0,1,3,13477.0,98.49620436913725,9.927184440620051,851.0,-211.0
325,0,2,5,365.0,930.0,0,1,279289.0,99.81015620612376,9.892233735312136,142.56692913385828,787.4330708661417
325,0,2,5,365.0,930.0,0,2,279281.0,99.32320504514414,9.88422605816187,145.25806451612902,784.741935483871
325,0,2,5,365.0,930.0,0,3,9915.0,98.57291236919534,6.435260734661278,137.4,792.6
325,0,2,5,365.0,930.0,1,1,306280.0,99.8167816075823,9.992920763476974,1451.9234782608696,-521.9234782608696
325,0,2,5,365.0,930.0,1,2,304321.0,99.86986505431518,9.992888389449252,1388.081881533101,-458.08188153310107
325,0,2,5,365.0,930.0,1,3,11654.0,97.76899668997646,9.851446193727911,1402.3181818181818,-472.3181818181818
325,0,3,8,126.0,640.0,1,1,9990.0,94.08761294212306,9.21099677006254,481.72222222222223,158.27777777777777
325,0,3,8,126.0,640.0,1,2,8325.0,87.73492861373306,9.17826444369007,627.8666666666667,12.133333333333333
325,0,3,8,126.0,640.0,1,3,555.0,65.70614487027554,4.85180061712919,699.0,-59.0
326,0,2,5,365.0,930.0,0,1,26355.0,94.61437309775052,9.921019759661077,433.0,497.0
326,0,2,5,365.0,930.0,0,2,14056.0,86.60476684131882,9.340080610158113,573.125,356.875
326,2,1,0,467.0,571.0,0,1,280150.0,99.3708161301499,9.92111974810286,91.26530612244898,479.734693877551
326,2,1,0,467.0,571.0,0,2,251017.0,98.1283258814294,9.972584632719585,93.50588235294117,477.49411764705883
326,2,1,0,467.0,571.0,0,3,7941.0,97.09817938243827,4.366212155159969,65.0,506.0
326,2,1,0,467.0,571.0,1,1,323834.0,99.8822566830773,9.976802407815985,1843.838550247117,-1272.838550247117
326,2,1,0,467.0,571.0,1,2,332399.0,99.91526686349906,9.995559198672776,1808.5387096774193,-1237.5387096774193
326,2,1,0,467.0,571.0,1,3,13980.0,97.85072405525214,9.967694124643709,1763.84,-1192.84
327,2,0,7,208.0,771.0,0,1,426623.0,99.79570805343728,9.96620093770732,93.67132867132867,677.3286713286714
327,2,0,7,208.0,771.0,0,2,405891.0,99.45550958385712,9.988867316548236,125.12765957446808,645.8723404255319
327,2,0,7,208.0,771.0,0,3,23636.0,82.65751723686748,9.7935184312852,112.875,658.125
327,2,0,7,208.0,771.0,1,1,315009.0,99.899179124995,9.980474247045509,970.4929078014185,-199.49290780141843
327,2,0,7,208.0,771.0,1,2,303986.0,99.84475625356517,9.980679971911364,982.4353146853147,-211.4353146853147
327,2,0,7,208.0,771.0,1,3,12211.0,98.80586467306792,9.332026548370226,952.9,-181.9
327,2,1,0,467.0,571.0,1,1,13440.0,86.75604418428148,9.584908864488924,258.85714285714283,312.14285714285717
328,1,0,1,337.0,668.0,0,1,241764.0,96.21467775689204,9.940895956338572,138.50602409638554,529.4939759036145
328,1,0,1,337.0,668.0,0,2,177682.0,97.59832007562298,9.970111613225017,109.81967213114754,558.1803278688525
328,1,0,1,337.0,668.0,0,3,8502.0,76.41963172893443,9.646223484723082,49.666666666666664,618.3333333333334
328,1,0,1,337.0,668.0,1,1,320565.0,99.9633937719534,9.99373775793907,1309.171749598716,-641.1717495987159
328,1,0,1,337.0,668.0,1,2,317881.0,99.9676080821879,9.996565236163836,1287.5023474178404,-619.5023474178404
328,1,0,1,337.0,668.0,1,3,11749.0,95.57484529071247,9.946524743319625,1199.16,-531.16
328,2,0,7,208.0,771.0,0,1,40410.0,95.11418738657204,7.983727967509732,658.7333333333333,112.26666666666667
328,2,0,7,208.0,771.0,0,2,37716.0,97.89249609565528,9.173122528482612,820.0714285714286,-49.07142857142857
329,1,0,1,337.0,668.0,0,1,10856.0,99.90593699678,8.824060196535143,39.75,628.25
329,1,3,4,55.0,988.0,0,1,465691.0,99.818671092768,9.933755545121608,170.15189873417722,817.8481012658228
329,1,3,4,55.0,988.0,0,2,423466.0,99.9944088620935,9.99203639536183,154.46206896551723,833.5379310344828
329,1,3,4,55.0,988.0,0,3,14994.0,92.9759508804648,5.768517978957236,205.2,782.8
329,1,3,4,55.0,988.0,1,1,315336.0,99.9835598210353,9.95576621508269,1439.8136200716847,-451.81362007168457
329,1,3,4,55.0,988.0,1,2,311374.0,99.97386181628544,9.980904012975971,1417.7570422535211,-429.75704225352115
329,1,3,4,55.0,988.0,1,3,13315.0,87.79429398948807,9.473489896999114,1350.0434782608695,-362.04347826086956
330,1,1,3,82.0,836.0,0,1,319916.0,98.8055025313842,9.92984345025543,128.99065420560748,707.0093457943925
330,1,1,3,82.0,836.0,0,2,290724.0,99.43075122273576,9.90641007393073,201.0,635.0
330,1,1,3,82.0,836.0,0,3,9021.0,91.19421099735534,4.93049881872159,114.33333333333333,721.6666666666666
330,1,1,3,82.0,836.0,1,1,299812.0,99.99989484239384,9.962667601699598,1355.979933110368,-519.9799331103679
330,1,1,3,82.0,836.0,1,2,300695.0,99.9183644280827,9.992246655720582,1416.2059308072487,-580.2059308072488
330,1,1,3,82.0,836.0,1,3,13073.0,99.38312909037168,9.884456484286806,1381.6,-545.6
330,1,3,4,55.0,988.0,1,1,12225.0,95.97221322964116,8.212148565572262,700.7333333333333,287.26666666666665
330,1,3,4,55.0,988.0,1,2,9780.0,90.95807493910684,9.668964557936938,844.0,144.0
331,1,1,3,82.0,836.0,1,1,5685.0,95.24192558998313,9.495218204603423,677.9333333333333,158.06666666666666
331,1,1,3,82.0,836.0,1,2,3790.0,87.42769506564406,9.433911276426816,828.9,7.1
331,2,1,3,488.0,720.0,0,1,466574.0,99.8612961345131,9.96479758333745,154.31952662721895,565.6804733727811
331,2,1,3,488.0,720.0,0,2,235083.0,99.64796878520212,9.710011624104665,106.33333333333333,613.6666666666666
331,2,1,3,488.0,720.0,0,3,5114.0,43.044333626892765,8.013403709644466,114.5,605.5
331,2,1,3,488.0,720.0,1,1,281197.0,99.85640623497171,9.93256628695517,1620.639405204461,-900.639405204461
331,2,1,3,488.0,720.0,1,2,325377.0,99.96184876314032,9.984288587260629,1485.505709624796,-765.505709624796
331,2,1,3,488.0,720.0,1,3,14008.0,96.96673307456612,9.509180824501156,1422.7692307692307,-702.7692307692307
332,0,1,1,258.0,692.0,0,1,149148.0,99.60869124041712,9.82547175341922,137.3111111111111,554.6888888888889
332,0,1,1,258.0,692.0,0,2,200701.0,99.95787351548316,9.980608484238283,131.8684210526316,560.1315789473684
332,0,1,1,258.0,692.0,0,3,5407.0,70.35045785878296,5.913052390119539,103.5,588.5
332,0,1,1,258.0,692.0,1,1,312278.0,99.83412120808008,9.99882610609228,1490.9968102073365,-798.9968102073366
332,0,1,1,258.0,692.0,1,2,313661.0,99.94221337809417,9.957384392359902,1510.9382303839732,-818.9382303839733
332,0,1,1,258.0,692.0,1,3,13040.0,87.43093354141767,9.083351460019705,1446.6666666666667,-754.6666666666666
332,2,1,3,488.0,720.0,1,1,1677.0,95.29659225020416,7.454024449017679,652.6666666666666,67.33333333333333
333,0,1,1,258.0,692.0,1,1,22325.0,98.40727815737422,9.44983395155273,580.8,111.2
333,0,1,1,258.0,692.0,1,2,13395.0,98.817646262926,8.413792933974122,627.4666666666667,64.53333333333333
333,0,1,1,258.0,692.0,1,3,893.0,57.190269778018646,9.494483478572691,713.0,-21.0
333,1,3,5,64.0,936.0,0,1,524437.0,99.734737636846,9.935924368992715,158.30107526881721,777.6989247311828
333,1,3,5,64.0,936.0,0,2,490022.0,99.10677735045628,9.998699907467156,157.04242424242423,778.9575757575758
333,1,3,5,64.0,936.0,0,3,13490.0,83.7722729659418,8.994605719100942,157.33333333333334,778.6666666666666
333,1,3,5,64.0,936.0,1,1,288207.0,99.954693937561,9.995292091093113,991.1159135559922,-55.115913555992144
333,1,3,5,64.0,936.0,1,2,292548.0,99.94393523965168,9.998788763587244,1000.733583489681,-64.73358348968105
333,1,3,5,64.0,936.0,1,3,10894.0,94.74592325616224,9.881203011428816,939.6190476190476,-3.619047619047619
334,0,1,1,381.0,609.0,0,1,422618.0,99.64658380911064,9.954888866241616,105.6045197740113,503.3954802259887
334,0,1,1,381.0,609.0,0,2,335436.0,99.04178345453586,9.98162881711974,119.9920634920635,489.0079365079365
334,0,1,1,381.0,609.0,0,3,16001.0,75.45707441485854,8.52252573071058,145.0,464.0
334,0,1,1,381.0,609.0,1,1,276707.0,99.84129356908424,9.955782421609122,846.3247232472324,-237.32472324723247
334,0,1,1,381.0,609.0,1,2,309763.0,99.99498822395408,9.990004361411255,803.1533219761499,-194.15332197614993
334,0,1,1,381.0,609.0,1,3,12149.0,98.7139290191388,9.01970323029094,822.2727272727273,-213.27272727272728
334,1,3,5,64.0,936.0,1,1,168.0,62.04203668005431,1.2884019053202578,488.0,448.0
335,0,1,1,381.0,609.0,1,1,7700.0,98.99002707728673,9.890460825985867,575.8181818181819,33.18181818181818
335,0,1,1,381.0,609.0,1,2,5250.0,95.95604630339778,9.21265611161285,670.2,-61.2
335,0,1,1,381.0,609.0,1,3,350.0,94.12515031231392,2.860248438633074,743.0,-134.0
335,0,2,4,289.0,948.0,0,1,370510.0,97.23921020324114,9.866752030344406,154.73636363636365,793.2636363636364
335,0,2,4,289.0,948.0,0,2,350536.0,99.42953071597658,9.912891544079011,145.72072072072072,802.2792792792793
335,0,2,4,289.0,948.0,0,3,13505.0,93.82564626999144,6.285409308689331,97.0,851.0
335,0,2,4,289.0,948.0,1,1,354453.0,99.84687528598144,9.975092266202363,1540.0595238095239,-592.0595238095239
335,0,2,4,289.0,948.0,1,2,350940.0,99.85319779528496,9.994875646302347,1470.8807495741057,-522.8807495741056
335,0,2,4,289.0,948.0,1,3,13773.0,96.17142242614966,9.373238664644548,1383.608695652174,-435.60869565217394
336,0,2,4,289.0,948.0,1,1,20958.0,97.8782406165114,8.117273015649403,266.42857142857144,681.5714285714286
336,0,2,4,289.0,948.0,1,2,14970.0,99.1283543408648,9.485243972189751,334.4,613.6
336,0,2,4,289.0,948.0,1,3,998.0,51.758725602396574,4.475738081962383,431.0,517.0
336,2,3,9,371.0,944.0,0,1,369831.0,99.95130940228198,9.999511369387438,158.73417721518987,785.2658227848101
336,2,3,9,371.0,944.0,0,2,406469.0,99.61646971214611,9.961031885973298,162.77070063694268,781.2292993630573
336,2,3,9,371.0,944.0,0,3,10532.0,86.91318729608635,8.552826243499807,117.83333333333333,826.1666666666666
336,2,3,9,371.0,944.0,1,1,298343.0,99.96911546998346,9.988331050395855,1284.18853974122,-340.18853974122
336,2,3,9,371.0,944.0,1,2,295244.0,99.83876729135122,9.99659612566694,1257.807763401109,-313.80776340110907
336,2,3,9,371.0,944.0,1,3,12790.0,98.00494111036986,9.777828787875103,1251.0,-307.0
337,0,1,9,274.0,776.0,0,1,304325.0,99.75614566244266,9.787100506959456,121.97979797979798,654.020202020202
337,0,1,9,274.0,776.0,0,2,311986.0,99.99220648752213,9.992376696898225,130.4387755102041,645.5612244897959
337,0,1,9,274.0,776.0,0,3,11149.0,83.7794319131318,7.802426276666772,127.0,649.0
337,0,1,9,274.0,776.0,1,1,299969.0,99.70906892781616,9.99968568881901,1254.6477462437397,-478.64774624373956
337,0,1,9,274.0,776.0,1,2,299869.0,99.96435006980404,9.974650486924991,1274.3616666666667,-498.3616666666667
337,0,1,9,274.0,776.0,1,3,11326.0,93.7843195506207,9.838693041567696,1257.2083333333333,-481.2083333333333
337,2,3,9,371.0,944.0,0,1,67782.0,98.1130515521712,9.922192443352351,486.27272727272725,457.72727272727275
337,2,3,9,371.0,944.0,0,2,46215.0,92.40056107773432,9.291681364700736,584.2666666666667,359.73333333333335
337,2,3,9,371.0,944.0,0,3,3081.0,67.91129929211816,7.859856645497322,656.0,288.0
338,0,1,9,274.0,776.0,1,1,9684.0,99.43807068727408,9.483021647343298,314.22222222222223,461.77777777777777
338,0,1,9,274.0,776.0,1,2,8070.0,94.5169068695175,9.184663331083158,434.0,342.0
338,0,1,9,274.0,776.0,1,3,538.0,22.12394015722872,7.908026073504262,514.0,262.0
338,3,2,8,76.0,933.0,0,1,281102.0,96.62292381264888,9.986687216900004,145.4271844660194,787.5728155339806
338,3,2,8,76.0,933.0,0,2,263790.0,98.81725487214374,9.99350307268045,193.7941176470588,739.2058823529412
338,3,2,8,76.0,933.0,0,3,11941.0,87.06321502139858,3.7418927949204814,212.5,720.5
338,3,2,8,76.0,933.0,1,1,366842.0,99.15282001591508,9.973629397493688,1522.2654424040068,-589.2654424040066
338,3,2,8,76.0,933.0,1,2,375490.0,99.99714545005774,9.96334779401379,1562.3406040268455,-629.3406040268457
338,3,2,8,76.0,933.0,1,3,14128.0,98.79513579369832,9.54837573925373,1524.0434782608695,-591.0434782608696
339,3,1,0,240.0,688.0,0,1,230953.0,99.26003622213337,9.697353536585515,163.46153846153845,524.5384615384615
339,3,1,0,240.0,688.0,0,2,268811.0,99.2182272671982,9.97090683330346,94.09677419354838,593.9032258064516
339,3,1,0,240.0,688.0,0,3,19290.0,72.23025037012533,9.077301634493857,145.33333333333334,542.6666666666666
339,3,1,0,240.0,688.0,1,1,315187.0,99.96310358293032,9.985436839143526,1452.9859375,-764.9859375
339,3,1,0,240.0,688.0,1,2,287894.0,99.9376738457128,9.995264174880845,1497.528735632184,-809.528735632184
339,3,1,0,240.0,688.0,1,3,9558.0,83.03841667507899,9.346968220716676,1646.909090909091,-958.9090909090909
339,3,2,8,76.0,933.0,1,1,2895.0,97.07924084610124,9.924729146773435,186.06666666666666,746.9333333333333
339,3,2,8,76.0,933.0,1,2,2123.0,73.19776617800824,9.192660950646417,382.8181818181818,550.1818181818181
340,2,0,7,263.0,563.0,0,1,188188.0,98.14925896617638,9.968909791128006,67.12307692307692,495.87692307692305
340,2,0,7,263.0,563.0,0,2,226270.0,99.23421715698308,9.932698540194952,90.56470588235294,472.43529411764706
340,2,0,7,263.0,563.0,0,3,6398.0,66.50582783311916,9.18182045291411,74.5,488.5
340,2,0,7,263.0,563.0,1,1,364433.0,99.90615029880291,9.96259447763308,968.2859375,-405.2859375
340,2,0,7,263.0,563.0,1,2,350061.0,99.95707373482716,9.993825048290148,965.3589743589744,-402.35897435897436
340,2,0,7,263.0,563.0,1,3,13202.0,99.21045591549472,9.901891684950453,867.7692307692307,-304.7692307692308
340,3,1,0,240.0,688.0,1,1,4440.0,99.51543927748357,9.636436684622328,429.93333333333334,258.06666666666666
340,3,1,0,240.0,688.0,1,2,1184.0,71.68432272019975,3.3588189031289306,563.0,125.0
341,2,0,7,263.0,563.0,1,1,10410.0,99.99046554444716,9.331813031431349,279.6,283.4
341,2,0,7,263.0,563.0,1,2,10410.0,98.0229314242471,9.693789257210447,472.8666666666667,90.13333333333334
341,2,2,7,326.0,845.0,0,1,426162.0,99.83713165945098,9.814247220824331,150.90972222222223,694.0902777777778
341,2,2,7,326.0,845.0,0,2,429279.0,99.44097023779618,9.956900939097748,134.0863309352518,710.9136690647482
341,2,2,7,326.0,845.0,0,3,26875.0,95.29719001474832,8.782467017981116,163.0,682.0
341,2,2,7,326.0,845.0,1,1,310381.0,99.83273110408456,9.9667850530942,989.5828877005348,-144.58288770053477
341,2,2,7,326.0,845.0,1,2,334924.0,99.94909847927036,9.975687104133188,1015.2880143112701,-170.28801431127013
341,2,2,7,326.0,845.0,1,3,12431.0,99.60805190849084,9.76616251523718,1090.05,-245.05
342,0,3,9,278.0,655.0,0,1,247532.0,99.88422212578666,9.870779149576146,113.46268656716418,541.5373134328358
342,0,3,9,278.0,655.0,0,2,404761.0,99.60397311836566,9.95536457641387,82.18487394957984,572.8151260504202
342,0,3,9,278.0,655.0,0,3,19288.0,94.06973441840005,6.026776558558011,124.16666666666667,530.8333333333334
342,0,3,9,278.0,655.0,1,1,305242.0,99.72223090550344,9.954869469532628,1060.875,-405.875
342,0,3,9,278.0,655.0,1,2,293970.0,99.82536872383469,9.988215501128618,1129.1327586206896,-474.13275862068963
342,0,3,9,278.0,655.0,1,3,10473.0,98.82855096411818,8.419711446790963,1181.590909090909,-526.5909090909091
342,2,2,7,326.0,845.0,1,1,11670.0,96.9820238327998,9.150876805318353,480.6666666666667,364.3333333333333
342,2,2,7,326.0,845.0,1,2,10892.0,99.52336279048788,9.628957699523015,658.7857142857143,186.21428571428572
343,0,3,9,278.0,655.0,0,1,29535.0,95.62284825137976,9.86728281842572,640.4666666666667,14.533333333333333
343,0,3,9,278.0,655.0,0,2,23628.0,89.2102383162244,9.931378333496212,812.5,-157.5
343,1,2,8,326.0,759.0,0,1,501191.0,99.72253581665656,9.963919267995248,155.54651162790697,603.453488372093
343,1,2,8,326.0,759.0,0,2,480122.0,99.93968428880277,9.96240398813508,116.74157303370787,642.2584269662922
343,1,2,8,326.0,759.0,0,3,14844.0,77.03915199541342,9.223259125641274,110.5,648.5
343,1,2,8,326.0,759.0,1,1,301281.0,99.92070725848224,9.959976675875026,797.129213483146,-38.12921348314607
343,1,2,8,326.0,759.0,1,2,289655.0,99.97786731981144,9.989788555700716,824.4282982791588,-65.4282982791587
343,1,2,8,326.0,759.0,1,3,12330.0,97.47225666806057,9.73111174745027,928.2727272727273,-169.27272727272728
344,0,1,0,201.0,786.0,0,1,282439.0,98.54130222518816,9.987571159072449,83.70588235294117,702.2941176470588
344,0,1,0,201.0,786.0,0,2,281011.0,99.99642283520912,9.912245253611658,165.41463414634146,620.5853658536586
344,0,1,0,201.0,786.0,0,3,19871.0,99.93236775660944,8.945030101297888,82.6,703.4
344,0,1,0,201.0,786.0,1,1,346930.0,99.94762765092008,9.994936089945716,1381.2296416938111,-595.2296416938111
344,0,1,0,201.0,786.0,1,2,343529.0,99.89417321737194,9.971403458901518,1476.797077922078,-690.797077922078
344,0,1,0,201.0,786.0,1,3,13216.0,95.7496484193719,8.847474035825547,1398.2272727272727,-612.2272727272727
344,1,2,8,326.0,759.0,1,1,8694.0,97.97697198575813,9.530333608148531,753.7142857142857,5.285714285714286
344,1,2,8,326.0,759.0,1,2,6210.0,99.148238426612,9.650725221931433,829.2,-70.2
344,1,2,8,326.0,759.0,1,3,414.0,51.98241819207418,7.563175245715474,887.0,-128.0
345,0,1,0,201.0,786.0,1,1,5460.0,89.95350586053392,9.98641090355422,708.7333333333333,77.26666666666667
345,0,1,0,201.0,786.0,1,2,1820.0,77.00290377808761,9.095814828709566,851.2,-65.2
345,1,3,4,110.0,610.0,0,1,200489.0,99.2383988809768,9.944026132241122,72.65333333333334,537.3466666666667
345,1,3,4,110.0,610.0,0,2,200650.0,99.28255080861616,9.671378670714107,91.49350649350649,518.5064935064935
345,1,3,4,110.0,610.0,0,3,5862.0,95.64999836911292,7.226936692195627,22.0,588.0
345,1,3,4,110.0,610.0,1,1,313522.0,99.92417065070649,9.99829041399759,843.5650793650793,-233.56507936507936
345,1,3,4,110.0,610.0,1,2,306799.0,99.67909765532302,9.978487549189593,839.1790808240887,-229.17908082408874
345,1,3,4,110.0,610.0,1,3,11407.0,99.95226553634146,9.591328481923991,873.5384615384615,-263.53846153846155
346,1,0,1,217.0,623.0,0,1,244435.0,98.26685589317827,9.998655083014448,117.75510204081633,505.2448979591837
346,1,0,1,217.0,623.0,0,2,222813.0,99.10154486824564,9.978526383226326,106.83529411764705,516.1647058823529
346,1,0,1,217.0,623.0,0,3,7398.0,92.243070622612,7.047116736307375,75.0,548.0
346,1,0,1,217.0,623.0,1,1,352066.0,99.51933396281252,9.962489208563488,1342.867098865478,-719.8670988654782
346,1,0,1,217.0,623.0,1,2,353692.0,99.93738781601496,9.988037399941,1373.6640127388534,-750.6640127388536
346,1,0,1,217.0,623.0,1,3,13475.0,94.59202412102157,9.301317864497069,1385.4,-762.4
346,1,3,4,110.0,610.0,1,1,816.0,60.22250168447327,6.655829090644557,223.16666666666666,386.8333333333333
347,1,0,0,470.0,620.0,0,1,325161.0,99.45150841407016,9.886419062093289,119.66981132075472,500.3301886792453
347,1,0,0,470.0,620.0,0,2,343686.0,95.35836778239724,9.904752063945272,118.14678899082568,501.8532110091743
347,1,0,0,470.0,620.0,0,3,15257.0,61.659696271259904,8.814948863889436,75.5,544.5
347,1,0,0,470.0,620.0,1,1,348552.0,99.98297099124316,9.949573145599896,1041.4183006535948,-421.41830065359477
347,1,0,0,470.0,620.0,1,2,356698.0,99.836506282387,9.992231150927148,1069.6138613861385,-449.61386138613864
347,1,0,0,470.0,620.0,1,3,13226.0,96.80850623111792,9.53679714483618,1158.0,-538.0
347,1,0,1,217.0,623.0,1,1,498.0,47.64793460810302,4.426911109350993,461.0,162.0
348,0,3,5,99.0,655.0,0,1,245993.0,99.97588622078618,9.91567745106561,128.23655913978496,526.763440860215
348,0,3,5,99.0,655.0,0,2,136068.0,99.83572310573936,9.747608990265626,138.46774193548387,516.5322580645161
348,0,3,5,99.0,655.0,0,3,5075.0,82.34610524652493,7.93867787292955,107.66666666666667,547.3333333333334
348,0,3,5,99.0,655.0,1,1,295325.0,99.83336267201986,9.98277251079282,1185.1225490196077,-530.1225490196078
348,0,3,5,99.0,655.0,1,2,289048.0,99.9550460870714,9.997236214241454,1182.9797191887676,-527.9797191887676
348,0,3,5,99.0,655.0,1,3,11116.0,99.98749476091967,9.722822796870474,1195.04,-540.04
348,1,0,0,470.0,620.0,1,1,10005.0,97.29058279103307,9.60578723112272,152.6,467.4
348,1,0,0,470.0,620.0,1,2,6670.0,90.15804442423928,9.589681716901314,286.2,333.8
349,0,3,5,99.0,655.0,1,1,455.0,24.87369294859679,6.868611475311099,650.0,5.0
349,3,0,1,92.0,612.0,0,1,199260.0,99.43903414773278,9.974243019120545,89.58333333333333,522.4166666666666
349,3,0,1,92.0,612.0,0,2,236217.0,97.32673523418808,9.926571618852854,158.9402985074627,453.05970149253733
349,3,0,1,92.0,612.0,0,3,7200.0,71.4488420463913,6.585434809060114,220.0,392.0
349,3,0,1,92.0,612.0,1,1,384190.0,99.82264902224,9.95002732868419,1286.1227272727272,-674.1227272727273
349,3,0,1,92.0,612.0,1,2,370344.0,99.99935578108978,9.97470143948776,1324.1191950464397,-712.1191950464396
349,3,0,1,92.0,612.0,1,3,15480.0,99.43863672228264,9.79335925128814,1355.1923076923076,-743.1923076923077
350,2,0,9,127.0,608.0,0,1,314104.0,94.9436142401456,9.97682517522665,94.23255813953489,513.7674418604652
350,2,0,9,127.0,608.0,0,2,195640.0,99.85520277230655,9.84371862594231,129.41666666666666,478.5833333333333
350,2,0,9,127.0,608.0,0,3,4674.0,65.5051158506235,3.4776262355166687,66.0,542.0
350,2,0,9,127.0,608.0,1,1,345856.0,99.91451952064016,9.98256365672724,1563.551886792453,-955.5518867924528
350,2,0,9,127.0,608.0,1,2,352867.0,99.95064402683536,9.99118623111826,1553.062787136294,-945.062787136294
350,2,0,9,127.0,608.0,1,3,13947.0,98.69862682478734,9.973872110111774,1553.8076923076924,-945.8076923076923
351,2,0,9,127.0,608.0,1,1,4575.0,92.78259152403436,9.041243047284706,248.06666666666666,359.93333333333334
351,2,0,9,127.0,608.0,1,2,1525.0,77.75576910198598,9.90284066474883,373.4,234.6
351,3,1,6,346.0,764.0,0,1,168096.0,99.62325283882018,9.892220070162542,101.35714285714286,662.6428571428571
351,3,1,6,346.0,764.0,0,2,265595.0,99.64600431182636,9.920893778262784,99.3177570093458,664.6822429906542
351,3,1,6,346.0,764.0,0,3,3785.0,90.11313247453396,6.16402612302619,191.0,573.0
351,3,1,6,346.0,764.0,1,1,343956.0,99.91401037747926,9.984857815512624,983.0477657935285,-219.0477657935285
351,3,1,6,346.0,764.0,1,2,309668.0,99.54749214811592,9.996414036441722,1013.2911813643926,-249.29118136439268
351,3,1,6,346.0,764.0,1,3,14067.0,99.89854203797988,9.20892865199806,996.9230769230769,-232.92307692307693
352,3,1,6,346.0,764.0,1,1,5592.0,50.281297800363376,9.85970527975948,577.625,186.375
352,3,2,7,467.0,899.0,0,1,455724.0,99.94399329428296,9.967376722190844,188.83734939759037,710.1626506024096
352,3,2,7,467.0,899.0,0,2,486350.0,99.8567955941804,9.775038029085035,174.3416149068323,724.6583850931677
352,3,2,7,467.0,899.0,0,3,15606.0,89.60510708993007,9.131747940654622,174.42857142857142,724.5714285714286
352,3,2,7,467.0,899.0,1,1,283034.0,99.61778830564498,9.923402110163124,1188.3351648351647,-289.33516483516485
352,3,2,7,467.0,899.0,1,2,285387.0,99.9209143093216,9.998673633859909,1213.7427536231885,-314.7427536231884
352,3,2,7,467.0,899.0,1,3,10717.0,98.04841886536332,9.811067612213362,1320.4285714285713,-421.42857142857144
353,2,2,5,124.0,579.0,0,1,223770.0,97.62174999293696,9.91876232648406,87.61797752808988,491.3820224719101
353,2,2,5,124.0,579.0,0,2,188675.0,99.7623895588768,9.945116327719589,113.34693877551021,465.6530612244898
353,2,2,5,124.0,579.0,0,3,4648.0,93.3634538118634,9.389558733207416,102.33333333333333,476.6666666666667
353,2,2,5,124.0,579.0,1,1,302706.0,99.90465880838188,9.981841624535896,1113.9318181818182,-534.9318181818181
353,2,2,5,124.0,579.0,1,2,297097.0,99.64506061920704,9.99829449029892,1100.564144736842,-521.5641447368421
353,2,2,5,124.0,579.0,1,3,12410.0,99.75938541863412,9.05373854195538,1190.92,-611.92
353,3,2,7,467.0,899.0,1,1,3090.0,96.95180268739144,7.757309858186957,638.6,260.4
353,3,2,7,467.0,899.0,1,2,1648.0,76.82536756221643,9.40266182754184,772.0,127.0
354,2,2,5,124.0,579.0,1,1,21965.0,97.10074787611252,9.686850528961363,513.4347826086956,65.56521739130434
354,2,2,5,124.0,579.0,1,2,14325.0,85.58320984008185,9.744665962543984,569.7333333333333,9.266666666666667
354,2,2,5,124.0,579.0,1,3,955.0,43.63437123962916,3.06945661496316,662.0,-83.0
354,3,1,2,108.0,882.0,0,1,494271.0,99.17109123084848,9.923093902383508,145.9056603773585,736.0943396226415
354,3,1,2,108.0,882.0,0,2,512436.0,99.77119534574926,9.988344666626698,186.56050955414014,695.4394904458599
354,3,1,2,108.0,882.0,0,3,23733.0,87.55084698789445,9.586306796016135,214.66666666666666,667.3333333333334
354,3,1,2,108.0,882.0,1,1,322607.0,99.75244806255508,9.991557050058551,1180.1189591078066,-298.1189591078067
354,3,1,2,108.0,882.0,1,2,313146.0,99.91319754829073,9.982319587164705,1123.4085027726433,-241.40850277264326
354,3,1,2,108.0,882.0,1,3,12188.0,98.3548229173528,8.880512610092678,1131.2380952380952,-249.23809523809524
355,2,0,6,415.0,715.0,0,1,169895.0,97.58144639266732,9.965644685171132,130.72368421052633,584.2763157894736
355,2,0,6,415.0,715.0,0,2,197016.0,98.09931033227627,9.801240739915087,162.175,552.825
355,2,0,6,415.0,715.0,0,3,6548.0,78.19551604434925,9.97083398472717,59.333333333333336,655.6666666666666
355,2,0,6,415.0,715.0,1,1,330825.0,99.97304303013298,9.99710865774924,1314.5119236883943,-599.5119236883943
355,2,0,6,415.0,715.0,1,2,327183.0,99.99175223573658,9.983813639132348,1364.103392568659,-649.1033925686592
355,2,0,6,415.0,715.0,1,3,15589.0,98.40269368877163,9.765930908292646,1281.24,-566.24
355,3,1,2,108.0,882.0,1,1,8385.0,98.1716141061033,9.1293558622119,371.53333333333336,510.46666666666664
355,3,1,2,108.0,882.0,1,2,7826.0,93.08531951102492,9.475917564533963,530.7142857142857,351.2857142857143
356,2,0,6,415.0,715.0,1,1,12075.0,99.49110164997936,9.995642509350397,526.4666666666667,188.53333333333333
356,2,0,6,415.0,715.0,1,2,2415.0,64.30093945583624,7.756119572342443,615.3333333333334,99.66666666666667
356,2,1,7,336.0,518.0,0,1,178896.0,98.9772786674122,9.846308662234756,82.85714285714286,435.14285714285717
356,2,1,7,336.0,518.0,0,2,123995.0,99.31063494702568,9.83937114344922,85.25,432.75
356,2,1,7,336.0,518.0,0,3,2897.0,57.622507825181984,9.552628966921532,35.5,482.5
356,2,1,7,336.0,518.0,1,1,328249.0,99.91538162389983,9.9441543546512,1084.501592356688,-566.5015923566879
356,2,1,7,336.0,518.0,1,2,368807.0,99.84884304752116,9.980120004342162,1093.6741741741741,-575.6741741741741
356,2,1,7,336.0,518.0,1,3,13878.0,99.86644098494534,9.964656730671775,1055.9615384615386,-537.9615384615385
357,2,1,7,232.0,922.0,0,1,87729.0,99.66779877780132,9.707596331362844,101.76666666666667,820.2333333333333
357,2,1,7,232.0,922.0,0,2,129317.0,99.04473202429745,9.99113861775069,119.88732394366197,802.112676056338
357,2,1,7,232.0,922.0,0,3,2117.0,87.33660477444266,3.0665606153309053,183.0,739.0
357,2,1,7,232.0,922.0,1,1,384613.0,99.65496202190413,9.996648428983743,1062.190625,-140.190625
357,2,1,7,232.0,922.0,1,2,388404.0,99.84958513603418,9.996051120072249,1082.7272727272727,-160.72727272727272
357,2,1,7,232.0,922.0,1,3,16817.0,88.50479380211085,9.19230262234392,1002.04,-80.04
357,2,1,7,336.0,518.0,1,1,16580.0,91.20612216583228,9.836669274588242,741.35,-223.35
357,2,1,7,336.0,518.0,1,2,12435.0,93.81902634834478,8.875834969799712,834.3333333333334,-316.3333333333333
357,2,1,7,336.0,518.0,1,3,829.0,92.04853129674908,2.618737297787792,912.0,-394.0
358,2,1,7,232.0,922.0,1,1,13620.0,89.03836107139463,9.831635986469603,506.1333333333333,415.8666666666667
358,2,1,7,232.0,922.0,1,2,3632.0,63.559429920337,9.588017263412802,586.0,336.0
358,3,2,2,438.0,789.0,0,1,205162.0,97.40918413517213,9.990558057879596,157.34920634920636,631.6507936507936
358,3,2,2,438.0,789.0,0,2,260782.0,99.30249058654488,9.88453515459812,120.07865168539325,668.9213483146067
358,3,2,2,438.0,789.0,0,3,15264.0,96.96446478444234,6.56631463689175,105.8,683.2
358,3,2,2,438.0,789.0,1,1,391537.0,99.91343617097216,9.960360662985776,2144.02492211838,-1355.0249221183801
358,3,2,2,438.0,789.0,1,2,378131.0,99.99518253704522,9.975670332076046,2256.2032258064514,-1467.2032258064517
358,3,2,2,438.0,789.0,1,3,14342.0,99.30227735392572,9.802317430876611,2164.9565217391305,-1375.9565217391305
359,1,1,7,379.0,673.0,0,1,250437.0,99.42990087000486,9.86532562755592,104.08602150537635,568.9139784946236
359,1,1,7,379.0,673.0,0,2,319769.0,99.047037030052,9.901402832310414,68.96190476190476,604.0380952380953
359,1,1,7,379.0,673.0,0,3,9570.0,98.89645633498635,9.67655183498618,107.8,565.2
359,1,1,7,379.0,673.0,1,1,334156.0,99.8921467332475,9.991891228933923,1016.5606557377049,-343.5606557377049
359,1,1,7,379.0,673.0,1,2,328670.0,99.84785784405966,9.978040162993551,995.4401349072513,-322.44013490725126
359,1,1,7,379.0,673.0,1,3,12700.0,98.36930424714184,9.660707961759536,1132.7727272727273,-459.77272727272725
359,3,2,2,438.0,789.0,0,1,41582.0,96.09205245892043,9.492027862058723,219.2941176470588,569.7058823529412
359,3,2,2,438.0,789.0,0,2,36690.0,88.85443062667932,9.78621186591149,363.73333333333335,425.26666666666665
359,3,2,2,438.0,789.0,0,3,2446.0,21.43743066665549,3.572654604921971,469.0,320.0
360,1,1,7,379.0,673.0,0,1,17775.0,99.43156529388166,9.64855189632098,495.56,177.44
360,1,1,7,379.0,673.0,0,2,10665.0,91.6065165305722,9.559874615686416,559.8,113.2
360,1,1,7,379.0,673.0,0,3,711.0,39.01770312293777,9.500769930999102,638.0,35.0
360,2,1,7,290.0,983.0,0,1,332076.0,99.96283902717131,9.92772807564113,152.42028985507247,830.5797101449275
360,2,1,7,290.0,983.0,0,2,340638.0,96.8070737448225,9.95107411718209,168.41666666666666,814.5833333333334
360,2,1,7,290.0,983.0,0,3,8541.0,96.50683444982674,5.681363708639674,195.25,787.75
360,2,1,7,290.0,983.0,1,1,291431.0,99.74393656396714,9.986266567042613,1085.4201077199282,-102.42010771992818
360,2,1,7,290.0,983.0,1,2,282701.0,99.94873850146784,9.99160975802454,1116.414364640884,-133.41436464088397
360,2,1,7,290.0,983.0,1,3,11234.0,99.92822135630436,9.797315845309058,1063.7391304347825,-80.73913043478261
361,0,0,9,193.0,681.0,0,1,126024.0,99.65178764610334,9.5886595950902,77.94736842105263,603.0526315789474
361,0,0,9,193.0,681.0,0,2,209221.0,99.85994599018473,9.943886418396833,146.72222222222223,534.2777777777778
361,0,0,9,193.0,681.0,0,3,3864.0,98.66233888564727,3.1770514715316143,49.0,632.0
361,0,0,9,193.0,681.0,1,1,356944.0,99.93372833133962,9.98880059132777,1408.1049382716049,-727.104938271605
361,0,0,9,193.0,681.0,1,2,339895.0,99.91483071236148,9.926752728865164,1471.7356321839081,-790.735632183908
361,0,0,9,193.0,681.0,1,3,14200.0,99.67566639227203,9.89520103697648,1302.04,-621.04
361,2,1,7,290.0,983.0,1,1,4815.0,93.91093464019391,9.51276683578979,464.73333333333335,518.2666666666667
361,2,1,7,290.0,983.0,1,2,4815.0,87.34724480803447,8.813741554796477,670.6666666666666,312.3333333333333
361,2,1,7,290.0,983.0,1,3,321.0,94.03214106847332,5.867593364262134,763.0,220.0
362,0,0,9,193.0,681.0,1,1,3672.0,94.17166486284312,9.751404490681251,289.3529411764706,391.6470588235294
362,0,0,9,193.0,681.0,1,2,3240.0,99.83209389231834,8.582381702257656,456.93333333333334,224.06666666666666
362,0,0,9,193.0,681.0,1,3,216.0,58.80705624675719,1.5096243983256763,577.0,104.0
362,2,2,8,74.0,711.0,0,1,214254.0,98.25159350998136,9.898480893118943,117.32876712328768,593.6712328767123
362,2,2,8,74.0,711.0,0,2,241208.0,98.59345536148916,9.946017676626411,138.10666666666665,572.8933333333333
362,2,2,8,74.0,711.0,0,3,4967.0,76.91617716485153,7.018356286914523,118.0,593.0
362,2,2,8,74.0,711.0,1,1,326176.0,99.8761785570008,9.997430086185052,1129.2076069730585,-418.20760697305866
362,2,2,8,74.0,711.0,1,2,324067.0,99.77615333937496,9.994229176356566,1167.9309791332264,-456.93097913322634
362,2,2,8,74.0,711.0,1,3,12658.0,91.375967735848,8.733688436369365,1008.1923076923077,-297.1923076923077
363,1,1,1,286.0,728.0,0,1,233957.0,99.85927277572505,9.940488884574895,88.94623655913979,639.0537634408602
363,1,1,1,286.0,728.0,0,2,233714.0,99.71695797651655,9.99680271007118,120.66355140186916,607.3364485981308
363,1,1,1,286.0,728.0,0,3,4475.0,89.25341644915106,6.734723745367816,55.0,673.0
363,1,1,1,286.0,728.0,1,1,385891.0,99.8158325928382,9.996012955366224,1388.0633116883116,-660.0633116883117
363,1,1,1,286.0,728.0,1,2,388702.0,99.97335773344255,9.98666299954523,1376.469522240527,-648.4695222405272
363,1,1,1,286.0,728.0,1,3,16316.0,96.99570453672048,9.859907587979407,1293.76,-565.76
363,2,2,8,74.0,711.0,1,1,9708.0,97.62824076895356,9.164277754267228,718.0,-7.0
364,0,3,3,279.0,504.0,0,1,184182.0,99.18809505466687,9.863608739009766,68.1875,435.8125
364,0,3,3,279.0,504.0,0,2,196483.0,99.13884847030091,9.919914373814112,122.55932203389831,381.4406779661017
364,0,3,3,279.0,504.0,0,3,1418.0,61.36375445203494,1.4271475385275978,38.0,466.0
364,0,3,3,279.0,504.0,1,1,377899.0,99.9769796860974,9.958936090510482,2676.7784711388454,-2172.7784711388454
364,0,3,3,279.0,504.0,1,2,367168.0,99.92850193086564,9.987283249649266,2744.19040247678,-2240.19040247678
364,0,3,3,279.0,504.0,1,3,13484.0,90.30430723523284,9.976241639204307,2672.576923076923,-2168.576923076923
364,1,1,1,286.0,728.0,1,1,13875.0,97.15352679999911,9.83689198825024,194.33333333333334,533.6666666666666
364,1,1,1,286.0,728.0,1,2,7400.0,93.3974679848564,9.283909880687489,271.5,456.5
365,0,3,3,279.0,504.0,1,1,7368.0,99.40876805955006,9.245931418384185,810.5833333333334,-306.5833333333333
365,0,3,3,279.0,504.0,1,2,4605.0,98.58878954609848,8.871381661831405,870.6,-366.6
365,0,3,3,279.0,504.0,1,3,307.0,77.11404297843676,4.446024959106137,989.0,-485.0
365,3,2,7,357.0,923.0,0,1,259920.0,99.69627725423146,9.885559350421696,151.04098360655738,771.9590163934427
365,3,2,7,357.0,923.0,0,2,271744.0,99.431849339384,9.96603768537333,132.02608695652174,790.9739130434782
365,3,2,7,357.0,923.0,0,3,10232.0,95.23613494930102,6.904166537531577,77.25,845.75
365,3,2,7,357.0,923.0,1,1,343121.0,99.95644692028652,9.971527554916168,1424.1811846689895,-501.18118466898954
365,3,2,7,357.0,923.0,1,2,340720.0,99.95567739077596,9.949565309187978,1388.9794168096055,-465.9794168096055
365,3,2,7,357.0,923.0,1,3,13930.0,97.81212627010284,9.554473185370629,1335.2173913043478,-412.2173913043478
366,3,2,7,357.0,923.0,1,1,13560.0,99.71619771665428,8.999378522412018,218.8,704.2
366,3,2,7,357.0,923.0,1,2,7232.0,99.51646880760012,9.536810447893462,379.75,543.25
366,3,3,4,119.0,660.0,0,1,246685.0,97.04510899245976,9.525806172925268,154.8988764044944,505.1011235955056
366,3,3,4,119.0,660.0,0,2,157130.0,99.04145494475532,9.869374796627948,80.49152542372882,579.5084745762712
366,3,3,4,119.0,660.0,0,3,9178.0,76.46013807466653,9.44993916522885,111.66666666666667,548.3333333333334
366,3,3,4,119.0,660.0,1,1,332522.0,99.8550054355812,9.986556748103876,1457.7662337662337,-797.7662337662338
366,3,3,4,119.0,660.0,1,2,353100.0,99.86768404382784,9.948297839328426,1391.970633693972,-731.9706336939722
366,3,3,4,119.0,660.0,1,3,14637.0,97.5270090949549,9.814724158867358,1378.08,-718.08
367,1,1,5,443.0,924.0,0,1,522827.0,99.82077894371616,9.9423381903265,132.02808988764045,791.9719101123595
367,1,1,5,443.0,924.0,0,2,555056.0,99.64627622145323,9.989355576587451,145.06508875739644,778.9349112426036
367,1,1,5,443.0,924.0,0,3,21628.0,97.82526636013884,8.346040304104111,85.71428571428571,838.2857142857143
367,1,1,5,443.0,924.0,1,1,269058.0,99.97171580823358,9.993878298132795,920.4561068702291,3.5438931297709924
367,1,1,5,443.0,924.0,1,2,259974.0,99.97102843518566,9.9974283206858,904.4253308128544,19.574669187145556
367,1,1,5,443.0,924.0,1,3,10168.0,98.3770740255383,9.40877655701709,907.25,16.75
367,3,3,4,119.0,660.0,1,1,12060.0,90.66329097870457,9.839308929076118,249.33333333333334,410.6666666666667
367,3,3,4,119.0,660.0,1,2,10050.0,97.6351623637036,9.633028768353617,367.2,292.8
367,3,3,4,119.0,660.0,1,3,670.0,71.83739511410103,5.343171463232911,441.0,219.0
368,1,1,5,443.0,924.0,1,1,10155.0,99.01314969889812,9.162065141022923,589.5333333333333,334.46666666666664
368,1,1,5,443.0,924.0,1,2,8124.0,96.03368081203948,9.99165565476283,742.0,182.0
368,2,0,5,60.0,587.0,0,1,298080.0,99.13805174989692,9.971181956272249,79.98684210526316,507.0131578947368
368,2,0,5,60.0,587.0,0,2,467970.0,98.77491987833184,9.95201748921621,120.57462686567165,466.42537313432837
368,2,0,5,60.0,587.0,0,3,14558.0,96.84911488720144,9.260915872322098,117.75,469.25
368,2,0,5,60.0,587.0,1,1,335244.0,99.90191809299998,9.94841105545293,1167.2655007949127,-580.2655007949126
368,2,0,5,60.0,587.0,1,2,290157.0,99.96113832692414,9.993154939672392,1247.8095238095239,-660.8095238095239
368,2,0,5,60.0,587.0,1,3,12147.0,94.92188569524876,9.683774197717195,1114.1666666666667,-527.1666666666666
369,0,2,2,233.0,794.0,0,1,257256.0,99.97491861491336,9.91137015281566,120.71578947368421,673.2842105263157
369,0,2,2,233.0,794.0,0,2,164225.0,99.55299897209063,9.987949712059107,187.3815789473684,606.6184210526316
369,0,2,2,233.0,794.0,0,3,9759.0,64.82151289371171,8.354206744176054,156.0,638.0
369,0,2,2,233.0,794.0,1,1,366620.0,99.7811358595536,9.992856095731398,1265.8234349919744,-471.8234349919743
369,0,2,2,233.0,794.0,1,2,366529.0,99.97791235903914,9.923400507857354,1304.0015698587126,-510.00156985871274
369,0,2,2,233.0,794.0,1,3,13860.0,98.73438232819692,9.593331542896266,1423.5833333333333,-629.5833333333334
369,2,0,5,60.0,587.0,1,1,1902.0,72.6127515479537,4.202199560953501,536.5,50.5
370,0,2,2,233.0,794.0,1,1,4395.0,97.12297205098976,9.803558755156384,556.9333333333333,237.06666666666666
370,1,3,1,105.0,654.0,0,1,103985.0,98.55433764807862,9.985004578733594,71.06122448979592,582.9387755102041
370,1,3,1,105.0,654.0,0,2,227339.0,99.50475136966608,9.695586791273032,142.3846153846154,511.61538461538464
370,1,3,1,105.0,654.0,0,3,1815.0,88.47572119417418,3.0273813759402133,412.0,242.0
370,1,3,1,105.0,654.0,1,1,360079.0,99.6665025580816,9.986667275017712,1298.623475609756,-644.623475609756
370,1,3,1,105.0,654.0,1,2,342085.0,99.87915043439985,9.98881353434166,1352.5606299212598,-698.5606299212599
370,1,3,1,105.0,654.0,1,3,14892.0,95.5748922112414,9.88447806118612,1329.4444444444443,-675.4444444444445
371,1,3,1,105.0,654.0,1,1,9060.0,96.92462866164873,9.33180060874461,400.4,253.6
371,1,3,1,105.0,654.0,1,2,5436.0,98.94968539347576,9.924040472274667,543.1111111111111,110.88888888888889
371,3,0,0,359.0,545.0,0,1,310376.0,99.9441597252932,9.994012325461195,92.05084745762711,452.9491525423729
371,3,0,0,359.0,545.0,0,2,263874.0,99.66387977185572,9.903606082387038,75.03296703296704,469.967032967033
371,3,0,0,359.0,545.0,0,3,11912.0,87.41116593812228,7.964331942951302,78.5,466.5
371,3,0,0,359.0,545.0,1,1,320475.0,99.84027475468238,9.998213762830856,807.0340136054422,-262.03401360544217
371,3,0,0,359.0,545.0,1,2,328775.0,99.94250812173378,9.98093021855254,787.8042414355629,-242.8042414355628
371,3,0,0,359.0,545.0,1,3,12629.0,89.8796337582421,9.899887954240077,800.2916666666666,-255.29166666666666
372,1,0,6,72.0,683.0,0,1,295427.0,98.77573004996796,9.93632319658908,98.15238095238095,584.847619047619
372,1,0,6,72.0,683.0,0,2,286690.0,99.3345689149086,9.990766998838016,123.97297297297297,559.027027027027
372,1,0,6,72.0,683.0,0,3,3771.0,77.25693782979886,7.967443250651921,159.0,524.0
372,1,0,6,72.0,683.0,1,1,331577.0,99.97056946838966,9.982262348926543,957.2312811980033,-274.23128119800333
372,1,0,6,72.0,683.0,1,2,321921.0,99.9097566844268,9.964921751362024,995.4179357021997,-312.41793570219966
372,1,0,6,72.0,683.0,1,3,14025.0,97.98880666110364,9.410694017561845,980.2307692307693,-297.2307692307692
372,3,0,0,359.0,545.0,1,1,14805.0,97.9284506509355,9.797516951767305,480.6666666666667,64.33333333333333
372,3,0,0,359.0,545.0,1,2,10857.0,77.39681704233475,8.778348302387673,654.5454545454545,-109.54545454545455
373,0,2,8,127.0,501.0,0,1,136519.0,95.97658354302251,9.851162540170783,107.15217391304348,393.8478260869565
373,0,2,8,127.0,501.0,0,2,119538.0,96.7495649761268,9.584323982116938,64.82222222222222,436.1777777777778
373,0,2,8,127.0,501.0,0,3,6302.0,59.09500093934987,6.576279557819903,127.5,373.5
373,0,2,8,127.0,501.0,1,1,367399.0,99.99952779019944,9.99704494923064,1993.8194233687404,-1492.8194233687404
373,0,2,8,127.0,501.0,1,2,361764.0,99.87245865785138,9.98511011113495,2032.823795180723,-1531.823795180723
373,0,2,8,127.0,501.0,1,3,13998.0,97.10404452763925,9.976456821559346,2035.6923076923076,-1534.6923076923076
373,1,0,6,72.0,683.0,1,1,12480.0,95.88786461558504,8.63915603605776,117.53333333333333,565.4666666666667
373,1,0,6,72.0,683.0,1,2,3328.0,88.46979445558931,6.936974363810871,210.5,472.5
374,0,2,8,127.0,501.0,1,1,4440.0,99.310305163168,8.844142519318064,296.0,205.0
374,0,2,8,127.0,501.0,1,2,3256.0,97.41345142817012,9.917570050257035,469.3636363636364,31.636363636363637
374,3,0,9,100.0,548.0,0,1,197636.0,97.3721621865456,9.976404578456732,88.77380952380952,459.2261904761905
374,3,0,9,100.0,548.0,0,2,239546.0,99.81669279933716,9.94547305045254,77.4090909090909,470.59090909090907
374,3,0,9,100.0,548.0,0,3,14189.0,99.96718374208191,9.647419452649007,78.2,469.8
374,3,0,9,100.0,548.0,1,1,328205.0,99.96823803445926,9.997147273150212,867.7407407407408,-319.74074074074076
374,3,0,9,100.0,548.0,1,2,322251.0,99.97809666475504,9.982395161761938,903.3382113821139,-355.3382113821138
374,3,0,9,100.0,548.0,1,3,11683.0,99.93587452655945,9.963793339018244,921.4347826086956,-373.4347826086956
375,0,3,7,125.0,855.0,0,1,597010.0,98.4210853483964,9.920188147912292,151.96517412935324,703.0348258706467
375,0,3,7,125.0,855.0,0,2,647913.0,99.8420284967166,9.807663142205756,136.89903846153845,718.1009615384615
375,0,3,7,125.0,855.0,0,3,22729.0,94.5525377351851,9.400290315638165,137.25,717.75
375,0,3,7,125.0,855.0,1,1,269098.0,99.9477942638724,9.98359049741987,842.1984126984127,12.801587301587302
375,0,3,7,125.0,855.0,1,2,262798.0,99.69184094468515,9.997681190531496,802.0040733197555,52.9959266802444
375,0,3,7,125.0,855.0,1,3,10051.0,99.45694464444078,8.524624253135256,804.95,50.05
375,3,0,9,100.0,548.0,1,1,10845.0,81.85911117933428,9.909156369835236,664.0666666666667,-116.06666666666666
375,3,0,9,100.0,548.0,1,2,10122.0,98.86387548117466,9.402941949332469,823.8571428571429,-275.85714285714283
376,0,3,7,125.0,855.0,1,1,6240.0,98.60537126613374,9.96004530992946,626.0666666666667,228.93333333333334
376,0,3,7,125.0,855.0,1,2,4992.0,95.46143323302933,9.33832473834856,798.0833333333334,56.916666666666664
376,3,2,1,262.0,735.0,0,1,80232.0,98.10788913727416,9.91917390143466,96.92307692307692,638.0769230769231
376,3,2,1,262.0,735.0,0,2,121513.0,97.71170529016965,9.896530129306305,85.05555555555556,649.9444444444445
376,3,2,1,262.0,735.0,1,1,374172.0,99.54550936818134,9.98771263190472,1887.7673048600884,-1152.7673048600884
376,3,2,1,262.0,735.0,1,2,351017.0,99.97213605194734,9.987562599585726,2003.8842105263159,-1268.8842105263159
376,3,2,1,262.0,735.0,1,3,16853.0,98.84844188326946,9.008033062987046,1930.5,-1195.5
377,3,1,3,415.0,794.0,0,1,272678.0,99.73804131572832,9.95876515645861,108.13333333333334,685.8666666666667
377,3,1,3,415.0,794.0,0,2,224341.0,99.9196366000498,9.867844377896803,173.32432432432432,620.6756756756756
377,3,1,3,415.0,794.0,0,3,16442.0,92.65015346735356,9.98294340573394,110.8,683.2
377,3,1,3,415.0,794.0,1,1,338878.0,99.74595422487371,9.959329712840043,1199.050406504065,-405.05040650406505
377,3,1,3,415.0,794.0,1,2,350986.0,99.99532301909204,9.998522213686776,1241.9488817891374,-447.9488817891374
377,3,1,3,415.0,794.0,1,3,11574.0,87.97691809591892,9.86721406178749,1377.0,-583.0
377,3,2,1,262.0,735.0,1,1,11625.0,98.5091802658796,9.582026526058687,817.0,-82.0
377,3,2,1,262.0,735.0,1,2,10075.0,97.88681679189628,9.702054961127985,967.2307692307693,-232.23076923076923
378,3,1,3,415.0,794.0,1,1,7140.0,98.99934585932505,9.165094074584966,734.4,59.6
378,3,2,7,257.0,961.0,0,1,314275.0,99.64439049658904,9.957942237057784,185.8095238095238,775.1904761904761
378,3,2,7,257.0,961.0,0,2,321000.0,99.97082454152049,9.991284419635951,131.03361344537817,829.9663865546219
378,3,2,7,257.0,961.0,0,3,12531.0,82.98284383755546,8.260206253366785,225.2,735.8
378,3,2,7,257.0,961.0,1,1,321803.0,99.85739461702296,9.982926239687329,1360.4554794520548,-399.4554794520548
378,3,2,7,257.0,961.0,1,2,324599.0,99.81573967591449,9.978404366599277,1292.0858585858587,-331.0858585858586
378,3,2,7,257.0,961.0,1,3,11516.0,97.5289377503342,9.941449155251906,1439.0869565217392,-478.0869565217391
379,1,0,1,472.0,780.0,0,1,243656.0,99.99458532429266,9.918264430593918,84.44318181818181,695.5568181818181
379,1,0,1,472.0,780.0,0,2,213689.0,99.8994759732732,9.952316267936045,87.40579710144928,692.5942028985507
379,1,0,1,472.0,780.0,0,3,8942.0,92.57812533491696,6.486007692954594,71.33333333333333,708.6666666666666
379,1,0,1,472.0,780.0,1,1,303670.0,99.98653284602322,9.975675954475014,1201.4943273905997,-421.49432739059966
379,1,0,1,472.0,780.0,1,2,305148.0,99.9796516308064,9.999673094028903,1221.396524486572,-441.3965244865719
379,1,0,1,472.0,780.0,1,3,11291.0,94.69435695598082,9.737643193020924,1204.36,-424.36
379,3,2,7,257.0,961.0,1,1,3360.0,97.03661366514156,8.61118518808627,610.2,350.8
379,3,2,7,257.0,961.0,1,2,2464.0,92.68729878951588,8.086614272937814,731.3636363636364,229.63636363636363
380,1,0,1,472.0,780.0,1,1,3360.0,96.38845517945538,6.705659161327172,323.8,456.2
380,1,0,1,472.0,780.0,1,2,448.0,83.59416728679399,6.235358172740495,442.0,338.0
380,1,0,6,426.0,634.0,0,1,269503.0,99.46791440181036,9.677298821540962,105.30882352941177,528.6911764705883
380,1,0,6,426.0,634.0,0,2,204167.0,99.75710635494056,9.947435528829764,73.52054794520548,560.4794520547945
380,1,0,6,426.0,634.0,0,3,11441.0,46.27263545898535,7.78013025722179,127.66666666666667,506.3333333333333
380,1,0,6,426.0,634.0,1,1,328308.0,99.9503159099637,9.97657755282406,1511.1287284144428,-877.1287284144427
380,1,0,6,426.0,634.0,1,2,334214.0,99.92564378365904,9.995632920464631,1566.230407523511,-932.230407523511
380,1,0,6,426.0,634.0,1,3,12456.0,99.884235019189,9.68320603974949,1659.84,-1025.84
381,1,0,6,426.0,634.0,1,1,1830.0,90.72741593086612,9.881836815516564,765.6666666666666,-131.66666666666666
381,1,0,6,426.0,634.0,1,2,732.0,85.27614739863218,9.995811688201204,866.0,-232.0
381,2,2,7,433.0,577.0,0,1,193482.0,95.6548909302257,9.675915262498249,75.53030303030303,501.469696969697
381,2,2,7,433.0,577.0,0,2,99095.0,97.89151016759357,9.602376905175213,78.85185185185185,498.14814814814815
381,2,2,7,433.0,577.0,0,3,6106.0,96.98111115522308,5.307578922375702,79.5,497.5
381,2,2,7,433.0,577.0,1,1,337225.0,99.62483192395678,9.992585589055205,904.0798122065728,-327.0798122065728
381,2,2,7,433.0,577.0,1,2,348724.0,99.94764164811548,9.99697890950952,908.7279411764706,-331.7279411764706
381,2,2,7,433.0,577.0,1,3,11152.0,97.7819506181525,9.813784497244342,893.1923076923077,-316.1923076923077
382,0,0,1,281.0,634.0,0,1,228771.0,99.97589696298648,9.902175434812284,148.25,485.75
382,0,0,1,281.0,634.0,0,2,187678.0,99.27526583588804,9.830193994339504,96.4776119402985,537.5223880597015
382,0,0,1,281.0,634.0,0,3,5578.0,83.53873319655976,6.689274947574217,149.5,484.5
382,0,0,1,281.0,634.0,1,1,422641.0,99.69129679786812,9.977610267209302,1525.2109375,-891.2109375
382,0,0,1,281.0,634.0,1,2,415570.0,99.97821417980352,9.988572618754713,1479.9737248840804,-845.9737248840804
382,0,0,1,281.0,634.0,1,3,17140.0,99.06885477421235,9.67797229842524,1601.3076923076924,-967.3076923076923
383,0,0,1,281.0,634.0,1,1,2355.0,99.0256628050018,9.60908197857049,126.0,508.0
383,0,0,1,281.0,634.0,1,2,942.0,73.76008022011229,9.894254910822289,236.5,397.5
383,0,1,3,262.0,928.0,0,1,405061.0,99.40229113457572,9.967049948505114,121.68794326241135,806.3120567375887
383,0,1,3,262.0,928.0,0,2,387735.0,99.78609427289068,9.985538520631192,156.52727272727273,771.4727272727273
383,0,1,3,262.0,928.0,0,3,22789.0,99.12217700651492,9.353147370298098,127.0,801.0
383,0,1,3,262.0,928.0,1,1,285988.0,99.97716124927511,9.935493143040182,1154.2938053097346,-226.29380530973452
383,0,1,3,262.0,928.0,1,2,317879.0,99.94588638449652,9.968883399379989,1164.0603015075376,-236.0603015075377
383,0,1,3,262.0,928.0,1,3,9638.0,98.39574319025864,9.807478677256825,1194.047619047619,-266.04761904761904
384,0,1,3,262.0,928.0,1,1,11955.0,99.0263974651771,9.894983781009492,266.4,661.6
384,0,1,3,262.0,928.0,1,2,797.0,95.53449287905109,3.537742618566761,370.0,558.0
384,3,0,0,208.0,773.0,0,1,398678.0,99.7374220112544,9.941130662027026,147.4485294117647,625.5514705882352
384,3,0,0,208.0,773.0,0,2,336196.0,99.79073962047542,9.70279279774139,124.4469696969697,648.5530303030303
384,3,0,0,208.0,773.0,0,3,23355.0,74.0750996607371,8.576909751797528,124.14285714285714,648.8571428571429
384,3,0,0,208.0,773.0,1,1,295861.0,99.93082096682843,9.983544970833943,1069.8330404217927,-296.83304042179265
384,3,0,0,208.0,773.0,1,2,297064.0,99.8371547382741,9.994436697212578,1045.7293103448276,-272.7293103448276
384,3,0,0,208.0,773.0,1,3,11879.0,94.9148832520752,9.979874486034497,1154.095238095238,-381.0952380952381
385,3,0,0,208.0,773.0,1,1,5408.0,91.68838659338836,7.389510966593106,579.125,193.875
385,3,0,0,208.0,773.0,1,2,5070.0,88.46789841136551,9.621666420475758,731.2666666666667,41.733333333333334
385,3,0,0,208.0,773.0,1,3,338.0,84.02314220435277,0.695400167982656,834.0,-61.0
385,3,1,3,420.0,927.0,0,1,213101.0,99.95368275678511,9.780714121911949,117.4,809.6
385,3,1,3,420.0,927.0,0,2,200999.0,99.29293166076896,9.97220265247951,170.45631067961165,756.5436893203884
385,3,1,3,420.0,927.0,0,3,3852.0,93.93339277814204,4.678517763706194,87.5,839.5
385,3,1,3,420.0,927.0,1,1,342470.0,99.64315789776036,9.98413189365037,1114.7983333333334,-187.79833333333335
385,3,1,3,420.0,927.0,1,2,331831.0,99.8895482951456,9.983738372901888,1141.036974789916,-214.03697478991597
385,3,1,3,420.0,927.0,1,3,15150.0,93.9877290859063,9.955990709725766,1122.12,-195.12
386,0,3,4,374.0,736.0,0,1,117513.0,98.357724967268,9.618422708429064,130.68,605.32
386,0,3,4,374.0,736.0,0,2,233788.0,99.79450077995554,9.997809840461464,102.63855421686748,633.3614457831326
386,0,3,4,374.0,736.0,1,1,345426.0,99.809748474948,9.995444398132957,2326.391171993912,-1590.3911719939117
386,0,3,4,374.0,736.0,1,2,329725.0,99.88596708444364,9.969105019321807,2335.570522979398,-1599.5705229793978
386,0,3,4,374.0,736.0,1,3,14723.0,99.38284296414824,9.17218337735181,2163.75,-1427.75
386,3,1,3,420.0,927.0,1,1,12519.0,95.11108690643287,8.14232164811386,631.1538461538462,295.84615384615387
387,0,3,4,374.0,736.0,1,1,6285.0,98.52093721211496,9.76990642930011,477.4,258.6
387,0,3,4,374.0,736.0,1,2,838.0,48.151534077635134,9.75060804882011,571.0,165.0
387,0,3,9,344.0,878.0,0,1,438826.0,99.66117175533608,9.973076776145511,193.35714285714286,684.6428571428571
387,0,3,9,344.0,878.0,0,2,571499.0,99.93203215151996,9.958175357988916,168.91542288557213,709.0845771144278
387,0,3,9,344.0,878.0,0,3,20362.0,91.94837305031191,9.146959875201558,205.125,672.875
387,0,3,9,344.0,878.0,1,1,297360.0,99.85943612124376,9.97882410769794,928.1396648044692,-50.13966480446928
387,0,3,9,344.0,878.0,1,2,278965.0,99.73374075835868,9.96618627701702,926.2862745098039,-48.286274509803924
387,0,3,9,344.0,878.0,1,3,11386.0,98.92419665261178,8.506902175451645,970.9,-92.9
388,0,3,9,344.0,878.0,1,1,5235.0,95.13908928485596,9.994119679153169,180.0,698.0
388,0,3,9,344.0,878.0,1,2,2443.0,79.33730586807353,9.048146021164769,321.14285714285717,556.8571428571429
388,3,2,6,474.0,543.0,0,1,115033.0,98.2147012861794,9.735661456294393,84.67924528301887,458.3207547169811
388,3,2,6,474.0,543.0,0,2,177683.0,97.4486607118517,9.400185367627529,97.42028985507247,445.57971014492756
388,3,2,6,474.0,543.0,0,3,835.0,27.33803982821156,0.0462693827096039,38.0,505.0
388,3,2,6,474.0,543.0,1,1,373361.0,99.97909559404792,9.986262414946744,2209.9585889570553,-1666.9585889570553
388,3,2,6,474.0,543.0,1,2,367548.0,99.97554475319588,9.999502687238367,2218.8759811616956,-1675.8759811616953
388,3,2,6,474.0,543.0,1,3,15673.0,97.35860629545353,9.913280952789522,2052.3703703703704,-1509.3703703703704
389,1,1,8,323.0,537.0,0,1,215755.0,99.11572506700529,9.7896887740947,113.8780487804878,423.1219512195122
389,1,1,8,323.0,537.0,0,2,119227.0,99.78121814815812,9.621806140482166,87.76363636363637,449.23636363636365
389,1,1,8,323.0,537.0,0,3,7240.0,97.08584819477994,7.559792268545471,67.0,470.0
389,1,1,8,323.0,537.0,1,1,357737.0,99.95233718532285,9.991825492452003,1826.1861958266452,-1289.1861958266452
389,1,1,8,323.0,537.0,1,2,385421.0,99.9591440131078,9.97357879740384,1708.4413580246915,-1171.4413580246915
389,1,1,8,323.0,537.0,1,3,14515.0,97.95827943727136,7.899971995534213,1673.076923076923,-1136.076923076923
389,3,2,6,474.0,543.0,1,1,7785.0,99.86483302835748,9.939387816774326,298.8666666666667,244.13333333333333
389,3,2,6,474.0,543.0,1,2,5190.0,97.6152389317058,9.176693106427049,445.6,97.4
390,1,1,8,323.0,537.0,1,1,7308.0,84.75607575307328,9.214728856956851,672.3571428571429,-135.35714285714286
390,2,3,8,489.0,692.0,0,1,109874.0,99.13303188134265,9.655623995887463,138.71794871794873,553.2820512820513
390,2,3,8,489.0,692.0,0,2,124417.0,99.18909280505926,9.996720047461938,138.1509433962264,553.8490566037735
390,2,3,8,489.0,692.0,0,3,6619.0,37.89709167975319,9.78276994692598,134.0,558.0
390,2,3,8,489.0,692.0,1,1,387783.0,99.89203760155652,9.985628083270168,1732.7181409295351,-1040.7181409295351
390,2,3,8,489.0,692.0,1,2,385015.0,99.88797504395022,9.967494439762568,1755.4212121212122,-1063.4212121212122
390,2,3,8,489.0,692.0,1,3,16236.0,97.0621263933606,9.539033623431516,1783.1153846153845,-1091.1153846153845
391,2,1,7,199.0,506.0,0,1,176914.0,96.3423808514226,9.877536688242724,76.03448275862068,429.9655172413793
391,2,1,7,199.0,506.0,0,2,132330.0,97.88515824927572,9.912645566111664,83.48648648648648,422.5135135135135
391,2,1,7,199.0,506.0,0,3,6709.0,91.64304044195468,8.610995297789996,64.0,442.0
391,2,1,7,199.0,506.0,1,1,350481.0,99.79797679404116,9.99934862793928,1498.856259659969,-992.856259659969
391,2,1,7,199.0,506.0,1,2,351082.0,99.9981681947073,9.98838995854053,1492.5388059701493,-986.5388059701493
391,2,1,7,199.0,506.0,1,3,12538.0,93.16326799927228,8.69989352570649,1486.6538461538462,-980.6538461538462
391,2,3,8,489.0,692.0,1,1,3810.0,94.94522362499012,7.817563633058496,492.0,200.0
391,2,3,8,489.0,692.0,1,2,1524.0,88.97500650021827,7.867374089321363,596.3333333333334,95.66666666666667
392,2,1,7,199.0,506.0,1,1,21112.0,96.23521890943184,9.62463930769056,805.3076923076923,-299.3076923076923
392,2,1,7,199.0,506.0,1,2,12180.0,82.39692283948949,9.443384073079972,854.8,-348.8
392,2,1,7,199.0,506.0,1,3,812.0,61.904602979096296,4.061452153113264,949.0,-443.0
392,2,3,6,196.0,953.0,0,1,244672.0,99.76059668744855,9.930753885769528,106.52112676056338,846.4788732394367
392,2,3,6,196.0,953.0,0,2,124796.0,99.03031368799888,9.137065226933892,108.34210526315789,844.6578947368421
392,2,3,6,196.0,953.0,0,3,4157.0,94.41169172371916,0.0443306075877847,117.0,836.0
392,2,3,6,196.0,953.0,1,1,323793.0,99.73502924200096,9.985397391861232,2808.4125200642056,-1855.4125200642054
392,2,3,6,196.0,953.0,1,2,333268.0,99.99644639481085,9.99073102826706,2746.2863636363636,-1793.2863636363636
392,2,3,6,196.0,953.0,1,3,10916.0,99.0665827739569,9.716044131065695,2737.1153846153848,-1784.1153846153845
393,2,0,3,197.0,718.0,0,1,235041.0,98.68967252135494,9.990992840465331,96.6,621.4
393,2,0,3,197.0,718.0,0,2,330183.0,99.16585979193567,9.948261136698996,132.02189781021897,585.978102189781
393,2,0,3,197.0,718.0,0,3,11922.0,94.5808650928899,9.243273156977684,147.0,571.0
393,2,0,3,197.0,718.0,1,1,357481.0,99.89714388955016,9.995222993879576,1291.0793388429752,-573.0793388429752
393,2,0,3,197.0,718.0,1,2,339976.0,99.98212212278229,9.960227522721546,1340.775221238938,-622.775221238938
393,2,0,3,197.0,718.0,1,3,14255.0,99.55043887125356,9.658634363782358,1237.0,-519.0
393,2,3,6,196.0,953.0,1,1,1680.0,97.6871793395978,9.678396295933776,793.4,159.6
393,2,3,6,196.0,953.0,1,2,1232.0,98.64234876830184,8.84980590868287,952.7272727272727,0.2727272727272727
394,1,1,8,477.0,583.0,0,1,323167.0,99.92144736720354,9.958095890225982,91.65811965811966,491.34188034188037
394,1,1,8,477.0,583.0,0,2,368656.0,99.57290309311628,9.953075919302186,119.34146341463415,463.6585365853659
394,1,1,8,477.0,583.0,0,3,9384.0,88.38266791243184,8.045717169592685,152.75,430.25
394,1,1,8,477.0,583.0,1,1,302122.0,99.95810097882058,9.992298517612875,857.9098497495827,-274.90984974958263
394,1,1,8,477.0,583.0,1,2,300073.0,99.8500277388364,9.977506096331302,883.4720812182741,-300.4720812182741
394,1,1,8,477.0,583.0,1,3,13999.0,97.29009415356188,8.99969833751955,883.2083333333334,-300.2083333333333
394,2,0,3,197.0,718.0,1,1,1916.0,96.1688822301642,5.540841365878162,383.75,334.25
395,1,1,8,477.0,583.0,1,1,2856.0,90.57062616668418,8.922008330090708,457.6666666666667,125.33333333333333
395,1,3,1,68.0,712.0,0,1,410961.0,99.64467807635604,9.979553119300183,119.12,592.88
395,1,3,1,68.0,712.0,0,2,377379.0,99.77922726349271,9.998459020653018,101.31858407079646,610.6814159292036
395,1,3,1,68.0,712.0,0,3,8210.0,56.417986951729134,7.796254604987619,123.0,589.0
395,1,3,1,68.0,712.0,1,1,309057.0,99.8325938465952,9.995310387663478,1164.856418918919,-452.8564189189189
395,1,3,1,68.0,712.0,1,2,323754.0,99.9523978492165,9.958492240489123,1154.2816666666668,-442.2816666666667
395,1,3,1,68.0,712.0,1,3,13131.0,93.6773081973831,9.59581774207608,1249.8,-537.8
396,0,0,2,200.0,929.0,0,1,280645.0,99.45062628534455,9.969009595784415,142.84,786.16
396,0,0,2,200.0,929.0,0,2,263057.0,99.06677903755734,9.972732188877105,122.06930693069307,806.9306930693069
396,0,0,2,200.0,929.0,0,3,11892.0,92.56674928254937,7.075274188239977,166.8,762.2
396,0,0,2,200.0,929.0,1,1,298007.0,99.96885970449352,9.937285228739158,1271.167213114754,-342.1672131147541
396,0,0,2,200.0,929.0,1,2,301760.0,99.98633838934067,9.941889707704355,1267.2300163132138,-338.2300163132137
396,0,0,2,200.0,929.0,1,3,11681.0,99.75606103165406,9.802755287538307,1277.0,-348.0
396,1,3,1,68.0,712.0,1,1,7640.0,89.59434467254692,9.27117016358805,721.3,-9.3
397,0,0,2,200.0,929.0,0,1,39797.0,95.19597350230298,9.601266466496943,380.29411764705884,548.7058823529412
397,0,0,2,200.0,929.0,0,2,35115.0,97.95526810124726,9.518553345457407,535.2,393.8
397,0,0,2,200.0,929.0,0,3,2341.0,93.2587415115352,5.858089705065908,638.0,291.0
397,3,1,0,325.0,698.0,0,1,246133.0,99.83394292062692,9.970234939566073,90.1566265060241,607.843373493976
397,3,1,0,325.0,698.0,0,2,251836.0,99.95934176908644,9.988751847849866,125.86458333333333,572.1354166666666
397,3,1,0,325.0,698.0,0,3,10092.0,86.00885359190339,2.4964454578662245,155.66666666666666,542.3333333333334
397,3,1,0,325.0,698.0,1,1,305079.0,99.89234448151647,9.999570464439367,1328.683870967742,-630.6838709677419
397,3,1,0,325.0,698.0,1,2,284532.0,99.92545510504868,9.976456018413684,1376.1744186046512,-678.1744186046511
397,3,1,0,325.0,698.0,1,3,10881.0,98.9352700018775,9.798136961467588,1234.1666666666667,-536.1666666666666
398,2,0,2,367.0,549.0,0,1,186651.0,99.55257040182562,9.830893758344065,57.92307692307692,491.0769230769231
398,2,0,2,367.0,549.0,0,2,217613.0,99.0594620276019,9.784430883909517,89.86301369863014,459.13698630136986
398,2,0,2,367.0,549.0,0,3,6724.0,79.29707322178112,9.577618268990229,144.0,405.0
398,2,0,2,367.0,549.0,1,1,329360.0,99.9859203909856,9.999725468223566,1997.8184615384616,-1448.8184615384616
398,2,0,2,367.0,549.0,1,2,330918.0,99.95204640516928,9.962124701174297,1966.55625,-1417.55625
398,2,0,2,367.0,549.0,1,3,13222.0,98.70344890876147,8.882962869633705,1890.7307692307693,-1341.7307692307693
398,3,1,0,325.0,698.0,1,1,2550.0,80.13573528593847,9.73597552069898,497.4,200.6
399,1,1,9,206.0,983.0,0,1,261073.0,98.326899399088,9.956453721162616,154.659793814433,828.340206185567
399,1,1,9,206.0,983.0,0,2,355903.0,99.97343071247046,9.876568049734978,130.6209677419355,852.3790322580645
399,1,1,9,206.0,983.0,0,3,10855.0,97.95527616614852,8.115436339366171,170.75,812.25
399,1,1,9,206.0,983.0,1,1,321802.0,99.8513869551,9.963095298653275,1302.3754208754208,-319.3754208754209
399,1,1,9,206.0,983.0,1,2,293016.0,99.975120669062,9.985729124692527,1321.4425087108013,-338.4425087108014
399,1,1,9,206.0,983.0,1,3,12763.0,88.94137522411829,9.92144526076807,1253.5652173913043,-270.5652173913044
399,2,0,2,367.0,549.0,1,1,5655.0,94.83371925438564,9.279294146187173,903.0,-354.0
399,2,0,2,367.0,549.0,1,2,2925.0,82.605855696945,9.883241536731935,915.2,-366.2
399,2,0,2,367.0,549.0,1,3,195.0,68.47273174758512,1.1574625397082516,987.0,-438.0
400,1,1,9,206.0,983.0,1,1,12270.0,97.46606434186651,9.79902375640994,111.2,871.8
400,1,1,9,206.0,983.0,1,2,8998.0,98.51605290416266,9.889354889761387,273.27272727272725,709.7272727272727
400,2,3,3,208.0,738.0,0,1,301560.0,98.88578645683675,9.550213078862985,94.6086956521739,643.3913043478261
400,2,3,3,208.0,738.0,0,2,181460.0,97.07549755538368,9.955053581493171,110.42592592592592,627.574074074074
400,2,3,3,208.0,738.0,1,1,343362.0,99.86037552512754,9.99589751939376,1079.5089722675366,-341.5089722675367
400,2,3,3,208.0,738.0,1,2,349525.0,99.601490478715,9.9954018090955,1034.1172839506173,-296.11728395061726
400,2,3,3,208.0,738.0,1,3,17093.0,97.0215593025178,9.833983304524333,1045.25,-307.25
401,1,1,3,263.0,797.0,0,1,391696.0,99.90709526905252,9.793580576217604,96.99186991869918,700.0081300813008
401,1,1,3,263.0,797.0,0,2,332531.0,99.45482706298608,9.838036600225736,124.98,672.02
401,1,1,3,263.0,797.0,0,3,20487.0,96.89911427524238,8.052895710989107,114.5,682.5
401,1,1,3,263.0,797.0,1,1,330077.0,99.79994134740336,9.992292097134282,933.9608843537414,-136.9608843537415
401,1,1,3,263.0,797.0,1,2,326632.0,99.9147628450743,9.999345574482485,932.858075040783,-135.85807504078304
401,1,1,3,263.0,797.0,1,3,11008.0,94.14016694805537,9.209873240256808,933.9545454545455,-136.95454545454547
401,2,3,3,208.0,738.0,1,1,5301.0,99.74967740445396,9.988116899936376,125.44444444444444,612.5555555555555
402,1,1,3,263.0,797.0,1,1,3000.0,99.88901183698049,9.195797684174993,767.0,30.0
402,1,1,3,263.0,797.0,1,2,2000.0,90.34875808834175,9.45917098977323,929.0,-132.0
402,2,0,6,114.0,543.0,0,1,254185.0,98.4294433194778,9.934133448833832,90.80412371134021,452.1958762886598
402,2,0,6,114.0,543.0,0,2,211176.0,97.51314580191794,9.274565507935094,109.8375,433.1625
402,2,0,6,114.0,543.0,0,3,17533.0,92.99338069598728,9.6177462532728,57.714285714285715,485.2857142857143
402,2,0,6,114.0,543.0,1,1,291865.0,99.96975046751858,9.999216929092407,816.7845394736842,-273.7845394736842
402,2,0,6,114.0,543.0,1,2,314436.0,99.78775268744064,9.993465437268622,805.1426282051282,-262.14262820512823
402,2,0,6,114.0,543.0,1,3,8740.0,98.78476516038312,9.994385571588326,897.5714285714286,-354.57142857142856
403,2,0,2,342.0,731.0,0,1,196123.0,99.42199158286708,9.918074683762988,150.37623762376236,580.6237623762377
403,2,0,2,342.0,731.0,0,2,344565.0,99.1643902829959,9.966037628047175,94.69503546099291,636.3049645390071
403,2,0,2,342.0,731.0,0,3,10415.0,95.16065641198956,8.428759022346073,91.6,639.4
403,2,0,2,342.0,731.0,1,1,333484.0,99.85004126942428,9.9652765943121,858.8278145695364,-127.82781456953643
403,2,0,2,342.0,731.0,1,2,298800.0,99.6755759233656,9.99402125260719,851.657091561939,-120.65709156193896
403,2,0,2,342.0,731.0,1,3,12380.0,98.04612066245392,9.063833271852872,886.7727272727273,-155.77272727272728
403,2,0,6,114.0,543.0,1,1,6540.0,97.46795554674604,9.724379779579408,220.46666666666667,322.53333333333336
403,2,0,6,114.0,543.0,1,2,6540.0,99.20110340778751,9.886105103775735,392.3333333333333,150.66666666666666
403,2,0,6,114.0,543.0,1,3,436.0,72.7462351210896,3.179415069301873,501.0,42.0
404,2,0,2,342.0,731.0,1,1,4215.0,89.84012354653427,8.943044434245827,288.6666666666667,442.3333333333333
404,2,0,2,342.0,731.0,1,2,2248.0,99.77779563426354,8.246307181486221,397.0,334.0
404,3,3,6,319.0,522.0,0,1,134575.0,97.20566515320932,9.81517219780434,100.04761904761905,421.95238095238096
404,3,3,6,319.0,522.0,0,2,143660.0,95.93026317187072,9.91126196318693,57.80952380952381,464.1904761904762
404,3,3,6,319.0,522.0,0,3,2136.0,97.19018014873888,6.998575882383231,36.0,486.0
404,3,3,6,319.0,522.0,1,1,384902.0,99.9924544030992,9.99995184537624,1735.5173453996983,-1213.5173453996983
404,3,3,6,319.0,522.0,1,2,387484.0,99.81154707914835,9.99477560432215,1694.1280120481927,-1172.1280120481927
404,3,3,6,319.0,522.0,1,3,14673.0,98.68219255329484,9.969932341031392,1559.2222222222222,-1037.2222222222222
405,1,2,4,229.0,792.0,0,1,169119.0,97.25369759279774,9.669360755039886,124.26666666666667,667.7333333333333
405,1,2,4,229.0,792.0,0,2,318955.0,97.0860340502986,9.98480011706536,111.21311475409836,680.7868852459017
405,1,2,4,229.0,792.0,0,3,1956.0,74.20025214696939,0.053804232809409,219.0,573.0
405,1,2,4,229.0,792.0,1,1,356472.0,99.7696691235872,9.987862850108558,1432.128526645768,-640.128526645768
405,1,2,4,229.0,792.0,1,2,322933.0,99.95548284408952,9.984976072890529,1449.1128472222222,-657.1128472222222
405,1,2,4,229.0,792.0,1,3,15095.0,90.36926826181134,9.617311786936773,1383.8076923076924,-591.8076923076923
405,3,3,6,319.0,522.0,1,1,11836.0,96.1246947380891,9.842072618275605,470.72727272727275,51.27272727272727
405,3,3,6,319.0,522.0,1,2,8070.0,99.99980261192631,9.56352560709208,531.8666666666667,-9.866666666666667
405,3,3,6,319.0,522.0,1,3,538.0,63.10222185981167,5.549936611590267,638.0,-116.0
406,0,1,8,198.0,755.0,0,1,227867.0,99.0422345934046,9.867797525118512,114.59756097560975,640.4024390243902
406,0,1,8,198.0,755.0,0,2,234066.0,98.984784606776,9.983973090456548,126.25301204819277,628.7469879518072
406,0,1,8,198.0,755.0,0,3,13604.0,84.15343859718485,9.132597534355924,112.0,643.0
406,0,1,8,198.0,755.0,1,1,342316.0,99.9679556843532,9.940218436454485,1352.8747993579454,-597.8747993579454
406,0,1,8,198.0,755.0,1,2,321965.0,99.98014966547588,9.987134421739825,1412.8227642276422,-657.8227642276423
406,0,1,8,198.0,755.0,1,3,14031.0,98.12097613945768,9.64716474562024,1488.125,-733.125
406,1,2,4,229.0,792.0,1,1,8460.0,99.38743710706504,9.978598584053383,555.5333333333333,236.46666666666667
406,1,2,4,229.0,792.0,1,2,8460.0,98.87896973281607,9.39977288728101,699.4,92.6
407,0,1,8,198.0,755.0,1,1,1472.0,96.12024978048588,9.478090457799569,496.0,259.0
407,0,1,8,205.0,723.0,0,1,434290.0,99.19094183719952,9.796257488765818,93.51461988304094,629.485380116959
407,0,1,8,205.0,723.0,0,2,406893.0,98.19262182714336,9.928724233757674,141.7687074829932,581.2312925170068
407,0,1,8,205.0,723.0,0,3,11672.0,81.33092086516635,7.768496717197689,192.0,531.0
407,0,1,8,205.0,723.0,1,1,308481.0,99.92457639523312,9.971727790135946,940.8210332103321,-217.8210332103321
407,0,1,8,205.0,723.0,1,2,322163.0,99.86855497527232,9.991369169110502,1003.3604240282685,-280.36042402826854
407,0,1,8,205.0,723.0,1,3,13717.0,96.8678844795224,9.03500145287754,956.2916666666666,-233.29166666666666
408,0,1,8,205.0,723.0,1,1,8652.0,98.13547878042752,9.954722499317995,420.6666666666667,302.3333333333333
408,1,0,9,316.0,918.0,0,1,334992.0,98.82818297175844,9.979197442965976,155.72033898305085,762.2796610169491
408,1,0,9,316.0,918.0,0,2,252635.0,98.32193665636032,9.891415480982854,117.52941176470588,800.4705882352941
408,1,0,9,316.0,918.0,0,3,15498.0,82.13138543605865,6.615115249644844,116.0,802.0
408,1,0,9,316.0,918.0,1,1,279962.0,99.88207746267722,9.984382410719087,1058.764406779661,-140.76440677966102
408,1,0,9,316.0,918.0,1,2,291600.0,99.8243963363029,9.968369577738272,1086.795417348609,-168.79541734860885
408,1,0,9,316.0,918.0,1,3,9817.0,99.62793881588834,9.56020535423838,1107.0454545454545,-189.04545454545453
409,1,0,9,316.0,918.0,1,1,2490.0,94.43370911331972,8.900271150269603,422.8,495.2
409,1,0,9,316.0,918.0,1,2,1992.0,95.82944944598296,9.740025602222374,592.75,325.25
409,1,2,0,472.0,746.0,0,1,164078.0,98.94552860587775,9.968430608152572,129.02898550724638,616.9710144927536
409,1,2,0,472.0,746.0,0,2,209886.0,99.15878667840724,9.723381902227006,127.06451612903226,618.9354838709677
409,1,2,0,472.0,746.0,0,3,2902.0,98.05237514351865,8.306056241421636,147.0,599.0
409,1,2,0,472.0,746.0,1,1,289676.0,99.93213320573685,9.990495631132251,1381.448113207547,-635.4481132075472
409,1,2,0,472.0,746.0,1,2,275018.0,99.61665854428354,9.994939142700082,1362.1003289473683,-616.1003289473684
409,1,2,0,472.0,746.0,1,3,10972.0,99.63310858657164,9.399543200069076,1210.0,-464.0
410,1,2,0,472.0,746.0,1,1,16989.0,87.80115749841555,8.818116155605923,231.8095238095238,514.1904761904761
410,1,2,0,472.0,746.0,1,2,12135.0,94.68873211302537,8.893209184805876,331.6666666666667,414.3333333333333
410,1,2,0,472.0,746.0,1,3,809.0,49.69337041029418,9.723038168867363,396.0,350.0
410,3,2,4,320.0,831.0,0,1,302218.0,99.86657140999112,9.9611295140063,150.33333333333334,680.6666666666666
410,3,2,4,320.0,831.0,0,2,444154.0,99.95218834372312,9.871226243723948,148.47435897435898,682.525641025641
410,3,2,4,320.0,831.0,0,3,18665.0,99.68085446028192,9.693898000849458,202.5,628.5
410,3,2,4,320.0,831.0,1,1,348739.0,99.73467603959712,9.98763205337964,1013.2517361111111,-182.25173611111111
410,3,2,4,320.0,831.0,1,2,325705.0,99.6812466121958,9.983451762905316,990.2970479704798,-159.2970479704797
410,3,2,4,320.0,831.0,1,3,12927.0,94.91218495302638,9.720194812095636,1012.1904761904761,-181.1904761904762
411,2,1,8,199.0,858.0,0,1,125810.0,98.44254486516132,9.941258117180164,217.1216216216216,640.8783783783783
411,2,1,8,199.0,858.0,0,2,108142.0,99.95655729547704,9.735317446341284,182.6,675.4
411,2,1,8,199.0,858.0,1,1,320300.0,99.93200807782549,9.974323631064244,2441.985736925515,-1583.985736925515
411,2,1,8,199.0,858.0,1,2,327142.0,99.86092250915571,9.969247112862837,2334.047770700637,-1476.0477707006369
411,2,1,8,199.0,858.0,1,3,13494.0,97.17976500010936,9.93681759154506,2156.5555555555557,-1298.5555555555557
411,3,2,4,320.0,831.0,0,1,72450.0,88.97800725368613,9.920165686698573,427.6666666666667,403.3333333333333
411,3,2,4,320.0,831.0,0,2,72450.0,94.06467296279712,9.974237795093345,626.2,204.8
411,3,2,4,320.0,831.0,0,3,4830.0,93.10293546864938,1.7714126043033518,747.0,84.0
412,2,1,8,199.0,858.0,1,1,14295.0,96.76961367332608,7.541085969263434,785.6666666666666,72.33333333333333
412,2,1,8,199.0,858.0,1,2,12389.0,98.83107910671482,9.52061917869604,959.6923076923077,-101.6923076923077
412,3,2,4,332.0,748.0,0,1,230260.0,99.5439196403294,9.818090471052964,124.98039215686275,623.0196078431372
412,3,2,4,332.0,748.0,0,2,294142.0,99.47866692680958,9.866972322486728,141.4921875,606.5078125
412,3,2,4,332.0,748.0,0,3,4893.0,56.62958653481948,8.020357388425476,253.66666666666666,494.3333333333333
412,3,2,4,332.0,748.0,1,1,332951.0,99.989472144516,9.931339466649348,1399.6218905472638,-651.6218905472637
412,3,2,4,332.0,748.0,1,2,321626.0,99.98629220829582,9.995526123088812,1500.1958041958042,-752.1958041958042
412,3,2,4,332.0,748.0,1,3,16410.0,98.80611472152177,9.51900660122676,1512.96,-764.96
413,1,3,6,363.0,517.0,0,1,210230.0,97.83121391749891,9.981291893167196,88.78688524590164,428.21311475409834
413,1,3,6,363.0,517.0,0,2,174077.0,99.63627250579158,9.764106020808573,68.78873239436619,448.2112676056338
413,1,3,6,363.0,517.0,0,3,9781.0,97.29500528826335,6.559200963046265,125.33333333333333,391.6666666666667
413,1,3,6,363.0,517.0,1,1,343962.0,99.94532634826972,9.989869366805006,1271.27950310559,-754.27950310559
413,1,3,6,363.0,517.0,1,2,318311.0,99.73511001784186,9.9974614940368,1249.3889763779528,-732.3889763779528
413,1,3,6,363.0,517.0,1,3,13468.0,99.47705065077508,9.66144587951219,1279.12,-762.12
413,3,2,4,332.0,748.0,1,1,12420.0,88.61847133505361,9.403026196449703,443.26666666666665,304.73333333333335
413,3,2,4,332.0,748.0,1,2,5796.0,92.16526054678488,8.353610859199568,580.4285714285714,167.57142857142858
414,1,3,6,363.0,517.0,1,1,3280.0,97.19931671251985,8.002344970068583,603.75,-86.75
414,1,3,6,363.0,517.0,1,2,3075.0,95.10603079037558,7.926663446003035,787.8,-270.8
414,1,3,6,363.0,517.0,1,3,205.0,25.761010595963285,1.6569011184690086,850.0,-333.0
414,3,2,6,279.0,901.0,0,1,287010.0,99.69640322523767,9.910382370990124,99.11570247933884,801.8842975206611
414,3,2,6,279.0,901.0,0,2,352131.0,99.9622544030802,9.922426221562304,142.89473684210526,758.1052631578947
414,3,2,6,279.0,901.0,0,3,13422.0,68.09980721321932,6.823775066906616,124.4,776.6
414,3,2,6,279.0,901.0,1,1,275011.0,99.9484749215407,9.984982281643465,1278.5591766723842,-377.55917667238424
414,3,2,6,279.0,901.0,1,2,278558.0,99.85191054510892,9.992180585671765,1329.4366438356165,-428.43664383561645
414,3,2,6,279.0,901.0,1,3,11163.0,98.17017281576246,9.881223948909629,1364.1363636363637,-463.1363636363636
415,2,3,2,266.0,958.0,0,1,348709.0,98.1897217090833,9.934239467485217,151.92727272727274,806.0727272727273
415,2,3,2,266.0,958.0,0,2,317696.0,99.58918581692365,9.705285207583488,208.659793814433,749.340206185567
415,2,3,2,266.0,958.0,0,3,6589.0,69.24093961662172,1.1219422826535463,210.5,747.5
415,2,3,2,266.0,958.0,1,1,369788.0,99.85913457356612,9.98957413785351,1589.543918918919,-631.543918918919
415,2,3,2,266.0,958.0,1,2,372370.0,99.44062872537069,9.964945745485592,1606.1913477537437,-648.1913477537438
415,2,3,2,266.0,958.0,1,3,16747.0,96.50992265785922,9.838359036443752,1622.92,-664.92
415,3,2,6,279.0,901.0,1,1,3726.0,96.3593729874968,9.450366537556205,774.0555555555555,126.94444444444444
415,3,2,6,279.0,901.0,1,2,3105.0,99.94319914146304,9.194011245441803,899.4,1.6
415,3,2,6,279.0,901.0,1,3,207.0,66.16771422353006,8.749177925815967,1014.0,-113.0
416,2,3,2,266.0,958.0,1,1,12765.0,80.24243233846758,9.870549950053922,282.8,675.2
416,2,3,2,266.0,958.0,1,2,11914.0,99.59905780156676,9.339728883216305,455.42857142857144,502.57142857142856
416,3,2,1,321.0,609.0,0,1,187925.0,99.66078995073693,9.966281182442,115.6086956521739,493.39130434782606
416,3,2,1,321.0,609.0,0,2,221135.0,98.51591320063552,9.680595502533713,99.95774647887323,509.0422535211268
416,3,2,1,321.0,609.0,0,3,12441.0,61.665313291411096,9.399421652597974,60.4,548.6
416,3,2,1,321.0,609.0,1,1,366435.0,99.7312907713937,9.98795808377496,1382.0943396226414,-773.0943396226415
416,3,2,1,321.0,609.0,1,2,360241.0,99.692861650555,9.993557600412482,1411.9331210191083,-802.9331210191083
416,3,2,1,321.0,609.0,1,3,12935.0,99.79037643419318,8.9229335911246,1404.3478260869565,-795.3478260869565
417,0,3,1,451.0,678.0,0,1,309008.0,99.11187285036011,9.939549004778762,128.04761904761904,549.952380952381
417,0,3,1,451.0,678.0,0,2,328383.0,99.43333935876896,9.961821396517418,104.3305785123967,573.6694214876034
417,0,3,1,451.0,678.0,0,3,15630.0,86.41298563136202,7.999893909151433,158.2,519.8
417,0,3,1,451.0,678.0,1,1,291126.0,99.9530246378857,9.975632441605065,1120.9917218543046,-442.9917218543046
417,0,3,1,451.0,678.0,1,2,284029.0,99.8980630522849,9.989718853325462,1139.8263069139966,-461.82630691399663
417,0,3,1,451.0,678.0,1,3,10187.0,98.20289158393044,9.083540848654962,1061.8695652173913,-383.8695652173913
417,3,2,1,321.0,609.0,1,1,6552.0,99.79694859721346,9.973403984456851,508.0,101.0
418,0,3,1,451.0,678.0,1,1,14742.0,99.08628068691998,9.093914423538168,790.7777777777778,-112.77777777777777
418,0,3,1,451.0,678.0,1,2,12285.0,99.6860783418799,9.59514061641343,908.1333333333333,-230.13333333333333
418,0,3,1,451.0,678.0,1,3,819.0,65.43884721005759,1.206764604096,992.0,-314.0
418,3,0,8,59.0,903.0,0,1,227930.0,99.99683036869249,9.49291617265457,182.32584269662922,720.6741573033707
418,3,0,8,59.0,903.0,0,2,180165.0,96.88539299845962,9.930432762405632,129.27710843373495,773.722891566265
418,3,0,8,59.0,903.0,0,3,6433.0,93.93903718499767,7.058741030381559,105.0,798.0
418,3,0,8,59.0,903.0,1,1,359060.0,99.98340845018848,9.999928712152368,1259.9331158238174,-356.9331158238173
418,3,0,8,59.0,903.0,1,2,364595.0,99.87609247513976,9.984245090436495,1244.3934959349594,-341.39349593495933
418,3,0,8,59.0,903.0,1,3,13311.0,91.82283285778485,9.94431987883751,1219.5416666666667,-316.5416666666667
419,0,2,1,224.0,663.0,0,1,297120.0,99.82090170406792,9.940718292426077,127.55445544554455,535.4455445544554
419,0,2,1,224.0,663.0,0,2,226547.0,98.8306473492647,9.74598534949794,112.20987654320987,550.7901234567901
419,0,2,1,224.0,663.0,0,3,6676.0,29.601789949380866,9.624845518276697,45.5,617.5
419,0,2,1,224.0,663.0,1,1,329168.0,99.25147242343508,9.985127372708346,1374.203305785124,-711.2033057851239
419,0,2,1,224.0,663.0,1,2,349005.0,99.89823174675452,9.990891790601596,1283.1968253968255,-620.1968253968254
419,0,2,1,224.0,663.0,1,3,13989.0,99.3132158651248,8.998382450109714,1232.923076923077,-569.9230769230769
419,3,0,8,59.0,903.0,1,1,14100.0,99.49359500687734,9.223678658978088,796.0,107.0
419,3,0,8,59.0,903.0,1,2,1880.0,93.579956323374,7.95134955762559,883.0,20.0
420,0,2,1,224.0,663.0,0,1,73260.0,98.3339699029657,9.815954190528116,113.86666666666666,549.1333333333333
420,0,2,1,224.0,663.0,0,2,73260.0,99.68821358136582,8.83851365427896,305.4,357.6
420,0,2,1,224.0,663.0,0,3,4884.0,28.737484298316165,6.64764906179394,401.0,262.0
420,0,2,9,452.0,902.0,0,1,429406.0,99.88499625407628,9.921088240171851,182.91489361702128,719.0851063829788
420,0,2,9,452.0,902.0,0,2,475713.0,99.24441209156387,9.949322332052049,167.57971014492753,734.4202898550725
420,0,2,9,452.0,902.0,0,3,15240.0,99.69102595372226,9.48478805693383,158.85714285714286,743.1428571428571
420,0,2,9,452.0,902.0,1,1,290896.0,99.81944718212844,9.987586422897644,899.3771760154739,2.622823984526112
420,0,2,9,452.0,902.0,1,2,278153.0,99.60420496747342,9.994405420703965,923.3808553971487,-21.380855397148675
420,0,2,9,452.0,902.0,1,3,11402.0,95.35083585065595,9.301303784124888,950.9,-48.9
421,0,2,9,452.0,902.0,1,1,12420.0,99.87812112412902,8.375290516248079,667.6666666666666,234.33333333333334
421,0,2,9,452.0,902.0,1,2,4140.0,89.32099729061035,7.135739658875348,797.2,104.8
421,0,3,9,271.0,543.0,0,1,253131.0,99.3970515515098,9.89670027770174,81.49019607843137,461.5098039215686
421,0,3,9,271.0,543.0,0,2,222524.0,99.9622883954755,9.836045366966257,102.5,440.5
421,0,3,9,271.0,543.0,0,3,4623.0,89.4741816135096,7.28496137342673,45.666666666666664,497.3333333333333
421,0,3,9,271.0,543.0,1,1,325409.0,99.73412784612246,9.992739958980266,793.5008291873963,-250.50082918739636
421,0,3,9,271.0,543.0,1,2,326802.0,99.87317591719136,9.98852506528043,784.1496815286624,-241.14968152866243
421,0,3,9,271.0,543.0,1,3,12198.0,90.423546388471,9.687094768335552,719.16,-176.16
422,0,3,9,271.0,543.0,1,1,7983.0,98.24558899076884,8.749859904049224,306.0,237.0
422,1,3,7,219.0,915.0,0,1,222803.0,98.49407932286978,9.76544524557734,164.8294573643411,750.1705426356589
422,1,3,7,219.0,915.0,0,2,316155.0,99.84837590776397,9.8941125960208,171.40397350993376,743.5960264900663
422,1,3,7,219.0,915.0,0,3,12598.0,82.227349933141,9.315358258542917,227.33333333333334,687.6666666666666
422,1,3,7,219.0,915.0,1,1,357284.0,99.95595385532316,9.996546443752935,1326.7560137457044,-411.7560137457045
422,1,3,7,219.0,915.0,1,2,346705.0,99.82833318619036,9.999978829087372,1299.9377224199288,-384.93772241992883
422,1,3,7,219.0,915.0,1,3,14852.0,99.27547637793,9.924027301609405,1342.8181818181818,-427.8181818181818
423,0,2,6,67.0,793.0,0,1,324513.0,99.59288669445782,9.94316116207258,133.5252525252525,659.4747474747475
423,0,2,6,67.0,793.0,0,2,385335.0,99.87019032032524,9.953657745559498,134.72881355932202,658.271186440678
423,0,2,6,67.0,793.0,0,3,3049.0,83.5218731986677,9.104907840005122,159.0,634.0
423,0,2,6,67.0,793.0,1,1,327398.0,99.939547568399,9.987847012101415,1745.4587458745875,-952.4587458745874
423,0,2,6,67.0,793.0,1,2,308381.0,99.72765954166886,9.993886717946394,1825.9639794168097,-1032.9639794168097
423,0,2,6,67.0,793.0,1,3,13900.0,99.04158232904462,9.532165102192852,1763.076923076923,-970.0769230769231
423,1,3,7,219.0,915.0,1,1,10965.0,97.70234565530532,8.835277641170634,630.8,284.2
423,1,3,7,219.0,915.0,1,2,8772.0,98.26060678697527,7.663766460766212,783.4166666666666,131.58333333333334
424,0,2,0,317.0,913.0,0,1,332343.0,99.68599633197128,9.93126969747642,149.74380165289256,763.2561983471074
424,0,2,0,317.0,913.0,0,2,285027.0,99.11979895299658,9.93725026981669,143.65656565656565,769.3434343434343
424,0,2,0,317.0,913.0,0,3,4872.0,94.64656652934056,9.541175417349624,85.5,827.5
424,0,2,0,317.0,913.0,1,1,300905.0,99.82788527790014,9.998960374376738,1493.960616438356,-580.9606164383562
424,0,2,0,317.0,913.0,1,2,319388.0,99.97031313274525,9.99472757700731,1475.1452420701169,-562.1452420701169
424,0,2,0,317.0,913.0,1,3,13654.0,99.81780425697698,9.75594761170706,1487.5,-574.5
424,0,2,6,67.0,793.0,1,1,11685.0,98.71783891732746,9.93957367959228,306.6,486.4
424,0,2,6,67.0,793.0,1,2,11685.0,97.3555781954939,9.787641829229004,511.3333333333333,281.6666666666667
425,0,2,0,317.0,913.0,1,1,8175.0,98.29913651197884,9.727033223976186,672.2666666666667,240.73333333333332
425,0,2,0,317.0,913.0,1,2,6540.0,89.06985991746765,9.958927938071,843.1666666666666,69.83333333333333
425,2,0,0,267.0,750.0,0,1,315215.0,98.2145673407091,9.983015879141762,121.47368421052632,628.5263157894736
425,2,0,0,267.0,750.0,0,2,252320.0,97.2675852845068,9.896735489330204,140.77165354330708,609.2283464566929
425,2,0,0,267.0,750.0,0,3,13367.0,94.42224089821345,8.048886752427025,120.375,629.625
425,2,0,0,267.0,750.0,1,1,342699.0,99.91513315754617,9.985601327816887,1109.1064572425828,-359.1064572425829
425,2,0,0,267.0,750.0,1,2,343230.0,99.86001772111652,9.968723632515216,1081.5940766550523,-331.5940766550523
425,2,0,0,267.0,750.0,1,3,11735.0,97.73636262978724,9.6423030430868,1085.25,-335.25
426,2,0,0,267.0,750.0,1,1,10185.0,88.48771050921617,9.808195710317612,328.6,421.4
426,2,0,0,267.0,750.0,1,2,8827.0,99.88748023302809,9.595046723819054,540.9230769230769,209.07692307692307
426,2,2,6,236.0,615.0,0,1,193112.0,99.25330961833144,9.55213647691806,129.53424657534248,485.4657534246575
426,2,2,6,236.0,615.0,0,2,322732.0,97.11997361635224,9.990779206683614,78.71186440677967,536.2881355932203
426,2,2,6,236.0,615.0,0,3,13653.0,92.35137988983809,7.827322609837636,160.0,455.0
426,2,2,6,236.0,615.0,1,1,356002.0,99.86948998353002,9.99551858101324,787.0837282780411,-172.08372827804106
426,2,2,6,236.0,615.0,1,2,321402.0,99.9845528061625,9.993168483305883,794.6672384219554,-179.6672384219554
426,2,2,6,236.0,615.0,1,3,13622.0,98.0185661183465,9.82216490918471,794.304347826087,-179.30434782608697
427,2,2,6,236.0,615.0,1,1,3298.0,97.49057018750524,9.374431334010575,304.2352941176471,310.7647058823529
427,2,2,6,236.0,615.0,1,2,2910.0,92.6272498274526,8.65024674595428,443.6666666666667,171.33333333333334
427,2,2,6,236.0,615.0,1,3,194.0,32.3339145723584,9.444569186140583,566.0,49.0
427,2,2,9,168.0,908.0,0,1,404809.0,99.32515530817916,9.856339145505284,189.7603305785124,718.2396694214876
427,2,2,9,168.0,908.0,0,2,501804.0,98.35479945617148,9.901409933581569,163.3758865248227,744.6241134751773
427,2,2,9,168.0,908.0,0,3,13256.0,91.5423070319628,7.332146879742406,137.25,770.75
427,2,2,9,168.0,908.0,1,1,315352.0,99.88427826164566,9.961660294738667,2457.683848797251,-1549.683848797251
427,2,2,9,168.0,908.0,1,2,297321.0,99.99043781277088,9.98362885050468,2475.9407540394973,-1567.9407540394973
427,2,2,9,168.0,908.0,1,3,13355.0,99.02727067454008,8.524846878536977,2479.3478260869565,-1571.3478260869565
428,0,2,7,161.0,844.0,0,1,180545.0,99.46392809492936,9.6608314295121,124.98823529411764,719.0117647058823
428,0,2,7,161.0,844.0,0,2,144178.0,98.85258116750076,9.969943775608222,125.44444444444444,718.5555555555555
428,0,2,7,161.0,844.0,0,3,6794.0,83.06332192248053,8.032547571914874,200.0,644.0
428,0,2,7,161.0,844.0,1,1,343515.0,99.9232786238038,9.992066912756774,1583.2193548387097,-739.2193548387097
428,0,2,7,161.0,844.0,1,2,345262.0,99.82784077734289,9.994961820447644,1553.150159744409,-709.1501597444089
428,0,2,7,161.0,844.0,1,3,15299.0,99.94233861191653,9.54481265723975,1507.68,-663.68
428,2,2,9,168.0,908.0,1,1,13665.0,98.71635216369336,9.515938942309315,144.33333333333334,763.6666666666666
428,2,2,9,168.0,908.0,1,2,13665.0,98.90713473230896,8.890808007742258,368.26666666666665,539.7333333333333
429,0,2,7,161.0,844.0,1,1,7050.0,96.72041278788308,9.87778558426812,208.6,635.4
429,0,2,7,161.0,844.0,1,2,3290.0,86.12211450257591,9.57188997820115,296.0,548.0
429,3,2,2,481.0,572.0,0,1,129175.0,99.35901136988645,9.93818148065423,88.38461538461539,483.61538461538464
429,3,2,2,481.0,572.0,0,2,82656.0,94.97760902155795,8.96389700477716,95.0,477.0
429,3,2,2,481.0,572.0,0,3,1202.0,96.260717178172,6.345174352316775,49.0,523.0
429,3,2,2,481.0,572.0,1,1,333987.0,99.946872747235,9.998369538649245,1377.009375,-805.009375
429,3,2,2,481.0,572.0,1,2,340822.0,99.93451688457408,9.998483299341324,1304.450980392157,-732.4509803921569
429,3,2,2,481.0,572.0,1,3,13041.0,97.51940493423972,9.361811684937354,1199.888888888889,-627.8888888888889
430,3,1,8,54.0,828.0,0,1,249252.0,99.66078135147096,9.904920733451094,119.08181818181818,708.9181818181818
430,3,1,8,54.0,828.0,0,2,281938.0,99.85295231352733,9.98420633698987,102.14179104477611,725.8582089552239
430,3,1,8,54.0,828.0,0,3,17853.0,73.94656271116344,8.956571424482524,110.5,717.5
430,3,1,8,54.0,828.0,1,1,352880.0,99.71591037304523,9.991048608363943,711.4876847290641,116.51231527093596
430,3,1,8,54.0,828.0,1,2,338908.0,99.88851818496649,9.9948953085308,697.0431778929188,130.95682210708117
430,3,1,8,54.0,828.0,1,3,12216.0,99.27540498255938,9.205976488919646,659.1818181818181,168.8181818181818
430,3,2,2,481.0,572.0,1,1,655.0,28.73920268009772,1.5489503212157196,388.0,184.0
431,0,2,1,169.0,717.0,0,1,286233.0,99.45805295235492,9.972408171467722,139.6390977443609,577.3609022556391
431,0,2,1,169.0,717.0,0,2,213761.0,99.38013423988308,9.930274946560957,133.44036697247705,583.559633027523
431,0,2,1,169.0,717.0,0,3,5415.0,96.8012281517068,8.02689259102344,186.0,531.0
431,0,2,1,169.0,717.0,1,1,318256.0,99.90862798594188,9.993828851567292,1010.9440559440559,-293.94405594405595
431,0,2,1,169.0,717.0,1,2,335398.0,99.84162765314323,9.989957951590812,1005.3966101694915,-288.3966101694915
431,0,2,1,169.0,717.0,1,3,12444.0,98.7946648681076,9.863458080921609,1130.4347826086957,-413.4347826086956
431,3,1,8,54.0,828.0,0,1,46320.0,96.22095872691276,8.971848175130656,165.5625,662.4375
431,3,1,8,54.0,828.0,0,2,43425.0,91.12324969950822,9.798546211129327,295.93333333333334,532.0666666666667
431,3,1,8,54.0,828.0,0,3,2895.0,68.8278081975663,5.214158166044979,363.0,465.0
432,0,0,6,315.0,630.0,0,1,172185.0,98.91654108502595,9.934651058861814,116.15254237288136,513.8474576271186
432,0,0,6,315.0,630.0,0,2,171837.0,99.3242006180465,9.886510284015293,98.9054054054054,531.0945945945946
432,0,0,6,315.0,630.0,0,3,4779.0,94.6376567131951,7.679217008945605,109.0,521.0
432,0,0,6,315.0,630.0,1,1,361949.0,99.7915132553232,9.987359786739294,1141.7445820433436,-511.74458204334366
432,0,0,6,315.0,630.0,1,2,345573.0,99.89265435469578,9.975744716440628,1139.3184713375797,-509.31847133757964
432,0,0,6,315.0,630.0,1,3,14762.0,99.7749161993959,9.931435458635914,1091.6153846153845,-461.61538461538464
432,0,2,1,169.0,717.0,1,1,6675.0,94.301256897673,9.706708158952235,627.9333333333333,89.06666666666666
432,0,2,1,169.0,717.0,1,2,4895.0,96.48478930196455,8.09934901531361,779.9090909090909,-62.90909090909091
433,0,0,6,315.0,630.0,1,1,4140.0,97.64951570357682,9.585025245232186,788.0,-158.0
433,0,0,6,315.0,630.0,1,2,3036.0,93.70607348945838,6.743978946793764,959.0909090909091,-329.09090909090907
433,3,2,0,439.0,667.0,0,1,227132.0,99.96920376185498,9.964254081670123,116.78651685393258,550.2134831460675
433,3,2,0,439.0,667.0,0,2,250378.0,99.03471741189504,9.894836245560873,108.80314960629921,558.1968503937007
433,3,2,0,439.0,667.0,0,3,11116.0,95.26675242759842,9.799812476807428,124.4,542.6
433,3,2,0,439.0,667.0,1,1,326407.0,99.93369118832216,9.96515144467317,1056.2694805194806,-389.2694805194805
433,3,2,0,439.0,667.0,1,2,302923.0,99.79001159989625,9.991460054375578,1113.8747826086956,-446.8747826086956
433,3,2,0,439.0,667.0,1,3,12906.0,99.51116806214526,9.75687810648306,1094.4782608695652,-427.4782608695652
434,2,0,8,234.0,511.0,0,1,213800.0,95.84114880124538,9.96834007138488,82.9076923076923,428.0923076923077
434,2,0,8,234.0,511.0,0,2,212827.0,99.5609445883846,9.910133728095955,57.40298507462686,453.5970149253731
434,2,0,8,234.0,511.0,0,3,10931.0,91.91917528208263,5.626843919914598,51.0,460.0
434,2,0,8,234.0,511.0,1,1,316974.0,99.80864860878252,9.980875939190724,919.2137285491419,-408.213728549142
434,2,0,8,234.0,511.0,1,2,314514.0,99.85534772518218,9.996324965898696,990.3186813186813,-479.31868131868134
434,2,0,8,234.0,511.0,1,3,11740.0,91.37130400933448,9.508602569299676,882.304347826087,-371.30434782608694
434,3,2,0,439.0,667.0,1,1,6570.0,97.78945645582792,9.286140162021322,604.8,62.2
434,3,2,0,439.0,667.0,1,2,3942.0,91.84576650782772,9.364011535000111,753.4444444444445,-86.44444444444444
435,2,0,8,234.0,511.0,1,1,12750.0,95.21880719519082,9.91962636530863,379.8,131.2
435,2,0,8,234.0,511.0,1,2,10200.0,96.8366968435418,9.922859534298077,539.9166666666666,-28.916666666666668
435,2,0,8,430.0,587.0,0,1,346966.0,99.18299314196906,9.861822428855508,96.0,491.0
435,2,0,8,430.0,587.0,0,2,350705.0,99.5143586819132,9.904043718938157,102.6086956521739,484.39130434782606
435,2,0,8,430.0,587.0,0,3,14736.0,69.07946723442166,8.236931556299101,121.75,465.25
435,2,0,8,430.0,587.0,1,1,303834.0,99.85023753444962,9.999071732476915,1101.619365609349,-514.619365609349
435,2,0,8,430.0,587.0,1,2,321698.0,99.999940287025,9.989126570011944,1079.4271685761048,-492.42716857610475
435,2,0,8,430.0,587.0,1,3,13358.0,95.4881961203977,9.364406078314037,1137.625,-550.625
436,2,0,8,430.0,587.0,1,1,3402.0,96.57057901733752,9.977075944895308,461.14814814814815,125.85185185185185
436,2,0,8,430.0,587.0,1,2,1890.0,98.58778369811048,9.53386486140771,492.6,94.4
436,2,0,8,430.0,587.0,1,3,126.0,59.35388239385537,2.678101609011334,569.0,18.0
436,2,1,0,180.0,927.0,0,1,317892.0,99.55430536831166,9.787428456497512,116.65833333333333,810.3416666666667
436,2,1,0,180.0,927.0,0,2,450036.0,99.30170232881098,9.997442402810828,106.13422818791946,820.8657718120805
436,2,1,0,180.0,927.0,0,3,8268.0,87.38001033095014,5.547300048661979,163.25,763.75
436,2,1,0,180.0,927.0,1,1,339966.0,99.83272880557712,9.975982658555834,1065.3595113438046,-138.35951134380454
436,2,1,0,180.0,927.0,1,2,308393.0,99.86949493259016,9.985781539743664,1066.5555555555557,-139.55555555555554
436,2,1,0,180.0,927.0,1,3,13199.0,94.1171271825486,8.659715642207438,1019.3478260869565,-92.34782608695652
437,1,2,8,405.0,711.0,0,1,199706.0,98.3955608681415,9.95519291498901,115.31645569620254,595.6835443037975
437,1,2,8,405.0,711.0,0,2,134707.0,97.62097367829918,9.838038973916568,81.96428571428571,629.0357142857143
437,1,2,8,405.0,711.0,0,3,14868.0,97.53317496836463,5.827430935773759,105.0,606.0
437,1,2,8,405.0,711.0,1,1,346163.0,99.75580648756788,9.986419564997194,1791.9312,-1080.9312
437,1,2,8,405.0,711.0,1,2,353423.0,99.7746216137274,9.97040906561221,1808.2519440124418,-1097.2519440124418
437,1,2,8,405.0,711.0,1,3,11495.0,96.11761758873894,9.14726485669239,1891.6818181818182,-1180.6818181818182
437,2,1,0,180.0,927.0,0,1,53840.0,94.55758696962307,8.27661340417607,418.9375,508.0625
437,2,1,0,180.0,927.0,0,2,50475.0,96.68722909447342,9.85980185901406,562.4,364.6
437,2,1,0,180.0,927.0,0,3,3365.0,40.87498794209556,3.3227615441056413,655.0,272.0
438,1,2,8,405.0,711.0,0,1,79288.0,91.91852291473108,9.547119472359904,500.2352941176471,210.76470588235293
438,1,2,8,405.0,711.0,0,2,69960.0,97.07406438902404,8.988014404768464,669.1333333333333,41.86666666666667
438,1,2,8,405.0,711.0,0,3,4664.0,81.76407357434154,5.758790645019855,778.0,-67.0
438,2,3,0,187.0,666.0,0,1,230505.0,98.75965302186016,9.933603731720387,97.2520325203252,568.7479674796748
438,2,3,0,187.0,666.0,0,2,213315.0,97.69083844293922,9.958433798717554,109.93396226415095,556.066037735849
438,2,3,0,187.0,666.0,1,1,320788.0,99.91633406390471,9.995602996507674,968.8224137931035,-302.82241379310346
438,2,3,0,187.0,666.0,1,2,332730.0,99.94838918723056,9.982890180290791,949.9038785834739,-283.90387858347384
438,2,3,0,187.0,666.0,1,3,16362.0,94.00532570882088,9.961811350966284,1049.5555555555557,-383.55555555555554
439,2,3,0,187.0,666.0,1,1,1954.0,60.99580022717898,1.8324333529688408,663.0,3.0
439,3,2,4,361.0,820.0,0,1,297200.0,99.07227588632904,9.988384817040169,137.5625,682.4375
439,3,2,4,361.0,820.0,0,2,198635.0,99.25839040553004,9.939443934130098,153.5068493150685,666.4931506849315
439,3,2,4,361.0,820.0,0,3,11328.0,85.5006506384855,9.962948645804738,72.33333333333333,747.6666666666666
439,3,2,4,361.0,820.0,1,1,329178.0,99.78202767482044,9.957828965249298,1808.4051446945339,-988.4051446945338
439,3,2,4,361.0,820.0,1,2,339492.0,99.97349092608552,9.994422701068672,1758.7125,-938.7125
439,3,2,4,361.0,820.0,1,3,14529.0,96.60383369185126,9.692020848570063,1795.48,-975.48
440,3,2,2,279.0,941.0,0,1,126801.0,98.74717149711316,9.988228964516576,102.41379310344827,838.5862068965517
440,3,2,2,279.0,941.0,0,2,100067.0,99.8178937632246,9.082055663018226,87.4074074074074,853.5925925925926
440,3,2,2,279.0,941.0,0,3,9931.0,89.88756843788839,9.605986139608744,76.66666666666667,864.3333333333334
440,3,2,2,279.0,941.0,1,1,307379.0,99.94930754596626,9.998897546855916,1933.0503937007875,-992.0503937007874
440,3,2,2,279.0,941.0,1,2,310641.0,99.50825965748304,9.980902399803233,1946.75,-1005.75
440,3,2,2,279.0,941.0,1,3,12616.0,98.91169701777032,9.651657111865408,1937.2916666666667,-996.2916666666666
440,3,2,4,361.0,820.0,1,1,10206.0,95.72586795127154,9.914529284360786,419.44444444444446,400.55555555555554
440,3,2,4,361.0,820.0,1,2,5670.0,99.27116940536648,9.3312873447652,424.6666666666667,395.3333333333333
440,3,2,4,361.0,820.0,1,3,378.0,70.31746155829867,7.0018608837475576,516.0,304.0
441,0,1,1,412.0,686.0,0,1,356262.0,99.33363049497248,9.85669011026525,95.2,590.8
441,0,1,1,412.0,686.0,0,2,247526.0,99.39625165072717,9.882117582179632,109.2258064516129,576.7741935483871
441,0,1,1,412.0,686.0,0,3,14277.0,93.5720036011189,6.318271578177592,65.25,620.75
441,0,1,1,412.0,686.0,1,1,348671.0,99.9829452855912,9.999284331944311,1603.6934673366834,-917.6934673366834
441,0,1,1,412.0,686.0,1,2,347630.0,99.89009154492396,9.969106321453484,1530.8854838709678,-844.8854838709677
441,0,1,1,412.0,686.0,1,3,11777.0,99.4008905484451,9.88908688287638,1572.7083333333333,-886.7083333333334
441,3,2,2,279.0,941.0,1,1,1904.0,95.13806055995866,7.333328351607684,523.625,417.375
442,0,1,1,412.0,686.0,1,1,10206.0,96.85100944573732,9.507506250159189,238.52380952380952,447.4761904761905
442,0,1,1,412.0,686.0,1,2,7290.0,96.72570140868386,9.657054663654684,344.4,341.6
442,0,1,1,412.0,686.0,1,3,486.0,44.91064860888262,2.2829645734955384,419.0,267.0
442,3,2,4,257.0,974.0,0,1,93669.0,93.7699663401246,9.95001362602174,207.26923076923077,766.7307692307693
442,3,2,4,257.0,974.0,0,2,146767.0,98.54312579779284,9.49570512619003,155.74418604651163,818.2558139534884
442,3,2,4,257.0,974.0,0,3,4960.0,33.09047593516766,2.964833371395451,43.0,931.0
442,3,2,4,257.0,974.0,1,1,360556.0,99.83881177604351,9.986963020112364,2521.6433878157504,-1547.6433878157504
442,3,2,4,257.0,974.0,1,2,359769.0,99.98342156648076,9.965213793881908,2527.7114503816792,-1553.7114503816795
442,3,2,4,257.0,974.0,1,3,13084.0,97.7521733829816,9.556741928462134,2640.923076923077,-1666.923076923077
443,0,3,2,418.0,503.0,0,1,373604.0,99.25925037425048,9.938096130136428,83.64814814814815,419.35185185185185
443,0,3,2,418.0,503.0,0,2,226960.0,98.28794626430144,9.762968240857736,73.01315789473684,429.9868421052632
443,0,3,2,418.0,503.0,0,3,15686.0,90.78901508692188,9.934752205600493,59.0,444.0
443,0,3,2,418.0,503.0,1,1,271046.0,99.97003064208184,9.992286897792477,1080.537688442211,-577.5376884422111
443,0,3,2,418.0,503.0,1,2,294963.0,99.94402018664924,9.996779569175173,1086.4285714285713,-583.4285714285714
443,0,3,2,418.0,503.0,1,3,12020.0,97.32672945887298,9.249936654736322,1153.0833333333333,-650.0833333333334
443,3,2,4,257.0,974.0,1,1,13890.0,97.27175540381744,9.8697679381636,617.8,356.2
443,3,2,4,257.0,974.0,1,2,7408.0,92.96115721536675,9.415402960513797,732.25,241.75
444,0,3,2,418.0,503.0,1,1,8580.0,98.74827374968169,9.84929813425176,275.2,227.8
444,0,3,2,418.0,503.0,1,2,6864.0,77.05808572234835,9.009066418786077,403.75,99.25
444,3,0,6,188.0,735.0,0,1,279393.0,99.48182359387772,9.840111236915028,94.39506172839506,640.604938271605
444,3,0,6,188.0,735.0,0,2,303495.0,98.53364330025644,9.908573156785916,112.88659793814433,622.1134020618557
444,3,0,6,188.0,735.0,0,3,7140.0,76.3425683832856,4.044597934761044,108.5,626.5
444,3,0,6,188.0,735.0,1,1,310623.0,99.86809388157332,9.998821872067811,1382.650641025641,-647.650641025641
444,3,0,6,188.0,735.0,1,2,314437.0,99.94966923548468,9.978891617135746,1386.2814569536424,-651.2814569536424
444,3,0,6,188.0,735.0,1,3,12190.0,99.30226209197112,9.886673733884011,1278.1153846153845,-543.1153846153846
445,1,0,5,92.0,586.0,0,1,197062.0,98.0206880888968,9.828778647132744,100.64615384615385,485.3538461538462
445,1,0,5,92.0,586.0,0,2,138044.0,99.93670557164148,9.986222270932624,95.53191489361703,490.468085106383
445,1,0,5,92.0,586.0,0,3,10423.0,51.44335149532248,7.766092579516835,157.33333333333334,428.6666666666667
445,1,0,5,92.0,586.0,1,1,364896.0,99.90003238631108,9.968534572401598,1634.38125,-1048.38125
445,1,0,5,92.0,586.0,1,2,370062.0,99.84461554068996,9.990536277062947,1642.4726443768998,-1056.4726443768998
445,1,0,5,92.0,586.0,1,3,15682.0,99.96091021664898,8.636061698170526,1633.84,-1047.84
445,3,0,6,188.0,735.0,1,1,5745.0,98.23898544663788,9.816562479781606,616.9333333333333,118.06666666666666
445,3,0,6,188.0,735.0,1,2,3447.0,87.45993680457235,9.86541072177915,758.3333333333334,-23.333333333333332
446,1,0,5,92.0,586.0,1,1,7215.0,95.37204291099796,9.73589235901315,349.46666666666664,236.53333333333333
446,1,0,5,92.0,586.0,1,2,2405.0,85.43282051602691,7.55855868123284,495.4,90.6
446,2,2,2,95.0,561.0,0,1,171291.0,97.9938593237565,9.37544726669752,87.66037735849056,473.33962264150944
446,2,2,2,95.0,561.0,0,2,92598.0,98.89010431371784,9.973220734305317,69.02941176470588,491.97058823529414
446,2,2,2,95.0,561.0,0,3,832.0,96.5180534186356,9.976434407753858,134.0,427.0
446,2,2,2,95.0,561.0,1,1,384473.0,99.86320827914734,9.987521817126396,1405.2664624808576,-844.2664624808576
446,2,2,2,95.0,561.0,1,2,407959.0,99.9542966407979,9.973442021453303,1367.906528189911,-806.906528189911
446,2,2,2,95.0,561.0,1,3,14430.0,99.88154903279629,9.951785335410532,1412.7777777777778,-851.7777777777778
447,0,1,5,223.0,926.0,0,1,372747.0,99.71794250785364,9.838276130241349,168.448,757.552
447,0,1,5,223.0,926.0,0,2,343315.0,99.7307033616738,9.992483986080243,132.0695652173913,793.9304347826087
447,0,1,5,223.0,926.0,0,3,22444.0,98.11013136688162,7.304891142105053,141.14285714285714,784.8571428571429
447,0,1,5,223.0,926.0,1,1,337468.0,99.73922945096862,9.98633717584813,1604.1681415929204,-678.1681415929204
447,0,1,5,223.0,926.0,1,2,345790.0,99.92365081179,9.973195134841358,1622.0394511149227,-696.0394511149228
447,0,1,5,223.0,926.0,1,3,12143.0,94.79449235900088,8.596416788038026,1943.6,-1017.6
447,2,2,2,95.0,561.0,1,1,21120.0,99.36062225990791,9.973394892178709,677.6666666666666,-116.66666666666667
447,2,2,2,95.0,561.0,1,2,10560.0,92.91007750854918,9.79797034150948,674.6666666666666,-113.66666666666667
447,2,2,2,95.0,561.0,1,3,704.0,86.79777352686197,9.063832167277065,794.0,-233.0
448,0,1,5,223.0,926.0,1,1,5760.0,92.19337506451944,9.548079151512878,406.06666666666666,519.9333333333333
448,0,1,5,223.0,926.0,1,2,768.0,88.36414977598564,9.31666924110915,531.5,394.5
448,1,0,1,104.0,513.0,0,1,167662.0,99.20416043993094,9.934663782255663,133.47222222222223,379.52777777777777
448,1,0,1,104.0,513.0,0,2,243730.0,99.21993957612764,9.615345737810824,82.75268817204301,430.247311827957
448,1,0,1,104.0,513.0,0,3,6426.0,90.4547509361241,9.64667445551416,100.5,412.5
448,1,0,1,104.0,513.0,1,1,366205.0,99.94900339639784,9.986726821104927,1007.0157728706624,-494.0157728706625
448,1,0,1,104.0,513.0,1,2,328509.0,99.59221983239291,9.999057661785768,999.7738287560582,-486.77382875605815
448,1,0,1,104.0,513.0,1,3,14391.0,98.44873815908784,9.085726579995836,950.4615384615385,-437.46153846153845
449,1,0,1,104.0,513.0,0,1,83300.0,98.21503358935789,9.831624308093245,837.75,-324.75
449,1,0,1,104.0,513.0,0,2,62475.0,99.95750810268882,9.723428739200228,962.0,-449.0
449,1,0,1,104.0,513.0,0,3,4165.0,42.18264875830037,2.084319893257671,1102.0,-589.0
449,2,0,1,337.0,794.0,0,1,296942.0,99.9243934526682,9.972914776174733,130.61052631578949,663.3894736842105
449,2,0,1,337.0,794.0,0,2,278855.0,99.98462721615265,9.80808186013713,153.30769230769232,640.6923076923077
449,2,0,1,337.0,794.0,0,3,15329.0,90.82445957539112,9.744201638474657,149.83333333333334,644.1666666666666
449,2,0,1,337.0,794.0,1,1,329051.0,99.99658569094936,9.989788211983,1222.6793388429753,-428.6793388429752
449,2,0,1,337.0,794.0,1,2,325734.0,99.98820770065883,9.997604282758005,1262.782894736842,-468.7828947368421
449,2,0,1,337.0,794.0,1,3,10609.0,98.62810358356096,9.751962228224167,1261.047619047619,-467.04761904761904
450,0,3,8,159.0,752.0,0,1,334111.0,99.89899972716545,9.97831789386752,117.7864077669903,634.2135922330098
450,0,3,8,159.0,752.0,0,2,413000.0,98.56448859360916,9.979754132996083,151.78518518518518,600.2148148148148
450,0,3,8,159.0,752.0,0,3,4648.0,53.06762855123807,5.243534680517822,162.0,590.0
450,0,3,8,159.0,752.0,1,1,367800.0,99.78787640331544,9.993211408153543,1009.7171052631579,-257.7171052631579
450,0,3,8,159.0,752.0,1,2,345991.0,99.8399921192392,9.999229538463736,1034.522491349481,-282.52249134948096
450,0,3,8,159.0,752.0,1,3,17506.0,92.52066465074894,8.507261739337453,843.0,-91.0
450,2,0,1,337.0,794.0,1,1,5274.0,92.6469433110878,7.598565074389587,383.77777777777777,410.22222222222223
451,0,3,8,159.0,752.0,1,1,13275.0,94.98345337934444,9.070405893240103,305.4,446.6
451,0,3,8,159.0,752.0,1,2,6195.0,92.06236697897396,9.94582491911766,430.2857142857143,321.7142857142857
451,2,3,1,401.0,540.0,0,1,235961.0,99.48140047732176,9.996652734977356,103.64545454545454,436.3545454545455
451,2,3,1,401.0,540.0,0,2,219858.0,99.88021734122287,9.897444538213575,111.01960784313725,428.98039215686276
451,2,3,1,401.0,540.0,0,3,7134.0,95.30083046983076,6.380462703926292,158.5,381.5
451,2,3,1,401.0,540.0,1,1,312618.0,99.76216929840132,9.982638894442085,1046.6644295302012,-506.66442953020135
451,2,3,1,401.0,540.0,1,2,314705.0,99.87478509480636,9.990176885066385,988.5347682119206,-448.53476821192055
451,2,3,1,401.0,540.0,1,3,12791.0,92.55464781239408,9.836070541813845,908.4230769230769,-368.4230769230769
452,2,1,3,315.0,581.0,0,1,361896.0,99.90752767589868,9.990839108121495,88.83333333333333,492.1666666666667
452,2,1,3,315.0,581.0,0,2,281567.0,99.9802126183892,9.992635170395571,105.05376344086021,475.9462365591398
452,2,1,3,315.0,581.0,0,3,5370.0,94.80890348436247,6.519459953989496,174.0,407.0
452,2,1,3,315.0,581.0,1,1,303378.0,99.80449040396076,9.9730371222918,1320.2891986062718,-739.2891986062717
452,2,1,3,315.0,581.0,1,2,337658.0,99.97222551635178,9.995106223350252,1247.4444444444443,-666.4444444444445
452,2,1,3,315.0,581.0,1,3,14633.0,98.74948408236791,8.62147499700148,1254.7692307692307,-673.7692307692307
452,2,3,1,401.0,540.0,1,1,6000.0,92.856319430843,9.550932704299829,243.93333333333334,296.06666666666666
452,2,3,1,401.0,540.0,1,2,3200.0,93.45483126947796,9.845366238261477,374.125,165.875
453,2,1,3,315.0,581.0,1,1,12090.0,97.99496456856411,9.07314334946037,273.4,307.6
453,2,1,3,315.0,581.0,1,2,7254.0,98.15420004646042,9.399570099765691,408.0,173.0
453,3,3,6,237.0,693.0,0,1,128726.0,97.47049250165747,9.933314818230372,110.3076923076923,582.6923076923077
453,3,3,6,237.0,693.0,0,2,164212.0,97.57619451550744,9.985223056560551,134.45714285714286,558.5428571428571
453,3,3,6,237.0,693.0,0,3,5962.0,66.45548195304966,9.581729945493604,141.5,551.5
453,3,3,6,237.0,693.0,1,1,369645.0,99.9551576511744,9.995186840646255,1255.9373088685015,-562.9373088685015
453,3,3,6,237.0,693.0,1,2,373661.0,99.7792161473773,9.964034606142397,1239.7192429022082,-546.7192429022082
453,3,3,6,237.0,693.0,1,3,13961.0,92.24502040830323,9.901267405439842,1266.6153846153845,-573.6153846153846
454,2,1,5,158.0,500.0,0,1,154690.0,99.9940645751308,9.94010754584588,71.4423076923077,428.5576923076923
454,2,1,5,158.0,500.0,0,2,178540.0,96.9282589284419,9.92277895201719,82.52702702702703,417.47297297297297
454,2,1,5,158.0,500.0,0,3,10522.0,99.40755217906435,5.278448596416102,125.33333333333333,374.6666666666667
454,2,1,5,158.0,500.0,1,1,369617.0,99.92694399559169,9.996817856316628,972.2695252679939,-472.26952526799386
454,2,1,5,158.0,500.0,1,2,367435.0,99.94938778998076,9.984116432814355,909.3296529968454,-409.3296529968454
454,2,1,5,158.0,500.0,1,3,13879.0,96.00820364173325,9.6740240573402,840.68,-340.68
454,3,3,6,237.0,693.0,1,1,2625.0,95.1549047948562,7.212388148784234,223.53333333333333,469.46666666666664
454,3,3,6,237.0,693.0,1,2,1050.0,99.40194199389283,8.404600685570374,376.0,317.0
455,2,1,5,158.0,500.0,1,1,2363.0,96.07153473537726,9.318545889436225,617.8235294117648,-117.82352941176471
455,2,1,5,158.0,500.0,1,2,2085.0,98.36276614039004,9.231326363243138,782.6666666666666,-282.6666666666667
455,2,1,5,158.0,500.0,1,3,139.0,70.26516887449733,0.3281978132818242,889.0,-389.0
455,2,2,6,350.0,738.0,0,1,352629.0,99.76003261897348,9.971061192624056,136.39449541284404,601.605504587156
455,2,2,6,350.0,738.0,0,2,342774.0,99.55291528796062,9.96496583051949,125.24793388429752,612.7520661157025
455,2,2,6,350.0,738.0,0,3,10410.0,77.42211692554052,5.914950101160462,181.75,556.25
455,2,2,6,350.0,738.0,1,1,357998.0,99.79153863771413,9.989381078021314,1346.0151515151515,-608.0151515151515
455,2,2,6,350.0,738.0,1,2,343955.0,99.82241746643116,9.976804960735276,1325.476603119584,-587.4766031195841
455,2,2,6,350.0,738.0,1,3,14386.0,99.04967382764627,9.775140678421026,1271.695652173913,-533.695652173913
456,2,2,6,350.0,738.0,1,1,5520.0,99.96770289914087,8.302860470851043,776.4666666666667,-38.46666666666667
456,2,2,6,350.0,738.0,1,2,1840.0,69.92085048971157,8.832695945683955,901.0,-163.0
456,3,1,0,99.0,527.0,0,1,265171.0,98.78667951914107,9.682381429113851,100.34883720930233,426.6511627906977
456,3,1,0,99.0,527.0,0,2,437203.0,99.66550870268202,9.982009485495432,85.31386861313868,441.6861313868613
456,3,1,0,99.0,527.0,0,3,22224.0,94.8829507212266,9.97497413072774,124.5,402.5
456,3,1,0,99.0,527.0,1,1,318083.0,99.88346489168636,9.95067648481592,880.4248788368336,-353.4248788368336
456,3,1,0,99.0,527.0,1,2,275795.0,99.90221837009533,9.994717632394265,924.0769230769231,-397.0769230769231
456,3,1,0,99.0,527.0,1,3,9263.0,96.92420558285744,9.960311812863557,927.7727272727273,-400.77272727272725
457,2,0,5,224.0,554.0,0,1,242388.0,99.38513190830253,9.814247810738587,74.15384615384616,479.84615384615387
457,2,0,5,224.0,554.0,0,2,230981.0,99.29449798014504,9.999144573832607,83.05555555555556,470.94444444444446
457,2,0,5,224.0,554.0,0,3,14213.0,98.94860727258228,9.968620966532614,77.0,477.0
457,2,0,5,224.0,554.0,1,1,350270.0,99.87375040674269,9.99910931336551,1574.7694704049845,-1020.7694704049844
457,2,0,5,224.0,554.0,1,2,351923.0,99.99713755618248,9.998876404272846,1590.45,-1036.45
457,2,0,5,224.0,554.0,1,3,12659.0,98.69240021885588,9.723789493217328,1551.0,-997.0
457,3,1,0,99.0,527.0,1,1,2400.0,90.8307080169416,9.95585394888453,432.8,94.2
457,3,1,0,99.0,527.0,1,2,160.0,82.04369349802893,0.970451788826685,556.0,-29.0
458,0,3,0,172.0,874.0,0,1,313027.0,99.92206180211744,9.973871490490245,155.16806722689077,718.8319327731092
458,0,3,0,172.0,874.0,0,2,297109.0,98.2336820105633,9.986893988540915,124.3931623931624,749.6068376068376
458,0,3,0,172.0,874.0,0,3,14924.0,96.93532118763925,9.494654462193209,104.4,769.6
458,0,3,0,172.0,874.0,1,1,329977.0,99.97886968269272,9.991115994182156,1784.3327645051195,-910.3327645051195
458,0,3,0,172.0,874.0,1,2,328663.0,99.99116385773448,9.983641562000871,1765.3969072164948,-891.3969072164948
458,0,3,0,172.0,874.0,1,3,13241.0,99.72654086401236,9.343280169829685,1696.2608695652175,-822.2608695652174
458,2,0,5,224.0,554.0,1,1,10980.0,94.59565959269996,9.808557236646497,465.6,88.4
458,2,0,5,224.0,554.0,1,2,10248.0,98.5441043426566,9.608157553423348,644.7857142857143,-90.78571428571429
459,0,1,9,221.0,626.0,0,1,340388.0,99.79796965010507,9.773938863750155,74.67226890756302,551.3277310924369
459,0,1,9,221.0,626.0,0,2,277915.0,99.59865466484072,9.732895570657288,131.63636363636363,494.3636363636364
459,0,1,9,221.0,626.0,0,3,11609.0,90.9765713181165,9.377978611870876,51.75,574.25
459,0,1,9,221.0,626.0,1,1,321048.0,99.877671399852,9.998369996911006,1064.6092150170648,-438.60921501706486
459,0,1,9,221.0,626.0,1,2,321598.0,99.84385622164451,9.994528254406497,1071.9332220367278,-445.9332220367279
459,0,1,9,221.0,626.0,1,3,12654.0,89.54692391735517,9.734230135135412,1106.9565217391305,-480.95652173913044
459,0,3,0,172.0,874.0,1,1,14715.0,94.0939668565554,9.858709190243372,666.5333333333333,207.46666666666667
459,0,3,0,172.0,874.0,1,2,14715.0,95.52097125678726,9.977720779026107,817.8,56.2
459,0,3,0,172.0,874.0,1,3,981.0,68.17570893235539,9.142942391723922,905.0,-31.0
460,0,1,9,221.0,626.0,1,1,13275.0,87.63650602865007,9.9215769955074,123.73333333333333,502.26666666666665
460,0,1,9,221.0,626.0,1,2,5310.0,96.66375861361288,8.85534181820304,238.0,388.0
460,0,3,2,485.0,525.0,0,1,323945.0,99.89356877890285,9.915012585072958,77.41,447.59
460,0,3,2,485.0,525.0,0,2,278618.0,99.61551387721713,9.976381409977504,98.80645161290323,426.19354838709677
460,0,3,2,485.0,525.0,0,3,6927.0,84.81882616135152,7.854168729241346,79.0,446.0
460,0,3,2,485.0,525.0,1,1,326363.0,99.87844041952263,9.980326094476176,879.7719008264463,-354.77190082644626
460,0,3,2,485.0,525.0,1,2,335092.0,99.8710518557578,9.940330198448612,851.57003257329,-326.5700325732899
460,0,3,2,485.0,525.0,1,3,15250.0,96.246255402613,9.384388614972034,827.1923076923077,-302.1923076923077
461,0,3,2,485.0,525.0,1,1,12135.0,95.3981719922032,9.234647536845843,644.0,-119.0
461,1,0,1,77.0,548.0,0,1,169345.0,98.91594223580944,9.755418188145516,90.20454545454545,457.79545454545456
461,1,0,1,77.0,548.0,0,2,129430.0,96.2883841736599,9.87143691393132,117.08536585365853,430.9146341463415
461,1,0,1,77.0,548.0,0,3,10206.0,64.72251348799412,1.973617770902697,26.666666666666668,521.3333333333334
461,1,0,1,77.0,548.0,1,1,331624.0,99.93473773998907,9.986398783441109,842.6871961102107,-294.6871961102107
461,1,0,1,77.0,548.0,1,2,355936.0,99.87511981636902,9.99268635912638,847.5245641838352,-299.5245641838352
461,1,0,1,77.0,548.0,1,3,14504.0,96.49900407121856,9.252277743470009,845.2,-297.2
462,1,0,1,77.0,548.0,1,1,2592.0,87.71704307424582,9.724781760525731,258.3125,289.6875
462,1,0,1,77.0,548.0,1,2,2430.0,98.10832532758266,9.66317746419843,398.8666666666667,149.13333333333333
462,1,0,1,77.0,548.0,1,3,162.0,36.38980713600731,1.3301566474507032,475.0,73.0
462,3,2,2,498.0,823.0,0,1,185647.0,99.5958105453619,9.915385829482249,140.12345679012347,682.8765432098766
462,3,2,2,498.0,823.0,0,2,168045.0,97.59613173931504,9.677215712832783,156.875,666.125
462,3,2,2,498.0,823.0,0,3,8362.0,89.30486892720776,9.67812900698758,110.66666666666667,712.3333333333334
462,3,2,2,498.0,823.0,1,1,333839.0,99.98788819481771,9.986200203918202,1960.629213483146,-1137.629213483146
462,3,2,2,498.0,823.0,1,2,327686.0,99.90957686075862,9.987969644160692,2005.2731629392972,-1182.2731629392972
462,3,2,2,498.0,823.0,1,3,13295.0,98.83615405534132,9.989161733790429,1930.625,-1107.625
463,0,1,7,255.0,934.0,0,1,305497.0,99.72820807176936,9.9739667644632,118.3069306930693,815.6930693069307
463,0,1,7,255.0,934.0,0,2,364010.0,99.96706247454148,9.878223408962532,131.0672268907563,802.9327731092437
463,0,1,7,255.0,934.0,0,3,11146.0,94.06302354978594,8.19202492966651,187.25,746.75
463,0,1,7,255.0,934.0,1,1,319362.0,99.95206578808036,9.99045872238681,1108.589527027027,-174.58952702702703
463,0,1,7,255.0,934.0,1,2,317538.0,99.92457911320584,9.943497693610112,1114.2279792746115,-180.22797927461139
463,0,1,7,255.0,934.0,1,3,10309.0,96.33317187936052,9.86054585895035,995.7826086956521,-61.78260869565217
463,3,2,2,498.0,823.0,1,1,20682.0,98.29215593088206,8.950766666515,870.3333333333334,-47.333333333333336
463,3,2,2,498.0,823.0,1,2,11490.0,92.79478479741212,9.59091863349114,889.0,-66.0
463,3,2,2,498.0,823.0,1,3,766.0,96.8012928040997,3.696307441961022,983.0,-160.0
464,0,1,7,255.0,934.0,1,1,4785.0,89.7836150365448,9.448455345185048,667.1333333333333,266.8666666666667
464,0,1,7,255.0,934.0,1,2,4785.0,74.55716289138564,9.706668751591806,856.3333333333334,77.66666666666667
464,0,2,6,155.0,642.0,0,1,123964.0,99.7079306510318,9.558215120023334,96.54,545.46
464,0,2,6,155.0,642.0,0,2,185892.0,99.846000473266,9.991689607376363,90.27631578947368,551.7236842105264
464,0,2,6,155.0,642.0,0,3,6829.0,90.70277898985958,6.923882517437353,130.0,512.0
464,0,2,6,155.0,642.0,1,1,402823.0,99.50618711621247,9.977047372419532,1427.9038167938932,-785.9038167938932
464,0,2,6,155.0,642.0,1,2,385396.0,99.21981602977436,9.996743984565772,1466.561797752809,-824.561797752809
464,0,2,6,155.0,642.0,1,3,13758.0,99.83598749848916,9.801664935919058,1489.4583333333333,-847.4583333333334
465,0,2,6,155.0,642.0,0,1,19335.0,96.7691727230276,9.80853659910286,145.73333333333332,496.26666666666665
465,0,2,6,155.0,642.0,0,2,18046.0,94.32074239361664,8.471868789043812,359.14285714285717,282.85714285714283
465,0,3,4,227.0,698.0,0,1,122609.0,99.8333401860204,9.928953545936707,132.47619047619048,565.5238095238095
465,0,3,4,227.0,698.0,0,2,147081.0,99.23662729605364,9.941200200458272,103.77922077922078,594.2207792207793
465,0,3,4,227.0,698.0,0,3,8372.0,90.17556623091322,6.221188214195962,99.0,599.0
465,0,3,4,227.0,698.0,1,1,337613.0,99.95209412710452,9.983766583946563,1315.9657320872275,-617.9657320872274
465,0,3,4,227.0,698.0,1,2,327794.0,99.96419994754828,9.99853794467825,1308.9485530546624,-610.9485530546624
465,0,3,4,227.0,698.0,1,3,14714.0,98.75078898068674,9.675745948292011,1231.96,-533.96
466,0,3,4,227.0,698.0,1,1,9945.0,87.94435261828627,9.179964605585475,657.2,40.8
466,0,3,4,227.0,698.0,1,2,2652.0,97.71146661840788,9.401559013921842,746.5,-48.5
466,1,0,0,457.0,761.0,0,1,215152.0,99.96874457944466,9.974849586167052,122.0,639.0
466,1,0,0,457.0,761.0,0,2,267380.0,99.761046842526,9.99755346850642,85.47422680412372,675.5257731958762
466,1,0,0,457.0,761.0,0,3,12747.0,96.4005474125526,9.906893558566198,164.0,597.0
466,1,0,0,457.0,761.0,1,1,341336.0,99.99505031545723,9.99490289776811,1170.9181380417335,-409.9181380417335
466,1,0,0,457.0,761.0,1,2,335217.0,99.92016195229591,9.992579793223475,1195.4714518760195,-434.47145187601956
466,1,0,0,457.0,761.0,1,3,11723.0,95.04891484963711,9.156589765350924,1273.304347826087,-512.304347826087
467,1,0,0,457.0,761.0,1,1,11178.0,83.56138432703608,9.039708793746891,198.22222222222223,562.7777777777778
467,1,0,0,457.0,761.0,1,2,9315.0,95.91220881493838,9.719561397288505,320.6,440.4
467,1,0,0,457.0,761.0,1,3,621.0,98.81936280619573,8.373946924999826,383.0,378.0
467,1,1,1,264.0,942.0,0,1,440395.0,99.70450086681696,9.951640334362756,105.60736196319019,836.3926380368098
467,1,1,1,264.0,942.0,0,2,408027.0,99.65526797140564,9.973810882096569,138.17021276595744,803.8297872340426
467,1,1,1,264.0,942.0,0,3,22626.0,78.94840285451261,9.456001737951723,103.875,838.125
467,1,1,1,264.0,942.0,1,1,308675.0,99.7899542482509,9.99087770343178,1049.291280148423,-107.291280148423
467,1,1,1,264.0,942.0,1,2,325331.0,99.89135559774898,9.998768411040038,1019.5475763016158,-77.5475763016158
467,1,1,1,264.0,942.0,1,3,12088.0,99.00442924083848,9.605910157368088,1079.421052631579,-137.42105263157896
468,1,1,1,264.0,942.0,0,1,38445.0,84.14949959927984,9.79465845047825,181.13333333333333,760.8666666666667
468,1,1,1,264.0,942.0,0,2,10252.0,96.6478716896391,6.34365642050914,317.0,625.0
468,3,0,4,371.0,586.0,0,1,272840.0,99.59441201093688,9.994431636513344,108.36559139784946,477.63440860215053
468,3,0,4,371.0,586.0,0,2,265402.0,99.81219947406026,9.94234743491874,123.6304347826087,462.3695652173913
468,3,0,4,371.0,586.0,0,3,10869.0,89.03159740808223,5.081285011268371,132.33333333333334,453.6666666666667
468,3,0,4,371.0,586.0,1,1,329891.0,99.73084304013088,9.999096345421718,1318.810766721044,-732.810766721044
468,3,0,4,371.0,586.0,1,2,320717.0,99.95803767091974,9.996190687208784,1331.9935275080907,-745.9935275080907
468,3,0,4,371.0,586.0,1,3,12388.0,87.58186625987508,8.348832317535743,1206.92,-620.92
469,1,2,3,95.0,774.0,0,1,297929.0,98.6363026190202,9.980864581892048,146.1530612244898,627.8469387755102
469,1,2,3,95.0,774.0,0,2,305050.0,99.51445334808388,9.790453446618892,102.48913043478261,671.5108695652174
469,1,2,3,95.0,774.0,0,3,8195.0,98.2820120834032,8.797433181952412,148.0,626.0
469,1,2,3,95.0,774.0,1,1,295090.0,99.80614477444487,9.998855167371358,1363.9357495881384,-589.9357495881384
469,1,2,3,95.0,774.0,1,2,300049.0,99.87841128317876,9.9908560136137,1367.253682487725,-593.2536824877251
469,1,2,3,95.0,774.0,1,3,11346.0,97.96125390468428,9.988373826289385,1253.6,-479.6
469,3,0,4,371.0,586.0,1,1,5190.0,99.68559018997972,6.648313101326578,603.0666666666667,-17.066666666666666
469,3,0,4,371.0,586.0,1,2,3460.0,99.9375326561496,9.676998128660069,708.3,-122.3
470,1,2,3,95.0,774.0,1,1,3420.0,95.60016335300014,9.671221867887157,210.53333333333333,563.4666666666667
470,1,2,3,95.0,774.0,1,2,2052.0,98.40669631570158,9.351174791126036,350.22222222222223,423.77777777777777
470,2,0,3,173.0,533.0,0,1,256325.0,98.85533735803892,9.990820168396326,81.05813953488372,451.9418604651163
470,2,0,3,173.0,533.0,0,2,207733.0,98.7130402570439,9.854164883558983,92.52307692307693,440.4769230769231
470,2,0,3,173.0,533.0,0,3,9135.0,86.11719287370987,8.981987763094775,64.33333333333333,468.6666666666667
470,2,0,3,173.0,533.0,1,1,370889.0,99.96421612491608,9.994381053451628,801.5379644588045,-268.53796445880454
470,2,0,3,173.0,533.0,1,2,370582.0,99.99001654660776,9.998799933074489,776.103125,-243.103125
470,2,0,3,173.0,533.0,1,3,15922.0,99.8923568161824,9.866035150493223,801.08,-268.08
471,2,0,3,173.0,533.0,1,1,15600.0,98.73077067616975,9.821129294078304,454.5416666666667,78.45833333333333
471,2,0,3,173.0,533.0,1,2,9750.0,99.78211007966776,9.330783757135606,503.1333333333333,29.866666666666667
471,2,0,3,173.0,533.0,1,3,650.0,99.27415726358014,1.9627996967157524,627.0,-94.0
471,3,2,4,105.0,929.0,0,1,262731.0,99.4467683008812,9.916753059287805,166.07575757575756,762.9242424242424
471,3,2,4,105.0,929.0,0,2,327912.0,98.15905309791124,9.885284548465975,162.5120481927711,766.4879518072289
471,3,2,4,105.0,929.0,0,3,12880.0,93.14580018123856,9.092822209922504,206.83333333333334,722.1666666666666
471,3,2,4,105.0,929.0,1,1,337466.0,99.74035950541102,9.9861313816478,863.1610619469027,65.83893805309735
471,3,2,4,105.0,929.0,1,2,319457.0,99.7973775237299,9.966977841784468,872.9116541353384,56.088345864661655
471,3,2,4,105.0,929.0,1,3,12683.0,86.50187880897471,9.12376174616189,810.5714285714286,118.42857142857143
472,1,2,9,236.0,927.0,0,1,409360.0,99.14593918508992,9.999961243546414,153.5037037037037,773.4962962962964
472,1,2,9,236.0,927.0,0,2,386190.0,99.79788800060034,9.902484363447725,152.48684210526315,774.5131578947369
472,1,2,9,236.0,927.0,0,3,16512.0,85.74844320463345,9.36535539697202,150.6,776.4
472,1,2,9,236.0,927.0,1,1,315717.0,99.62236875496131,9.988321045323492,1039.4298245614036,-112.4298245614035
472,1,2,9,236.0,927.0,1,2,314171.0,99.75073949660008,9.998437728440162,1067.4873646209387,-140.48736462093862
472,1,2,9,236.0,927.0,1,3,14504.0,98.14598723575143,9.37109705976883,1174.5217391304348,-247.52173913043478
472,3,2,4,105.0,929.0,0,1,13140.0,95.14670418984984,9.832951819052834,628.0,301.0
472,3,2,4,105.0,929.0,0,2,7008.0,87.17515576929887,9.785001252412709,764.875,164.125
473,0,2,2,466.0,939.0,0,1,394899.0,99.6139049781808,9.979644021652206,101.2189349112426,837.7810650887574
473,0,2,2,466.0,939.0,0,2,344409.0,99.55294730884596,9.889756004005298,151.75974025974025,787.2402597402597
473,0,2,2,466.0,939.0,0,3,18163.0,90.332702728245,9.580845858894094,133.42857142857142,805.5714285714286
473,0,2,2,466.0,939.0,1,1,282812.0,99.99167436897854,9.99685338207862,1300.9980806142034,-361.99808061420345
473,0,2,2,466.0,939.0,1,2,307543.0,99.81862121641144,9.945929211509362,1303.1029411764705,-364.1029411764706
473,0,2,2,466.0,939.0,1,3,11517.0,98.688199470417,9.866643503243658,1326.75,-387.75
473,1,2,9,236.0,927.0,1,1,19770.0,99.08604526869976,9.794268894384947,821.3,105.7
473,1,2,9,236.0,927.0,1,2,9885.0,93.5924957303113,9.881611210049408,806.6,120.4
473,1,2,9,236.0,927.0,1,3,659.0,47.249130715876674,0.2951010245143937,887.0,40.0
474,0,2,2,466.0,939.0,0,1,32265.0,99.78108790847118,9.635511352765509,599.6,339.4
474,0,2,2,466.0,939.0,0,2,25812.0,98.48979556240786,8.345521910715306,730.8333333333334,208.16666666666666
474,3,1,4,138.0,659.0,0,1,314812.0,97.6416728472692,9.995021118883477,99.81553398058253,559.1844660194175
474,3,1,4,138.0,659.0,0,2,246703.0,99.76844416103668,9.852336153671754,140.33333333333334,518.6666666666666
474,3,1,4,138.0,659.0,0,3,5700.0,71.43766267024174,9.6850653020154,146.5,512.5
474,3,1,4,138.0,659.0,1,1,310959.0,99.6941275585817,9.978627237887803,1182.2255389718077,-523.2255389718076
474,3,1,4,138.0,659.0,1,2,303276.0,99.60611285334062,9.9924850020934,1235.6243980738363,-576.6243980738362
474,3,1,4,138.0,659.0,1,3,10469.0,98.25585092230564,9.180234976999197,1175.7692307692307,-516.7692307692307
475,1,2,0,244.0,854.0,0,1,347862.0,99.67355210282466,9.948284950609926,133.56034482758622,720.4396551724138
475,1,2,0,244.0,854.0,0,2,242474.0,99.89319564846456,9.58270687181441,167.54945054945054,686.4505494505495
475,1,2,0,244.0,854.0,0,3,7711.0,55.17747743121629,8.92475884482289,101.0,753.0
475,1,2,0,244.0,854.0,1,1,295943.0,99.82030500545196,9.998115222103182,1143.3265306122448,-289.3265306122449
475,1,2,0,244.0,854.0,1,2,315311.0,99.95028060209324,9.998748495061475,1178.6507413509062,-324.6507413509061
475,1,2,0,244.0,854.0,1,3,11550.0,98.29164968175078,9.809978679008047,1129.32,-275.32
475,3,1,4,138.0,659.0,1,1,1853.0,97.54295946839864,9.656187937873703,809.3529411764706,-150.35294117647058
475,3,1,4,138.0,659.0,1,2,1635.0,87.47664335009796,9.45570886629368,931.5333333333333,-272.53333333333336
475,3,1,4,138.0,659.0,1,3,109.0,35.81328691101633,8.716298660183051,1048.0,-389.0
476,1,2,0,244.0,854.0,1,1,1740.0,98.63078394453044,9.711994971760818,502.6,351.4
476,1,2,0,244.0,854.0,1,2,812.0,94.96774003164424,9.92012084307098,640.8571428571429,213.14285714285714
476,3,3,9,439.0,565.0,0,1,184492.0,98.82651073664452,9.92585024422375,84.46268656716418,480.53731343283584
476,3,3,9,439.0,565.0,0,2,175437.0,99.10665509623614,9.991538291834631,73.95945945945945,491.0405405405405
476,3,3,9,439.0,565.0,0,3,2449.0,82.60972935926735,8.811666284731091,163.0,402.0
476,3,3,9,439.0,565.0,1,1,347652.0,99.78307562341767,9.980947357618906,1025.5571205007825,-460.55712050078245
476,3,3,9,439.0,565.0,1,2,345465.0,99.70171344663744,9.99807449192492,1025.3206951026857,-460.32069510268565
476,3,3,9,439.0,565.0,1,3,13023.0,99.6448686579395,9.297075893159684,1089.6666666666667,-524.6666666666666
477,1,1,3,296.0,696.0,0,1,213083.0,98.872688473351,9.832092019954665,86.0,610.0
477,1,1,3,296.0,696.0,0,2,372704.0,99.50373153696523,9.885429716651045,126.26315789473684,569.7368421052631
477,1,1,3,296.0,696.0,0,3,8728.0,93.28604488032003,9.853310251080815,141.33333333333334,554.6666666666666
477,1,1,3,296.0,696.0,1,1,360365.0,99.94254071318387,9.992242878541015,2317.8833592534993,-1621.8833592534993
477,1,1,3,296.0,696.0,1,2,341239.0,99.9489879471155,9.954565374326256,2377.0776699029125,-1681.0776699029127
477,1,1,3,296.0,696.0,1,3,13643.0,98.84923452490752,9.942510716927464,2305.6,-1609.6
477,3,3,9,439.0,565.0,1,1,2030.0,94.9672728349073,9.846268388811136,107.1,457.9
478,0,1,9,449.0,800.0,0,1,269733.0,99.58830696176112,9.597585215755217,146.6,653.4
478,0,1,9,449.0,800.0,0,2,220298.0,98.2321077075552,9.953990549280618,119.20588235294117,680.7941176470588
478,0,1,9,449.0,800.0,0,3,1799.0,68.33567019218296,3.619527106180873,153.0,647.0
478,0,1,9,449.0,800.0,1,1,359067.0,99.88337897603508,9.99351986719423,1740.3898573692552,-940.3898573692552
478,0,1,9,449.0,800.0,1,2,350041.0,99.86342332700735,9.996937512447316,1694.0984126984126,-894.0984126984127
478,0,1,9,449.0,800.0,1,3,14721.0,97.91270477182192,9.95302471442489,1806.1923076923076,-1006.1923076923077
478,1,1,3,296.0,696.0,1,1,2490.0,93.61698109494596,9.766532599263252,308.6,387.4
478,1,1,3,296.0,696.0,1,2,2490.0,99.339582294237,8.738998362344983,472.46666666666664,223.53333333333333
478,1,1,3,296.0,696.0,1,3,166.0,71.09702039714182,8.098506306203019,575.0,121.0
479,0,1,9,449.0,800.0,1,1,4811.0,98.01824380581137,9.205221229942843,328.8235294117647,471.1764705882353
479,0,1,9,449.0,800.0,1,2,4245.0,98.18050306954828,8.481753917710142,449.1333333333333,350.8666666666667
479,0,1,9,449.0,800.0,1,3,283.0,24.76716060657768,2.7619871526696125,537.0,263.0
479,1,1,0,219.0,903.0,0,1,195402.0,98.62773864009746,9.908356084085469,114.32051282051282,788.6794871794872
479,1,1,0,219.0,903.0,0,2,129605.0,99.18977671296471,9.60672149514246,134.84126984126985,768.1587301587301
479,1,1,0,219.0,903.0,1,1,305646.0,99.89353125154022,9.989237911830536,1194.456,-291.456
479,1,1,0,219.0,903.0,1,2,319731.0,99.50661248052332,9.990721653875136,1223.0425196850395,-320.0425196850394
479,1,1,0,219.0,903.0,1,3,13405.0,97.57446452801426,9.639442857294046,1106.4074074074074,-203.40740740740742
480,0,2,4,159.0,846.0,0,1,310559.0,99.64461623513722,9.987482451552449,143.86458333333334,702.1354166666666
480,0,2,4,159.0,846.0,0,2,256379.0,98.50869057841558,9.942148835536836,169.9090909090909,676.0909090909091
480,0,2,4,159.0,846.0,0,3,7978.0,91.0318765102336,4.032169332701554,117.66666666666667,728.3333333333334
480,0,2,4,159.0,846.0,1,1,366334.0,99.93674560042308,9.998951858113482,1532.6231404958678,-686.6231404958678
480,0,2,4,159.0,846.0,1,2,366369.0,99.84398326290014,9.99818732515086,1569.1295081967214,-723.1295081967213
480,0,2,4,159.0,846.0,1,3,13838.0,98.23645434863504,9.729332013447582,1628.4583333333333,-782.4583333333334
480,1,1,0,219.0,903.0,1,1,7733.0,97.30130709388746,9.716446402807431,212.21052631578948,690.7894736842105
480,1,1,0,219.0,903.0,1,2,6105.0,99.87137877381797,9.81796939787358,294.8,608.2
480,1,1,0,219.0,903.0,1,3,407.0,65.19898895932158,1.539897013912599,392.0,511.0
481,0,2,4,159.0,846.0,1,1,12383.0,96.48162064114132,9.398140224682386,676.2413793103449,169.75862068965517
481,0,2,4,159.0,846.0,1,2,6405.0,97.66164190893032,9.709045641126204,671.6,174.4
481,0,2,4,159.0,846.0,1,3,427.0,22.954059965359303,4.419130499738325,788.0,58.0
481,3,1,7,58.0,931.0,0,1,280113.0,99.47822038318164,9.913866429720102,144.34782608695653,786.6521739130435
481,3,1,7,58.0,931.0,0,2,246957.0,99.58070010214033,9.949970194342187,137.34117647058824,793.6588235294117
481,3,1,7,58.0,931.0,0,3,18379.0,73.00408528987361,9.910576057960858,190.83333333333334,740.1666666666666
481,3,1,7,58.0,931.0,1,1,341391.0,99.94845260625551,9.99701414539885,1370.47,-439.47
481,3,1,7,58.0,931.0,1,2,363116.0,99.94469177336312,9.962614848887762,1330.200652528548,-399.2006525285481
481,3,1,7,58.0,931.0,1,3,12763.0,96.83834851730911,9.92379981624354,1475.904761904762,-544.9047619047619
482,2,0,4,268.0,756.0,0,1,457736.0,99.07906446318664,9.89424985613951,125.66459627329192,630.335403726708
482,2,0,4,268.0,756.0,0,2,399639.0,99.47874050634712,9.803303495902728,126.84666666666666,629.1533333333333
482,2,0,4,268.0,756.0,0,3,14570.0,92.83786444303266,9.236142727244095,122.83333333333333,633.1666666666666
482,2,0,4,268.0,756.0,1,1,289481.0,99.83482212990272,9.999265394858089,986.0954954954955,-230.0954954954955
482,2,0,4,268.0,756.0,1,2,286341.0,99.920103346473,9.987561974941716,984.9182948490231,-228.91829484902308
482,2,0,4,268.0,756.0,1,3,10721.0,99.98261034205689,9.086307615103744,1020.6818181818181,-264.6818181818182
482,3,1,7,58.0,931.0,0,1,18148.0,87.79853516771394,9.679573750363229,632.25,298.75
483,0,1,7,243.0,853.0,0,1,416322.0,98.43877603865504,9.878065053519489,157.35772357723576,695.6422764227642
483,0,1,7,243.0,853.0,0,2,422183.0,99.77593657036176,9.969779375151832,146.328,706.672
483,0,1,7,243.0,853.0,0,3,25171.0,56.633470238830704,9.78239227268443,132.71428571428572,720.2857142857143
483,0,1,7,243.0,853.0,1,1,303827.0,99.96633519285449,9.977002498509108,1082.5391304347827,-229.5391304347826
483,0,1,7,243.0,853.0,1,2,295918.0,99.99622207854053,9.986245220637157,1083.1972076788832,-230.19720767888307
483,0,1,7,243.0,853.0,1,3,10636.0,76.63211735956646,9.782114483522198,1009.1,-156.1
483,2,0,4,268.0,756.0,1,1,10318.0,87.63368321103378,9.907270871492305,597.2272727272727,158.77272727272728
483,2,0,4,268.0,756.0,1,2,7035.0,90.43499615156078,9.775640491969828,679.6666666666666,76.33333333333333
483,2,0,4,268.0,756.0,1,3,469.0,25.85337993166768,3.748856147915272,777.0,-21.0
484,0,1,7,243.0,853.0,1,1,7110.0,96.77289267012112,9.839653635025108,65.06666666666666,787.9333333333333
484,0,1,7,243.0,853.0,1,2,2844.0,96.9826130172139,9.952096740789733,182.5,670.5
484,3,1,3,453.0,613.0,0,1,194308.0,99.86671238536204,9.955741107983432,95.07058823529412,517.9294117647058
484,3,1,3,453.0,613.0,0,2,336545.0,99.90964166919116,9.997615398346303,111.828125,501.171875
484,3,1,3,453.0,613.0,0,3,11476.0,59.81790511800582,9.829069270268237,148.0,465.0
484,3,1,3,453.0,613.0,1,1,308848.0,99.94577071044584,9.990521070139684,922.4677419354839,-309.46774193548384
484,3,1,3,453.0,613.0,1,2,278797.0,99.7113222209672,9.99693374656742,917.1226252158895,-304.12262521588946
484,3,1,3,453.0,613.0,1,3,12292.0,99.74563227330565,9.489772145415138,859.5,-246.5
485,1,2,7,492.0,507.0,0,1,206064.0,99.04244567983544,9.589841768216678,83.53030303030303,423.469696969697
485,1,2,7,492.0,507.0,0,2,295128.0,99.0721994729423,9.89555092136487,89.60606060606061,417.3939393939394
485,1,2,7,492.0,507.0,0,3,12143.0,83.58847959170089,9.170614003686469,131.75,375.25
485,1,2,7,492.0,507.0,1,1,354525.0,99.95815856525186,9.97249137429026,1455.796557120501,-948.7965571205008
485,1,2,7,492.0,507.0,1,2,346371.0,99.97296668547688,9.98691441124569,1532.1944444444443,-1025.1944444444443
485,1,2,7,492.0,507.0,1,3,12644.0,99.75959631125464,9.867435074263112,1477.0833333333333,-970.0833333333334
485,3,1,3,453.0,613.0,1,1,5580.0,96.90263951668732,8.432167706553477,558.6,54.4
485,3,1,3,453.0,613.0,1,2,744.0,82.01840946705593,6.271547803608696,646.0,-33.0
486,1,2,7,492.0,507.0,0,1,44023.0,97.18245354881137,9.77462752085009,353.10526315789474,153.89473684210526
486,1,2,7,492.0,507.0,0,2,34755.0,99.11855014473949,9.221967390826252,442.8666666666667,64.13333333333334
486,1,2,7,492.0,507.0,0,3,2317.0,61.31622991334376,5.583810125967583,552.0,-45.0
486,2,1,8,448.0,864.0,0,1,470180.0,99.28601960447271,9.880327490211393,134.31690140845072,729.6830985915493
486,2,1,8,448.0,864.0,0,2,438685.0,99.87738025372856,9.872823759052146,160.7019867549669,703.2980132450331
486,2,1,8,448.0,864.0,0,3,25364.0,91.67141390533357,5.7607643501449886,175.875,688.125
486,2,1,8,448.0,864.0,1,1,313961.0,99.90075512015471,9.996281159322486,1019.7155635062612,-155.7155635062612
486,2,1,8,448.0,864.0,1,2,305358.0,99.55519494074608,9.99431548037165,1058.1243144424132,-194.12431444241315
486,2,1,8,448.0,864.0,1,3,11760.0,98.32747766047186,9.821531961002508,1140.421052631579,-276.42105263157896
487,1,0,7,190.0,700.0,0,1,105742.0,99.23292593730702,9.94882351493226,128.52272727272728,571.4772727272727
487,1,0,7,190.0,700.0,0,2,122489.0,99.8697281193164,9.92259403511875,92.83333333333333,607.1666666666666
487,1,0,7,190.0,700.0,0,3,2884.0,35.93050214330204,1.0266919281073827,37.0,663.0
487,1,0,7,190.0,700.0,1,1,394430.0,99.98173657534048,9.996556304260304,1852.7760968229954,-1152.7760968229954
487,1,0,7,190.0,700.0,1,2,371558.0,99.83795522136477,9.97350219647571,1883.0570107858243,-1183.0570107858243
487,1,0,7,190.0,700.0,1,3,15779.0,95.1029576900312,9.965863233942558,1893.148148148148,-1193.148148148148
487,2,1,8,448.0,864.0,1,1,7080.0,98.8680418495964,8.92930425807112,722.0666666666667,141.93333333333334
487,2,1,8,448.0,864.0,1,2,4720.0,88.99339872787296,9.798547467950902,858.6,5.4
488,1,0,7,190.0,700.0,1,1,5655.0,95.15063895034308,9.7311444519719,631.4,68.6
488,1,0,7,190.0,700.0,1,2,5278.0,93.26715051539136,9.913643110540796,793.6428571428571,-93.64285714285714
488,1,3,2,237.0,683.0,0,1,335228.0,99.5958855519858,9.954289799957897,108.77118644067797,574.228813559322
488,1,3,2,237.0,683.0,0,2,319782.0,98.68991377920035,9.862113689030746,120.55855855855856,562.4414414414415
488,1,3,2,237.0,683.0,0,3,6568.0,83.76554337810694,6.760382867838192,164.66666666666666,518.3333333333334
488,1,3,2,237.0,683.0,1,1,353703.0,99.92794782219492,9.995690276014347,1100.9948979591836,-417.9948979591837
488,1,3,2,237.0,683.0,1,2,352515.0,99.89417225895744,9.985629043244783,1162.5680272108843,-479.56802721088434
488,1,3,2,237.0,683.0,1,3,15498.0,94.38126761532143,9.59193611653236,1147.2,-464.2
489,1,3,2,237.0,683.0,1,1,10995.0,95.93920074078456,9.401127680274248,589.0666666666667,93.93333333333334
489,1,3,2,237.0,683.0,1,2,10995.0,96.61675004302704,8.78696735960295,765.0666666666667,-82.06666666666666
489,1,3,4,294.0,931.0,0,1,534096.0,99.75465190841464,9.934771511414992,165.85119047619048,765.1488095238095
489,1,3,4,294.0,931.0,0,2,620052.0,98.172782100952,9.93809082133656,193.43016759776538,737.5698324022346
489,1,3,4,294.0,931.0,0,3,25943.0,82.52810719940044,8.686466782250609,197.33333333333334,733.6666666666666
489,1,3,4,294.0,931.0,1,1,292040.0,99.78924142148225,9.948471924565892,1246.6275605214153,-315.62756052141526
489,1,3,4,294.0,931.0,1,2,290587.0,99.97480811974098,9.986076064190522,1270.0788461538461,-339.07884615384614
489,1,3,4,294.0,931.0,1,3,10568.0,97.74804122077822,9.663917320691391,1420.9473684210527,-489.94736842105266
490,1,3,3,384.0,926.0,0,1,449641.0,99.01182138018872,9.672669845388024,164.4820143884892,761.5179856115108
490,1,3,3,384.0,926.0,0,2,436840.0,99.3448302943488,9.96743427512258,147.37062937062936,778.6293706293707
490,1,3,3,384.0,926.0,0,3,21380.0,89.9815965111618,6.9318876656851565,134.83333333333334,791.1666666666666
490,1,3,3,384.0,926.0,1,1,301890.0,99.84870028717522,9.984655362492616,1151.73417721519,-225.73417721518987
490,1,3,3,384.0,926.0,1,2,308408.0,99.91072228160228,9.926372587390423,1176.8774774774774,-250.87747747747747
490,1,3,3,384.0,926.0,1,3,10850.0,98.66761889426115,9.39226161469138,1211.7142857142858,-285.7142857142857
490,1,3,4,294.0,931.0,1,1,24472.0,99.35601012648245,9.869207256927975,724.6428571428571,206.35714285714286
490,1,3,4,294.0,931.0,1,2,13110.0,82.78231538116978,9.257250171347849,742.4666666666667,188.53333333333333
490,1,3,4,294.0,931.0,1,3,874.0,51.27401671838706,3.3222158666773693,792.0,139.0
491,1,3,3,384.0,926.0,1,1,16376.0,98.30970441158938,9.766362212776812,765.304347826087,160.69565217391303
491,1,3,3,384.0,926.0,1,2,10680.0,98.33470738147848,9.738654639066858,835.6666666666666,90.33333333333333
491,1,3,3,384.0,926.0,1,3,712.0,54.4288286669025,0.2930985535451202,917.0,9.0
491,3,1,2,473.0,832.0,0,1,337429.0,98.88162017201432,9.95072134823139,102.5,729.5
491,3,1,2,473.0,832.0,0,2,303138.0,99.8443655335136,9.882300469013916,138.1875,693.8125
491,3,1,2,473.0,832.0,0,3,19063.0,85.61873459838782,9.109691876219072,126.75,705.25
491,3,1,2,473.0,832.0,1,1,297360.0,99.93406979880804,9.998479495902572,1814.3410214168039,-982.341021416804
491,3,1,2,473.0,832.0,1,2,300096.0,99.75973554776392,9.918161908963471,1818.3381877022653,-986.3381877022654
491,3,1,2,473.0,832.0,1,3,11418.0,94.8172361671652,9.467641355619104,1650.5217391304348,-818.5217391304348
492,3,1,2,473.0,832.0,0,1,64740.0,98.87140772247982,9.831827298632623,575.6666666666666,256.3333333333333
492,3,1,2,473.0,832.0,0,2,30212.0,71.07103140062031,9.380101366598556,700.1428571428571,131.85714285714286
492,3,3,5,355.0,739.0,0,1,142674.0,99.4475369037002,9.76535093575384,192.8,546.2
492,3,3,5,355.0,739.0,0,2,201256.0,99.994310621679,9.585261017449374,109.52380952380952,629.4761904761905
492,3,3,5,355.0,739.0,0,3,4383.0,84.08665500454715,9.937368229007564,170.5,568.5
492,3,3,5,355.0,739.0,1,1,360106.0,99.93247726805792,9.988618154402056,2774.9954545454543,-2035.9954545454545
492,3,3,5,355.0,739.0,1,2,349377.0,99.91394148790371,9.99007837211034,2755.5458786936238,-2016.5458786936235
492,3,3,5,355.0,739.0,1,3,11930.0,98.55336631679675,9.822221804147915,2848.653846153846,-2109.653846153846
493,0,1,7,427.0,996.0,0,1,376979.0,99.11293328500751,9.865960157898638,139.06730769230768,856.9326923076923
493,0,1,7,427.0,996.0,0,2,387081.0,99.64756724221806,9.855886090140055,139.0090909090909,856.9909090909091
493,0,1,7,427.0,996.0,0,3,15982.0,66.36407987954841,9.686851336968097,123.2,872.8
493,0,1,7,427.0,996.0,1,1,330069.0,99.95568191885177,9.91724446233958,1677.3661740558293,-681.3661740558292
493,0,1,7,427.0,996.0,1,2,308808.0,99.97050611978482,9.999499428458568,1681.6981757877281,-685.698175787728
493,0,1,7,427.0,996.0,1,3,12171.0,98.81977274590923,9.31382957477586,1743.4347826086957,-747.4347826086956
493,3,3,5,355.0,739.0,1,1,3885.0,75.80110647534086,8.406935296234444,197.57142857142858,541.4285714285714
494,0,1,7,427.0,996.0,1,1,1695.0,99.55311079121222,9.285635891240588,90.26666666666667,905.7333333333333
494,0,1,7,427.0,996.0,1,2,1017.0,91.19736590343446,9.80049114173189,218.77777777777777,777.2222222222222
494,2,1,4,365.0,656.0,0,1,329919.0,99.38396415810278,9.912438851263689,86.66666666666667,569.3333333333334
494,2,1,4,365.0,656.0,0,2,339716.0,99.06227609674268,9.935740015986674,123.20833333333333,532.7916666666666
494,2,1,4,365.0,656.0,0,3,8071.0,69.58801645818215,3.145476973414345,65.0,591.0
494,2,1,4,365.0,656.0,1,1,323476.0,99.99692850016814,9.998461297476446,821.2630718954248,-165.26307189542484
494,2,1,4,365.0,656.0,1,2,332067.0,99.693715640555,9.978764656773624,854.4334975369458,-198.43349753694582
494,2,1,4,365.0,656.0,1,3,13656.0,98.92623052806492,9.807946579053656,756.2307692307693,-100.23076923076923
495,2,1,0,187.0,653.0,0,1,292335.0,99.0132343334938,9.87564670019353,104.8411214953271,548.1588785046729
495,2,1,0,187.0,653.0,0,2,288270.0,99.01767950672502,9.814473353116911,131.42735042735043,521.5726495726495
495,2,1,0,187.0,653.0,0,3,4083.0,54.79680464384163,6.288385610055896,98.5,554.5
495,2,1,0,187.0,653.0,1,1,303690.0,99.94399337510336,9.986269736820882,1179.5936454849498,-526.5936454849499
495,2,1,0,187.0,653.0,1,2,302866.0,99.99208509925894,9.984249895386895,1222.269949066214,-569.2699490662139
495,2,1,0,187.0,653.0,1,3,12616.0,99.21019256488226,9.66525986433993,1174.7692307692307,-521.7692307692307
495,2,1,4,365.0,656.0,1,1,3675.0,99.58372050913736,9.162963180238137,239.53333333333333,416.46666666666664
495,2,1,4,365.0,656.0,1,2,1715.0,89.87134820452896,9.427934200466522,370.7142857142857,285.2857142857143
496,1,2,0,339.0,916.0,0,1,391837.0,99.41075140057612,9.892565187169897,154.93650793650792,761.063492063492
496,1,2,0,339.0,916.0,0,2,308588.0,99.0107151794871,9.80309081673424,154.7549019607843,761.2450980392157
496,1,2,0,339.0,916.0,0,3,14801.0,72.57928876766465,8.561496073138771,140.4,775.6
496,1,2,0,339.0,916.0,1,1,375903.0,99.93870449173669,9.989294776043472,1971.3179487179486,-1055.3179487179486
496,1,2,0,339.0,916.0,1,2,379409.0,99.93425422709032,9.983446959730012,1916.8657937806875,-1000.8657937806875
496,1,2,0,339.0,916.0,1,3,14694.0,98.29904130841486,8.250057263437219,1874.5652173913043,-958.5652173913044
496,2,1,0,187.0,653.0,1,1,4149.0,98.15059629799654,7.652489313777105,495.55555555555554,157.44444444444446
497,1,2,0,339.0,916.0,1,1,11490.0,97.91379541922603,7.897851570390423,656.1333333333333,259.8666666666667
497,1,2,0,339.0,916.0,1,2,10724.0,89.87679912436928,8.313489707972893,796.4285714285714,119.57142857142857
497,2,3,9,379.0,714.0,0,1,416357.0,99.91926233854386,9.985382864961622,129.95652173913044,584.0434782608696
497,2,3,9,379.0,714.0,0,2,450918.0,99.22451624713574,9.891834670149956,125.81632653061224,588.1836734693877
497,2,3,9,379.0,714.0,0,3,21147.0,92.52481471047308,8.61800999498005,131.5,582.5
497,2,3,9,379.0,714.0,1,1,299150.0,99.51147209396194,9.984774626796204,638.3151408450705,75.68485915492958
497,2,3,9,379.0,714.0,1,2,281864.0,99.84802031655786,9.983956579552697,619.3592057761733,94.64079422382672
497,2,3,9,379.0,714.0,1,3,11393.0,99.07950532103712,8.000911764029242,493.6363636363636,220.36363636363637
498,2,2,4,150.0,949.0,0,1,204291.0,96.99176113363352,9.97635770147318,144.55,804.45
498,2,2,4,150.0,949.0,0,2,269590.0,99.64403553037448,9.98200961113588,99.33653846153847,849.6634615384615
498,2,2,4,150.0,949.0,0,3,5942.0,94.5818943026375,9.83267440469968,137.0,812.0
498,2,2,4,150.0,949.0,1,1,363588.0,99.95284054571148,9.951765442997027,1722.1173708920187,-773.1173708920188
498,2,2,4,150.0,949.0,1,2,348899.0,99.93255729280918,9.999258439717051,1754.1986531986531,-805.1986531986532
498,2,2,4,150.0,949.0,1,3,13442.0,89.70227128284327,9.876978676296035,1721.12,-772.12
498,2,3,9,379.0,714.0,1,1,4704.0,94.1261730360687,9.20561232813092,714.9047619047619,-0.9047619047619048
498,2,3,9,379.0,714.0,1,2,3360.0,94.51950755176448,9.314189475072103,817.6,-103.6
498,2,3,9,379.0,714.0,1,3,224.0,89.31840020882086,3.580910883073261,922.0,-208.0
499,2,2,4,150.0,949.0,1,1,6810.0,99.25659875880392,9.246619232627577,424.6,524.4
499,2,2,4,150.0,949.0,1,2,908.0,76.94324255639829,3.224736714123405,522.0,427.0
499,3,3,8,477.0,512.0,0,1,244574.0,99.75240812571896,9.959972150273185,93.91964285714286,418.08035714285717
499,3,3,8,477.0,512.0,0,2,261377.0,99.98714778092094,9.63706122960444,78.74,433.26
499,3,3,8,477.0,512.0,0,3,17338.0,79.46716617982881,9.78999268418195,61.714285714285715,450.2857142857143
499,3,3,8,477.0,512.0,1,1,348512.0,99.8262350373809,9.969136258661688,843.0858585858585,-331.0858585858586
499,3,3,8,477.0,512.0,1,2,357575.0,99.9281573897317,9.979949109792493,872.8464052287582,-360.84640522875816
499,3,3,8,477.0,512.0,1,3,12418.0,92.68465684698084,9.984830485553967,830.3333333333334,-318.3333333333333
500,3,2,8,299.0,710.0,0,1,411708.0,99.04746745658048,9.877987965317656,102.96747967479675,607.0325203252032
500,3,2,8,299.0,710.0,0,2,410915.0,99.79942009672703,9.972541371883388,100.33076923076923,609.6692307692308
500,3,2,8,299.0,710.0,0,3,25980.0,90.1355053521637,8.308001581857896,107.0,603.0
500,3,2,8,299.0,710.0,1,1,329638.0,99.70375050529492,9.992816470686035,1032.3591065292096,-322.3591065292096
500,3,2,8,299.0,710.0,1,2,320319.0,99.82883248737348,9.997947155444178,1037.5686956521738,-327.5686956521739
500,3,2,8,299.0,710.0,1,3,10688.0,94.98515003646718,9.968936852936832,1057.2727272727273,-347.27272727272725
500,3,3,8,477.0,512.0,1,1,13260.0,96.06095077373908,9.871502565874229,820.2666666666667,-308.26666666666665
500,3,3,8,477.0,512.0,1,2,7072.0,84.59680168402107,8.785784323819975,983.0,-471.0
